Line num,29843
packages num,19,34
files num,60,178
Average Line num per featured file,256,6937
,4071
caddyconfig,299
caddyconfig/caddyfile,2549
caddyconfig/httpcaddyfile,0
caddytest,438
caddytest/integration,1506
cmd,1357
cmd/caddy,8
modules/caddyhttp,4843
modules/caddyhttp/caddyauth,482
modules/caddyhttp/encode,622
modules/caddyhttp/encode/brotli,18
modules/caddyhttp/encode/gzip,81
modules/caddyhttp/encode/zstd,48
modules/caddyhttp/fileserver,1865
modules/caddyhttp/headers,605
modules/caddyhttp/map,176
modules/caddyhttp/push,314
modules/caddyhttp/requestbody,59
modules/caddyhttp/reverseproxy,3191
modules/caddyhttp/reverseproxy/fastcgi,1105
modules/caddyhttp/rewrite,661
modules/caddyhttp/standard,18
modules/caddyhttp/templates,853
modules/caddypki,671
modules/caddypki/acmeserver,203
modules/caddytls,2320
modules/caddytls/distributedstek,157
modules/caddytls/standardstek,83
modules/filestorage,57
modules/logging,960
modules/metrics,138
modules/standard,13
notify,72
Filename, #,Concurrent Type, Line number , Number
/Users/nicolasdilley/go/src/github.com/nicolasdilley/gocurrency_tool/projects-gocurrency/caddyserver++caddy/modules/caddytls/matchers_test.go,27,Mutex,83,
/Users/nicolasdilley/go/src/github.com/nicolasdilley/gocurrency_tool/projects-gocurrency/caddyserver++caddy/modules/caddytls/matchers_test.go,27,Mutex,158,
/Users/nicolasdilley/go/src/github.com/nicolasdilley/gocurrency_tool/projects-gocurrency/caddyserver++caddy/modules/caddytls/automation.go,27,Mutex,219,
/Users/nicolasdilley/go/src/github.com/nicolasdilley/gocurrency_tool/projects-gocurrency/caddyserver++caddy/modules/caddytls/automation.go,27,Mutex,392,
/Users/nicolasdilley/go/src/github.com/nicolasdilley/gocurrency_tool/projects-gocurrency/caddyserver++caddy/modules/caddytls/connpolicy.go,27,Mutex,153,
/Users/nicolasdilley/go/src/github.com/nicolasdilley/gocurrency_tool/projects-gocurrency/caddyserver++caddy/modules/caddytls/connpolicy.go,27,Mutex,153,
/Users/nicolasdilley/go/src/github.com/nicolasdilley/gocurrency_tool/projects-gocurrency/caddyserver++caddy/modules/caddytls/connpolicy.go,27,Mutex,159,
/Users/nicolasdilley/go/src/github.com/nicolasdilley/gocurrency_tool/projects-gocurrency/caddyserver++caddy/modules/caddytls/connpolicy.go,27,Mutex,175,
/Users/nicolasdilley/go/src/github.com/nicolasdilley/gocurrency_tool/projects-gocurrency/caddyserver++caddy/modules/caddytls/sessiontickets.go,4,Synchronous chan,98,
/Users/nicolasdilley/go/src/github.com/nicolasdilley/gocurrency_tool/projects-gocurrency/caddyserver++caddy/modules/caddytls/sessiontickets.go,29,Mutex Lock(),109,
/Users/nicolasdilley/go/src/github.com/nicolasdilley/gocurrency_tool/projects-gocurrency/caddyserver++caddy/modules/caddytls/sessiontickets.go,28,Mutex Unlock(),111,
/Users/nicolasdilley/go/src/github.com/nicolasdilley/gocurrency_tool/projects-gocurrency/caddyserver++caddy/modules/caddytls/sessiontickets.go,1,Goroutine,114,
/Users/nicolasdilley/go/src/github.com/nicolasdilley/gocurrency_tool/projects-gocurrency/caddyserver++caddy/modules/caddytls/sessiontickets.go,16,Select (number of branch),136,2
/Users/nicolasdilley/go/src/github.com/nicolasdilley/gocurrency_tool/projects-gocurrency/caddyserver++caddy/modules/caddytls/sessiontickets.go,2,Receive,137,
/Users/nicolasdilley/go/src/github.com/nicolasdilley/gocurrency_tool/projects-gocurrency/caddyserver++caddy/modules/caddytls/sessiontickets.go,29,Mutex Lock(),138,
/Users/nicolasdilley/go/src/github.com/nicolasdilley/gocurrency_tool/projects-gocurrency/caddyserver++caddy/modules/caddytls/sessiontickets.go,28,Mutex Unlock(),141,
/Users/nicolasdilley/go/src/github.com/nicolasdilley/gocurrency_tool/projects-gocurrency/caddyserver++caddy/modules/caddytls/sessiontickets.go,2,Receive,145,
/Users/nicolasdilley/go/src/github.com/nicolasdilley/gocurrency_tool/projects-gocurrency/caddyserver++caddy/modules/caddytls/sessiontickets.go,29,Mutex Lock(),169,
/Users/nicolasdilley/go/src/github.com/nicolasdilley/gocurrency_tool/projects-gocurrency/caddyserver++caddy/modules/caddytls/sessiontickets.go,28,Mutex Unlock(),172,
/Users/nicolasdilley/go/src/github.com/nicolasdilley/gocurrency_tool/projects-gocurrency/caddyserver++caddy/modules/caddytls/sessiontickets.go,29,Mutex Lock(),183,
/Users/nicolasdilley/go/src/github.com/nicolasdilley/gocurrency_tool/projects-gocurrency/caddyserver++caddy/modules/caddytls/sessiontickets.go,28,Mutex Unlock(),185,
/Users/nicolasdilley/go/src/github.com/nicolasdilley/gocurrency_tool/projects-gocurrency/caddyserver++caddy/modules/caddytls/internalissuer.go,27,Mutex,80,
/Users/nicolasdilley/go/src/github.com/nicolasdilley/gocurrency_tool/projects-gocurrency/caddyserver++caddy/modules/caddytls/internalissuer.go,27,Mutex,106,
/Users/nicolasdilley/go/src/github.com/nicolasdilley/gocurrency_tool/projects-gocurrency/caddyserver++caddy/modules/caddytls/internalissuer.go,27,Mutex,106,
/Users/nicolasdilley/go/src/github.com/nicolasdilley/gocurrency_tool/projects-gocurrency/caddyserver++caddy/modules/caddytls/internalissuer.go,27,Mutex,106,
/Users/nicolasdilley/go/src/github.com/nicolasdilley/gocurrency_tool/projects-gocurrency/caddyserver++caddy/modules/caddytls/internalissuer.go,27,Mutex,106,
/Users/nicolasdilley/go/src/github.com/nicolasdilley/gocurrency_tool/projects-gocurrency/caddyserver++caddy/modules/caddytls/internalissuer.go,27,Mutex,106,
/Users/nicolasdilley/go/src/github.com/nicolasdilley/gocurrency_tool/projects-gocurrency/caddyserver++caddy/modules/caddytls/internalissuer.go,27,Mutex,106,
/Users/nicolasdilley/go/src/github.com/nicolasdilley/gocurrency_tool/projects-gocurrency/caddyserver++caddy/modules/caddytls/internalissuer.go,27,Mutex,106,
/Users/nicolasdilley/go/src/github.com/nicolasdilley/gocurrency_tool/projects-gocurrency/caddyserver++caddy/modules/caddytls/internalissuer.go,27,Mutex,106,
/Users/nicolasdilley/go/src/github.com/nicolasdilley/gocurrency_tool/projects-gocurrency/caddyserver++caddy/modules/caddytls/internalissuer.go,27,Mutex,106,
/Users/nicolasdilley/go/src/github.com/nicolasdilley/gocurrency_tool/projects-gocurrency/caddyserver++caddy/modules/caddytls/tls.go,27,Mutex,189,
/Users/nicolasdilley/go/src/github.com/nicolasdilley/gocurrency_tool/projects-gocurrency/caddyserver++caddy/modules/caddytls/tls.go,4,Synchronous chan,437,
/Users/nicolasdilley/go/src/github.com/nicolasdilley/gocurrency_tool/projects-gocurrency/caddyserver++caddy/modules/caddytls/tls.go,1,Goroutine,438,
/Users/nicolasdilley/go/src/github.com/nicolasdilley/gocurrency_tool/projects-gocurrency/caddyserver++caddy/modules/caddytls/tls.go,16,Select (number of branch),446,2
/Users/nicolasdilley/go/src/github.com/nicolasdilley/gocurrency_tool/projects-gocurrency/caddyserver++caddy/modules/caddytls/tls.go,2,Receive,447,
/Users/nicolasdilley/go/src/github.com/nicolasdilley/gocurrency_tool/projects-gocurrency/caddyserver++caddy/modules/caddytls/tls.go,2,Receive,449,
/Users/nicolasdilley/go/src/github.com/nicolasdilley/gocurrency_tool/projects-gocurrency/caddyserver++caddy/modules/caddytls/tls.go,29,Mutex Lock(),457,
/Users/nicolasdilley/go/src/github.com/nicolasdilley/gocurrency_tool/projects-gocurrency/caddyserver++caddy/modules/caddytls/tls.go,28,Mutex Unlock(),458,
/Users/nicolasdilley/go/src/github.com/nicolasdilley/gocurrency_tool/projects-gocurrency/caddyserver++caddy/modules/caddytls/tls.go,27,Mutex,562,
/Users/nicolasdilley/go/src/github.com/nicolasdilley/gocurrency_tool/projects-gocurrency/caddyserver++caddy/modules/caddytls/zerosslissuer.go,29,Mutex Lock(),163,
/Users/nicolasdilley/go/src/github.com/nicolasdilley/gocurrency_tool/projects-gocurrency/caddyserver++caddy/modules/caddytls/zerosslissuer.go,28,Mutex Unlock(),164,
/Users/nicolasdilley/go/src/github.com/nicolasdilley/gocurrency_tool/projects-gocurrency/caddyserver++caddy/modules/caddypki/acmeserver/caddyfile.go,27,Mutex,43,
/Users/nicolasdilley/go/src/github.com/nicolasdilley/gocurrency_tool/projects-gocurrency/caddyserver++caddy/modules/caddypki/acmeserver/acmeserver.go,27,Mutex,105,
/Users/nicolasdilley/go/src/github.com/nicolasdilley/gocurrency_tool/projects-gocurrency/caddyserver++caddy/modules/caddypki/acmeserver/acmeserver.go,27,Mutex,133,
/Users/nicolasdilley/go/src/github.com/nicolasdilley/gocurrency_tool/projects-gocurrency/caddyserver++caddy/modules/caddypki/acmeserver/acmeserver.go,27,Mutex,133,
/Users/nicolasdilley/go/src/github.com/nicolasdilley/gocurrency_tool/projects-gocurrency/caddyserver++caddy/modules/caddypki/acmeserver/acmeserver.go,27,Mutex,133,
/Users/nicolasdilley/go/src/github.com/nicolasdilley/gocurrency_tool/projects-gocurrency/caddyserver++caddy/modules/caddypki/acmeserver/acmeserver.go,27,Mutex,133,
/Users/nicolasdilley/go/src/github.com/nicolasdilley/gocurrency_tool/projects-gocurrency/caddyserver++caddy/modules/caddypki/acmeserver/acmeserver.go,27,Mutex,133,
/Users/nicolasdilley/go/src/github.com/nicolasdilley/gocurrency_tool/projects-gocurrency/caddyserver++caddy/modules/caddypki/acmeserver/acmeserver.go,27,Mutex,133,
/Users/nicolasdilley/go/src/github.com/nicolasdilley/gocurrency_tool/projects-gocurrency/caddyserver++caddy/modules/caddypki/acmeserver/acmeserver.go,27,Mutex,133,
/Users/nicolasdilley/go/src/github.com/nicolasdilley/gocurrency_tool/projects-gocurrency/caddyserver++caddy/modules/caddypki/acmeserver/acmeserver.go,27,Mutex,133,
/Users/nicolasdilley/go/src/github.com/nicolasdilley/gocurrency_tool/projects-gocurrency/caddyserver++caddy/modules/caddypki/acmeserver/acmeserver.go,27,Mutex,133,
/Users/nicolasdilley/go/src/github.com/nicolasdilley/gocurrency_tool/projects-gocurrency/caddyserver++caddy/modules/caddypki/acmeserver/acmeserver.go,27,Mutex,221,
/Users/nicolasdilley/go/src/github.com/nicolasdilley/gocurrency_tool/projects-gocurrency/caddyserver++caddy/modules/caddytls/distributedstek/distributedstek.go,20,Receive only chan (<-chan),110,
/Users/nicolasdilley/go/src/github.com/nicolasdilley/gocurrency_tool/projects-gocurrency/caddyserver++caddy/modules/caddytls/distributedstek/distributedstek.go,4,Synchronous chan,111,
/Users/nicolasdilley/go/src/github.com/nicolasdilley/gocurrency_tool/projects-gocurrency/caddyserver++caddy/modules/caddytls/distributedstek/distributedstek.go,1,Goroutine,112,
/Users/nicolasdilley/go/src/github.com/nicolasdilley/gocurrency_tool/projects-gocurrency/caddyserver++caddy/modules/caddytls/distributedstek/distributedstek.go,27,Mutex,122,
/Users/nicolasdilley/go/src/github.com/nicolasdilley/gocurrency_tool/projects-gocurrency/caddyserver++caddy/modules/caddytls/distributedstek/distributedstek.go,27,Mutex,122,
/Users/nicolasdilley/go/src/github.com/nicolasdilley/gocurrency_tool/projects-gocurrency/caddyserver++caddy/modules/caddytls/distributedstek/distributedstek.go,20,Receive only chan (<-chan),204,
/Users/nicolasdilley/go/src/github.com/nicolasdilley/gocurrency_tool/projects-gocurrency/caddyserver++caddy/modules/caddytls/distributedstek/distributedstek.go,21,Send only chan (chan<-),204,
/Users/nicolasdilley/go/src/github.com/nicolasdilley/gocurrency_tool/projects-gocurrency/caddyserver++caddy/modules/caddytls/distributedstek/distributedstek.go,16,Select (number of branch),211,2
/Users/nicolasdilley/go/src/github.com/nicolasdilley/gocurrency_tool/projects-gocurrency/caddyserver++caddy/modules/caddytls/distributedstek/distributedstek.go,2,Receive,212,
/Users/nicolasdilley/go/src/github.com/nicolasdilley/gocurrency_tool/projects-gocurrency/caddyserver++caddy/modules/caddytls/distributedstek/distributedstek.go,3,Send,221,
/Users/nicolasdilley/go/src/github.com/nicolasdilley/gocurrency_tool/projects-gocurrency/caddyserver++caddy/modules/caddytls/distributedstek/distributedstek.go,2,Receive,226,
/Users/nicolasdilley/go/src/github.com/nicolasdilley/gocurrency_tool/projects-gocurrency/caddyserver++caddy/modules/caddytls/distributedstek/distributedstek.go,2,Receive,229,
/Users/nicolasdilley/go/src/github.com/nicolasdilley/gocurrency_tool/projects-gocurrency/caddyserver++caddy/modules/caddytls/standardstek/stek.go,20,Receive only chan (<-chan),76,
/Users/nicolasdilley/go/src/github.com/nicolasdilley/gocurrency_tool/projects-gocurrency/caddyserver++caddy/modules/caddytls/standardstek/stek.go,4,Synchronous chan,77,
/Users/nicolasdilley/go/src/github.com/nicolasdilley/gocurrency_tool/projects-gocurrency/caddyserver++caddy/modules/caddytls/standardstek/stek.go,1,Goroutine,78,
/Users/nicolasdilley/go/src/github.com/nicolasdilley/gocurrency_tool/projects-gocurrency/caddyserver++caddy/modules/caddytls/standardstek/stek.go,20,Receive only chan (<-chan),84,
/Users/nicolasdilley/go/src/github.com/nicolasdilley/gocurrency_tool/projects-gocurrency/caddyserver++caddy/modules/caddytls/standardstek/stek.go,21,Send only chan (chan<-),84,
/Users/nicolasdilley/go/src/github.com/nicolasdilley/gocurrency_tool/projects-gocurrency/caddyserver++caddy/modules/caddytls/standardstek/stek.go,16,Select (number of branch),91,2
/Users/nicolasdilley/go/src/github.com/nicolasdilley/gocurrency_tool/projects-gocurrency/caddyserver++caddy/modules/caddytls/standardstek/stek.go,2,Receive,92,
/Users/nicolasdilley/go/src/github.com/nicolasdilley/gocurrency_tool/projects-gocurrency/caddyserver++caddy/modules/caddytls/standardstek/stek.go,3,Send,115,
/Users/nicolasdilley/go/src/github.com/nicolasdilley/gocurrency_tool/projects-gocurrency/caddyserver++caddy/modules/caddytls/standardstek/stek.go,2,Receive,120,
/Users/nicolasdilley/go/src/github.com/nicolasdilley/gocurrency_tool/projects-gocurrency/caddyserver++caddy/modules/caddytls/standardstek/stek.go,2,Receive,123,
/Users/nicolasdilley/go/src/github.com/nicolasdilley/gocurrency_tool/projects-gocurrency/caddyserver++caddy/modules/caddytls/standardstek/stek.go,27,Mutex,133,
/Users/nicolasdilley/go/src/github.com/nicolasdilley/gocurrency_tool/projects-gocurrency/caddyserver++caddy/modules/caddypki/pki.go,27,Mutex,58,
/Users/nicolasdilley/go/src/github.com/nicolasdilley/gocurrency_tool/projects-gocurrency/caddyserver++caddy/modules/caddypki/pki.go,1,Goroutine,95,
/Users/nicolasdilley/go/src/github.com/nicolasdilley/gocurrency_tool/projects-gocurrency/caddyserver++caddy/modules/caddypki/ca.go,27,Mutex,209,
/Users/nicolasdilley/go/src/github.com/nicolasdilley/gocurrency_tool/projects-gocurrency/caddyserver++caddy/modules/caddypki/ca.go,27,Mutex,209,
/Users/nicolasdilley/go/src/github.com/nicolasdilley/gocurrency_tool/projects-gocurrency/caddyserver++caddy/modules/caddypki/ca.go,27,Mutex,209,
/Users/nicolasdilley/go/src/github.com/nicolasdilley/gocurrency_tool/projects-gocurrency/caddyserver++caddy/modules/caddypki/ca.go,27,Mutex,209,
/Users/nicolasdilley/go/src/github.com/nicolasdilley/gocurrency_tool/projects-gocurrency/caddyserver++caddy/modules/caddypki/ca.go,27,Mutex,209,
/Users/nicolasdilley/go/src/github.com/nicolasdilley/gocurrency_tool/projects-gocurrency/caddyserver++caddy/modules/caddypki/ca.go,27,Mutex,209,
/Users/nicolasdilley/go/src/github.com/nicolasdilley/gocurrency_tool/projects-gocurrency/caddyserver++caddy/modules/caddypki/ca.go,27,Mutex,209,
/Users/nicolasdilley/go/src/github.com/nicolasdilley/gocurrency_tool/projects-gocurrency/caddyserver++caddy/modules/caddypki/ca.go,27,Mutex,209,
/Users/nicolasdilley/go/src/github.com/nicolasdilley/gocurrency_tool/projects-gocurrency/caddyserver++caddy/modules/caddypki/ca.go,27,Mutex,209,
/Users/nicolasdilley/go/src/github.com/nicolasdilley/gocurrency_tool/projects-gocurrency/caddyserver++caddy/modules/caddypki/command.go,27,Mutex,88,
/Users/nicolasdilley/go/src/github.com/nicolasdilley/gocurrency_tool/projects-gocurrency/caddyserver++caddy/modules/caddypki/maintain.go,16,Select (number of branch),38,2
/Users/nicolasdilley/go/src/github.com/nicolasdilley/gocurrency_tool/projects-gocurrency/caddyserver++caddy/modules/caddypki/maintain.go,2,Receive,39,
/Users/nicolasdilley/go/src/github.com/nicolasdilley/gocurrency_tool/projects-gocurrency/caddyserver++caddy/modules/caddypki/maintain.go,2,Receive,41,
/Users/nicolasdilley/go/src/github.com/nicolasdilley/gocurrency_tool/projects-gocurrency/caddyserver++caddy/modules/caddyhttp/reverseproxy/caddyfile.go,27,Mutex,682,
/Users/nicolasdilley/go/src/github.com/nicolasdilley/gocurrency_tool/projects-gocurrency/caddyserver++caddy/modules/caddyhttp/reverseproxy/caddyfile.go,27,Mutex,682,
/Users/nicolasdilley/go/src/github.com/nicolasdilley/gocurrency_tool/projects-gocurrency/caddyserver++caddy/modules/caddyhttp/reverseproxy/caddyfile.go,27,Mutex,682,
/Users/nicolasdilley/go/src/github.com/nicolasdilley/gocurrency_tool/projects-gocurrency/caddyserver++caddy/modules/caddyhttp/reverseproxy/caddyfile.go,27,Mutex,682,
/Users/nicolasdilley/go/src/github.com/nicolasdilley/gocurrency_tool/projects-gocurrency/caddyserver++caddy/modules/caddyhttp/reverseproxy/caddyfile.go,27,Mutex,682,
/Users/nicolasdilley/go/src/github.com/nicolasdilley/gocurrency_tool/projects-gocurrency/caddyserver++caddy/modules/caddyhttp/reverseproxy/caddyfile.go,27,Mutex,682,
/Users/nicolasdilley/go/src/github.com/nicolasdilley/gocurrency_tool/projects-gocurrency/caddyserver++caddy/modules/caddyhttp/reverseproxy/caddyfile.go,27,Mutex,682,
/Users/nicolasdilley/go/src/github.com/nicolasdilley/gocurrency_tool/projects-gocurrency/caddyserver++caddy/modules/caddyhttp/reverseproxy/caddyfile.go,27,Mutex,682,
/Users/nicolasdilley/go/src/github.com/nicolasdilley/gocurrency_tool/projects-gocurrency/caddyserver++caddy/modules/caddyhttp/reverseproxy/caddyfile.go,27,Mutex,682,
/Users/nicolasdilley/go/src/github.com/nicolasdilley/gocurrency_tool/projects-gocurrency/caddyserver++caddy/modules/caddyhttp/reverseproxy/caddyfile.go,27,Mutex,682,
/Users/nicolasdilley/go/src/github.com/nicolasdilley/gocurrency_tool/projects-gocurrency/caddyserver++caddy/modules/caddyhttp/reverseproxy/command.go,27,Mutex,131,
/Users/nicolasdilley/go/src/github.com/nicolasdilley/gocurrency_tool/projects-gocurrency/caddyserver++caddy/modules/caddyhttp/reverseproxy/command.go,27,Mutex,131,
/Users/nicolasdilley/go/src/github.com/nicolasdilley/gocurrency_tool/projects-gocurrency/caddyserver++caddy/modules/caddyhttp/reverseproxy/command.go,27,Mutex,131,
/Users/nicolasdilley/go/src/github.com/nicolasdilley/gocurrency_tool/projects-gocurrency/caddyserver++caddy/modules/caddyhttp/reverseproxy/command.go,27,Mutex,131,
/Users/nicolasdilley/go/src/github.com/nicolasdilley/gocurrency_tool/projects-gocurrency/caddyserver++caddy/modules/caddyhttp/reverseproxy/command.go,27,Mutex,131,
/Users/nicolasdilley/go/src/github.com/nicolasdilley/gocurrency_tool/projects-gocurrency/caddyserver++caddy/modules/caddyhttp/reverseproxy/command.go,27,Mutex,131,
/Users/nicolasdilley/go/src/github.com/nicolasdilley/gocurrency_tool/projects-gocurrency/caddyserver++caddy/modules/caddyhttp/reverseproxy/command.go,27,Mutex,131,
/Users/nicolasdilley/go/src/github.com/nicolasdilley/gocurrency_tool/projects-gocurrency/caddyserver++caddy/modules/caddyhttp/reverseproxy/command.go,27,Mutex,131,
/Users/nicolasdilley/go/src/github.com/nicolasdilley/gocurrency_tool/projects-gocurrency/caddyserver++caddy/modules/caddyhttp/reverseproxy/command.go,27,Mutex,131,
/Users/nicolasdilley/go/src/github.com/nicolasdilley/gocurrency_tool/projects-gocurrency/caddyserver++caddy/modules/caddyhttp/reverseproxy/command.go,27,Mutex,131,
/Users/nicolasdilley/go/src/github.com/nicolasdilley/gocurrency_tool/projects-gocurrency/caddyserver++caddy/modules/caddyhttp/reverseproxy/command.go,27,Mutex,167,
/Users/nicolasdilley/go/src/github.com/nicolasdilley/gocurrency_tool/projects-gocurrency/caddyserver++caddy/modules/caddyhttp/reverseproxy/command.go,27,Mutex,167,
/Users/nicolasdilley/go/src/github.com/nicolasdilley/gocurrency_tool/projects-gocurrency/caddyserver++caddy/modules/caddyhttp/reverseproxy/command.go,27,Mutex,167,
/Users/nicolasdilley/go/src/github.com/nicolasdilley/gocurrency_tool/projects-gocurrency/caddyserver++caddy/modules/caddyhttp/reverseproxy/command.go,27,Mutex,167,
/Users/nicolasdilley/go/src/github.com/nicolasdilley/gocurrency_tool/projects-gocurrency/caddyserver++caddy/modules/caddyhttp/reverseproxy/command.go,27,Mutex,172,
/Users/nicolasdilley/go/src/github.com/nicolasdilley/gocurrency_tool/projects-gocurrency/caddyserver++caddy/modules/caddyhttp/reverseproxy/command.go,16,Select (number of branch),190,0
/Users/nicolasdilley/go/src/github.com/nicolasdilley/gocurrency_tool/projects-gocurrency/caddyserver++caddy/modules/caddyhttp/reverseproxy/healthchecks.go,16,Select (number of branch),142,2
/Users/nicolasdilley/go/src/github.com/nicolasdilley/gocurrency_tool/projects-gocurrency/caddyserver++caddy/modules/caddyhttp/reverseproxy/healthchecks.go,2,Receive,143,
/Users/nicolasdilley/go/src/github.com/nicolasdilley/gocurrency_tool/projects-gocurrency/caddyserver++caddy/modules/caddyhttp/reverseproxy/healthchecks.go,2,Receive,145,
/Users/nicolasdilley/go/src/github.com/nicolasdilley/gocurrency_tool/projects-gocurrency/caddyserver++caddy/modules/caddyhttp/reverseproxy/healthchecks.go,5,Go in for,156,
/Users/nicolasdilley/go/src/github.com/nicolasdilley/gocurrency_tool/projects-gocurrency/caddyserver++caddy/modules/caddyhttp/reverseproxy/healthchecks.go,1,Goroutine,156,
/Users/nicolasdilley/go/src/github.com/nicolasdilley/gocurrency_tool/projects-gocurrency/caddyserver++caddy/modules/caddyhttp/reverseproxy/healthchecks.go,1,Goroutine,379,
/Users/nicolasdilley/go/src/github.com/nicolasdilley/gocurrency_tool/projects-gocurrency/caddyserver++caddy/modules/caddyhttp/reverseproxy/hosts.go,27,Mutex,274,
/Users/nicolasdilley/go/src/github.com/nicolasdilley/gocurrency_tool/projects-gocurrency/caddyserver++caddy/modules/caddyhttp/reverseproxy/httptransport.go,27,Mutex,117,
/Users/nicolasdilley/go/src/github.com/nicolasdilley/gocurrency_tool/projects-gocurrency/caddyserver++caddy/modules/caddyhttp/reverseproxy/httptransport.go,27,Mutex,117,
/Users/nicolasdilley/go/src/github.com/nicolasdilley/gocurrency_tool/projects-gocurrency/caddyserver++caddy/modules/caddyhttp/reverseproxy/httptransport.go,27,Mutex,117,
/Users/nicolasdilley/go/src/github.com/nicolasdilley/gocurrency_tool/projects-gocurrency/caddyserver++caddy/modules/caddyhttp/reverseproxy/httptransport.go,27,Mutex,117,
/Users/nicolasdilley/go/src/github.com/nicolasdilley/gocurrency_tool/projects-gocurrency/caddyserver++caddy/modules/caddyhttp/reverseproxy/httptransport.go,27,Mutex,117,
/Users/nicolasdilley/go/src/github.com/nicolasdilley/gocurrency_tool/projects-gocurrency/caddyserver++caddy/modules/caddyhttp/reverseproxy/httptransport.go,27,Mutex,117,
/Users/nicolasdilley/go/src/github.com/nicolasdilley/gocurrency_tool/projects-gocurrency/caddyserver++caddy/modules/caddyhttp/reverseproxy/httptransport.go,27,Mutex,131,
/Users/nicolasdilley/go/src/github.com/nicolasdilley/gocurrency_tool/projects-gocurrency/caddyserver++caddy/modules/caddyhttp/reverseproxy/httptransport.go,27,Mutex,131,
/Users/nicolasdilley/go/src/github.com/nicolasdilley/gocurrency_tool/projects-gocurrency/caddyserver++caddy/modules/caddyhttp/reverseproxy/httptransport.go,27,Mutex,131,
/Users/nicolasdilley/go/src/github.com/nicolasdilley/gocurrency_tool/projects-gocurrency/caddyserver++caddy/modules/caddyhttp/reverseproxy/httptransport.go,27,Mutex,131,
/Users/nicolasdilley/go/src/github.com/nicolasdilley/gocurrency_tool/projects-gocurrency/caddyserver++caddy/modules/caddyhttp/reverseproxy/httptransport.go,27,Mutex,131,
/Users/nicolasdilley/go/src/github.com/nicolasdilley/gocurrency_tool/projects-gocurrency/caddyserver++caddy/modules/caddyhttp/reverseproxy/httptransport.go,27,Mutex,131,
/Users/nicolasdilley/go/src/github.com/nicolasdilley/gocurrency_tool/projects-gocurrency/caddyserver++caddy/modules/caddyhttp/reverseproxy/httptransport.go,27,Mutex,131,
/Users/nicolasdilley/go/src/github.com/nicolasdilley/gocurrency_tool/projects-gocurrency/caddyserver++caddy/modules/caddyhttp/reverseproxy/httptransport.go,27,Mutex,150,
/Users/nicolasdilley/go/src/github.com/nicolasdilley/gocurrency_tool/projects-gocurrency/caddyserver++caddy/modules/caddyhttp/reverseproxy/httptransport.go,27,Mutex,166,
/Users/nicolasdilley/go/src/github.com/nicolasdilley/gocurrency_tool/projects-gocurrency/caddyserver++caddy/modules/caddyhttp/reverseproxy/httptransport.go,27,Mutex,180,
/Users/nicolasdilley/go/src/github.com/nicolasdilley/gocurrency_tool/projects-gocurrency/caddyserver++caddy/modules/caddyhttp/reverseproxy/httptransport.go,27,Mutex,180,
/Users/nicolasdilley/go/src/github.com/nicolasdilley/gocurrency_tool/projects-gocurrency/caddyserver++caddy/modules/caddyhttp/reverseproxy/httptransport.go,27,Mutex,180,
/Users/nicolasdilley/go/src/github.com/nicolasdilley/gocurrency_tool/projects-gocurrency/caddyserver++caddy/modules/caddyhttp/reverseproxy/httptransport.go,27,Mutex,180,
/Users/nicolasdilley/go/src/github.com/nicolasdilley/gocurrency_tool/projects-gocurrency/caddyserver++caddy/modules/caddyhttp/reverseproxy/httptransport.go,27,Mutex,180,
/Users/nicolasdilley/go/src/github.com/nicolasdilley/gocurrency_tool/projects-gocurrency/caddyserver++caddy/modules/caddyhttp/reverseproxy/httptransport.go,27,Mutex,180,
/Users/nicolasdilley/go/src/github.com/nicolasdilley/gocurrency_tool/projects-gocurrency/caddyserver++caddy/modules/caddyhttp/reverseproxy/httptransport.go,27,Mutex,316,
/Users/nicolasdilley/go/src/github.com/nicolasdilley/gocurrency_tool/projects-gocurrency/caddyserver++caddy/modules/caddyhttp/reverseproxy/httptransport.go,27,Mutex,338,
/Users/nicolasdilley/go/src/github.com/nicolasdilley/gocurrency_tool/projects-gocurrency/caddyserver++caddy/modules/caddyhttp/reverseproxy/httptransport.go,27,Mutex,338,
/Users/nicolasdilley/go/src/github.com/nicolasdilley/gocurrency_tool/projects-gocurrency/caddyserver++caddy/modules/caddyhttp/reverseproxy/reverseproxy.go,27,Mutex,207,
/Users/nicolasdilley/go/src/github.com/nicolasdilley/gocurrency_tool/projects-gocurrency/caddyserver++caddy/modules/caddyhttp/reverseproxy/reverseproxy.go,27,Mutex,207,
/Users/nicolasdilley/go/src/github.com/nicolasdilley/gocurrency_tool/projects-gocurrency/caddyserver++caddy/modules/caddyhttp/reverseproxy/reverseproxy.go,27,Mutex,207,
/Users/nicolasdilley/go/src/github.com/nicolasdilley/gocurrency_tool/projects-gocurrency/caddyserver++caddy/modules/caddyhttp/reverseproxy/reverseproxy.go,27,Mutex,207,
/Users/nicolasdilley/go/src/github.com/nicolasdilley/gocurrency_tool/projects-gocurrency/caddyserver++caddy/modules/caddyhttp/reverseproxy/reverseproxy.go,27,Mutex,207,
/Users/nicolasdilley/go/src/github.com/nicolasdilley/gocurrency_tool/projects-gocurrency/caddyserver++caddy/modules/caddyhttp/reverseproxy/reverseproxy.go,27,Mutex,207,
/Users/nicolasdilley/go/src/github.com/nicolasdilley/gocurrency_tool/projects-gocurrency/caddyserver++caddy/modules/caddyhttp/reverseproxy/reverseproxy.go,27,Mutex,207,
/Users/nicolasdilley/go/src/github.com/nicolasdilley/gocurrency_tool/projects-gocurrency/caddyserver++caddy/modules/caddyhttp/reverseproxy/reverseproxy.go,27,Mutex,207,
/Users/nicolasdilley/go/src/github.com/nicolasdilley/gocurrency_tool/projects-gocurrency/caddyserver++caddy/modules/caddyhttp/reverseproxy/reverseproxy.go,27,Mutex,207,
/Users/nicolasdilley/go/src/github.com/nicolasdilley/gocurrency_tool/projects-gocurrency/caddyserver++caddy/modules/caddyhttp/reverseproxy/reverseproxy.go,27,Mutex,207,
/Users/nicolasdilley/go/src/github.com/nicolasdilley/gocurrency_tool/projects-gocurrency/caddyserver++caddy/modules/caddyhttp/reverseproxy/reverseproxy.go,1,Goroutine,338,
/Users/nicolasdilley/go/src/github.com/nicolasdilley/gocurrency_tool/projects-gocurrency/caddyserver++caddy/modules/caddyhttp/reverseproxy/reverseproxy.go,16,Select (number of branch),765,2
/Users/nicolasdilley/go/src/github.com/nicolasdilley/gocurrency_tool/projects-gocurrency/caddyserver++caddy/modules/caddyhttp/reverseproxy/reverseproxy.go,2,Receive,766,
/Users/nicolasdilley/go/src/github.com/nicolasdilley/gocurrency_tool/projects-gocurrency/caddyserver++caddy/modules/caddyhttp/reverseproxy/reverseproxy.go,2,Receive,768,
/Users/nicolasdilley/go/src/github.com/nicolasdilley/gocurrency_tool/projects-gocurrency/caddyserver++caddy/modules/caddyhttp/reverseproxy/streaming.go,4,Synchronous chan,57,
/Users/nicolasdilley/go/src/github.com/nicolasdilley/gocurrency_tool/projects-gocurrency/caddyserver++caddy/modules/caddyhttp/reverseproxy/streaming.go,1,Goroutine,58,
/Users/nicolasdilley/go/src/github.com/nicolasdilley/gocurrency_tool/projects-gocurrency/caddyserver++caddy/modules/caddyhttp/reverseproxy/streaming.go,16,Select (number of branch),61,2
/Users/nicolasdilley/go/src/github.com/nicolasdilley/gocurrency_tool/projects-gocurrency/caddyserver++caddy/modules/caddyhttp/reverseproxy/streaming.go,2,Receive,62,
/Users/nicolasdilley/go/src/github.com/nicolasdilley/gocurrency_tool/projects-gocurrency/caddyserver++caddy/modules/caddyhttp/reverseproxy/streaming.go,2,Receive,63,
/Users/nicolasdilley/go/src/github.com/nicolasdilley/gocurrency_tool/projects-gocurrency/caddyserver++caddy/modules/caddyhttp/reverseproxy/streaming.go,15,Close chan,67,
/Users/nicolasdilley/go/src/github.com/nicolasdilley/gocurrency_tool/projects-gocurrency/caddyserver++caddy/modules/caddyhttp/reverseproxy/streaming.go,8,Known chan length (length),95,1
/Users/nicolasdilley/go/src/github.com/nicolasdilley/gocurrency_tool/projects-gocurrency/caddyserver++caddy/modules/caddyhttp/reverseproxy/streaming.go,1,Goroutine,97,
/Users/nicolasdilley/go/src/github.com/nicolasdilley/gocurrency_tool/projects-gocurrency/caddyserver++caddy/modules/caddyhttp/reverseproxy/streaming.go,1,Goroutine,98,
/Users/nicolasdilley/go/src/github.com/nicolasdilley/gocurrency_tool/projects-gocurrency/caddyserver++caddy/modules/caddyhttp/reverseproxy/streaming.go,2,Receive,99,
/Users/nicolasdilley/go/src/github.com/nicolasdilley/gocurrency_tool/projects-gocurrency/caddyserver++caddy/modules/caddyhttp/reverseproxy/streaming.go,27,Mutex,147,
/Users/nicolasdilley/go/src/github.com/nicolasdilley/gocurrency_tool/projects-gocurrency/caddyserver++caddy/modules/caddyhttp/reverseproxy/streaming.go,29,Mutex Lock(),222,
/Users/nicolasdilley/go/src/github.com/nicolasdilley/gocurrency_tool/projects-gocurrency/caddyserver++caddy/modules/caddyhttp/reverseproxy/streaming.go,28,Mutex Unlock(),223,
/Users/nicolasdilley/go/src/github.com/nicolasdilley/gocurrency_tool/projects-gocurrency/caddyserver++caddy/modules/caddyhttp/reverseproxy/streaming.go,29,Mutex Lock(),242,
/Users/nicolasdilley/go/src/github.com/nicolasdilley/gocurrency_tool/projects-gocurrency/caddyserver++caddy/modules/caddyhttp/reverseproxy/streaming.go,28,Mutex Unlock(),243,
/Users/nicolasdilley/go/src/github.com/nicolasdilley/gocurrency_tool/projects-gocurrency/caddyserver++caddy/modules/caddyhttp/reverseproxy/streaming.go,29,Mutex Lock(),252,
/Users/nicolasdilley/go/src/github.com/nicolasdilley/gocurrency_tool/projects-gocurrency/caddyserver++caddy/modules/caddyhttp/reverseproxy/streaming.go,28,Mutex Unlock(),253,
/Users/nicolasdilley/go/src/github.com/nicolasdilley/gocurrency_tool/projects-gocurrency/caddyserver++caddy/modules/caddyhttp/reverseproxy/streaming.go,21,Send only chan (chan<-),266,
/Users/nicolasdilley/go/src/github.com/nicolasdilley/gocurrency_tool/projects-gocurrency/caddyserver++caddy/modules/caddyhttp/reverseproxy/streaming.go,3,Send,268,
/Users/nicolasdilley/go/src/github.com/nicolasdilley/gocurrency_tool/projects-gocurrency/caddyserver++caddy/modules/caddyhttp/reverseproxy/streaming.go,21,Send only chan (chan<-),271,
/Users/nicolasdilley/go/src/github.com/nicolasdilley/gocurrency_tool/projects-gocurrency/caddyserver++caddy/modules/caddyhttp/reverseproxy/streaming.go,3,Send,273,
/Users/nicolasdilley/go/src/github.com/nicolasdilley/gocurrency_tool/projects-gocurrency/caddyserver++caddy/modules/caddyhttp/fileserver/browse.go,27,Mutex,116,
/Users/nicolasdilley/go/src/github.com/nicolasdilley/gocurrency_tool/projects-gocurrency/caddyserver++caddy/modules/caddyhttp/fileserver/browse.go,27,Mutex,179,
/Users/nicolasdilley/go/src/github.com/nicolasdilley/gocurrency_tool/projects-gocurrency/caddyserver++caddy/modules/caddyhttp/fileserver/command.go,27,Mutex,98,
/Users/nicolasdilley/go/src/github.com/nicolasdilley/gocurrency_tool/projects-gocurrency/caddyserver++caddy/modules/caddyhttp/fileserver/command.go,27,Mutex,98,
/Users/nicolasdilley/go/src/github.com/nicolasdilley/gocurrency_tool/projects-gocurrency/caddyserver++caddy/modules/caddyhttp/fileserver/command.go,27,Mutex,98,
/Users/nicolasdilley/go/src/github.com/nicolasdilley/gocurrency_tool/projects-gocurrency/caddyserver++caddy/modules/caddyhttp/fileserver/command.go,27,Mutex,98,
/Users/nicolasdilley/go/src/github.com/nicolasdilley/gocurrency_tool/projects-gocurrency/caddyserver++caddy/modules/caddyhttp/fileserver/command.go,27,Mutex,116,
/Users/nicolasdilley/go/src/github.com/nicolasdilley/gocurrency_tool/projects-gocurrency/caddyserver++caddy/modules/caddyhttp/fileserver/command.go,16,Select (number of branch),134,0
/Users/nicolasdilley/go/src/github.com/nicolasdilley/gocurrency_tool/projects-gocurrency/caddyserver++caddy/caddyconfig/httploader.go,27,Mutex,106,
/Users/nicolasdilley/go/src/github.com/nicolasdilley/gocurrency_tool/projects-gocurrency/caddyserver++caddy/cmd/packagesfuncs.go,27,Mutex,223,
/Users/nicolasdilley/go/src/github.com/nicolasdilley/gocurrency_tool/projects-gocurrency/caddyserver++caddy/cmd/packagesfuncs.go,27,Mutex,234,
/Users/nicolasdilley/go/src/github.com/nicolasdilley/gocurrency_tool/projects-gocurrency/caddyserver++caddy/cmd/commandfuncs.go,27,Mutex,67,
/Users/nicolasdilley/go/src/github.com/nicolasdilley/gocurrency_tool/projects-gocurrency/caddyserver++caddy/cmd/commandfuncs.go,1,Goroutine,102,
/Users/nicolasdilley/go/src/github.com/nicolasdilley/gocurrency_tool/projects-gocurrency/caddyserver++caddy/cmd/commandfuncs.go,4,Synchronous chan,116,
/Users/nicolasdilley/go/src/github.com/nicolasdilley/gocurrency_tool/projects-gocurrency/caddyserver++caddy/cmd/commandfuncs.go,4,Synchronous chan,116,
/Users/nicolasdilley/go/src/github.com/nicolasdilley/gocurrency_tool/projects-gocurrency/caddyserver++caddy/cmd/commandfuncs.go,1,Goroutine,119,
/Users/nicolasdilley/go/src/github.com/nicolasdilley/gocurrency_tool/projects-gocurrency/caddyserver++caddy/cmd/commandfuncs.go,15,Close chan,130,
/Users/nicolasdilley/go/src/github.com/nicolasdilley/gocurrency_tool/projects-gocurrency/caddyserver++caddy/cmd/commandfuncs.go,1,Goroutine,138,
/Users/nicolasdilley/go/src/github.com/nicolasdilley/gocurrency_tool/projects-gocurrency/caddyserver++caddy/cmd/commandfuncs.go,3,Send,140,
/Users/nicolasdilley/go/src/github.com/nicolasdilley/gocurrency_tool/projects-gocurrency/caddyserver++caddy/cmd/commandfuncs.go,16,Select (number of branch),144,2
/Users/nicolasdilley/go/src/github.com/nicolasdilley/gocurrency_tool/projects-gocurrency/caddyserver++caddy/cmd/commandfuncs.go,2,Receive,145,
/Users/nicolasdilley/go/src/github.com/nicolasdilley/gocurrency_tool/projects-gocurrency/caddyserver++caddy/cmd/commandfuncs.go,2,Receive,147,
/Users/nicolasdilley/go/src/github.com/nicolasdilley/gocurrency_tool/projects-gocurrency/caddyserver++caddy/cmd/commandfuncs.go,1,Goroutine,243,
/Users/nicolasdilley/go/src/github.com/nicolasdilley/gocurrency_tool/projects-gocurrency/caddyserver++caddy/cmd/commandfuncs.go,16,Select (number of branch),275,0
/Users/nicolasdilley/go/src/github.com/nicolasdilley/gocurrency_tool/projects-gocurrency/caddyserver++caddy/modules/logging/netwriter.go,27,Mutex,89,
/Users/nicolasdilley/go/src/github.com/nicolasdilley/gocurrency_tool/projects-gocurrency/caddyserver++caddy/caddytest/caddytest.go,27,Mutex,67,
/Users/nicolasdilley/go/src/github.com/nicolasdilley/gocurrency_tool/projects-gocurrency/caddyserver++caddy/caddytest/caddytest.go,1,Goroutine,241,
/Users/nicolasdilley/go/src/github.com/nicolasdilley/gocurrency_tool/projects-gocurrency/caddyserver++caddy/caddytest/caddytest.go,27,Mutex,291,
/Users/nicolasdilley/go/src/github.com/nicolasdilley/gocurrency_tool/projects-gocurrency/caddyserver++caddy/caddytest/caddytest.go,27,Mutex,319,
/Users/nicolasdilley/go/src/github.com/nicolasdilley/gocurrency_tool/projects-gocurrency/caddyserver++caddy/caddytest/integration/stream_test.go,27,Mutex,24,
/Users/nicolasdilley/go/src/github.com/nicolasdilley/gocurrency_tool/projects-gocurrency/caddyserver++caddy/caddytest/integration/stream_test.go,27,Mutex,102,
/Users/nicolasdilley/go/src/github.com/nicolasdilley/gocurrency_tool/projects-gocurrency/caddyserver++caddy/caddytest/integration/stream_test.go,27,Mutex,102,
/Users/nicolasdilley/go/src/github.com/nicolasdilley/gocurrency_tool/projects-gocurrency/caddyserver++caddy/caddytest/integration/stream_test.go,27,Mutex,102,
/Users/nicolasdilley/go/src/github.com/nicolasdilley/gocurrency_tool/projects-gocurrency/caddyserver++caddy/caddytest/integration/stream_test.go,27,Mutex,102,
/Users/nicolasdilley/go/src/github.com/nicolasdilley/gocurrency_tool/projects-gocurrency/caddyserver++caddy/caddytest/integration/stream_test.go,1,Goroutine,103,
/Users/nicolasdilley/go/src/github.com/nicolasdilley/gocurrency_tool/projects-gocurrency/caddyserver++caddy/caddytest/integration/stream_test.go,27,Mutex,110,
/Users/nicolasdilley/go/src/github.com/nicolasdilley/gocurrency_tool/projects-gocurrency/caddyserver++caddy/caddytest/integration/stream_test.go,27,Mutex,110,
/Users/nicolasdilley/go/src/github.com/nicolasdilley/gocurrency_tool/projects-gocurrency/caddyserver++caddy/caddytest/integration/stream_test.go,27,Mutex,110,
/Users/nicolasdilley/go/src/github.com/nicolasdilley/gocurrency_tool/projects-gocurrency/caddyserver++caddy/caddytest/integration/stream_test.go,27,Mutex,110,
/Users/nicolasdilley/go/src/github.com/nicolasdilley/gocurrency_tool/projects-gocurrency/caddyserver++caddy/caddytest/integration/stream_test.go,27,Mutex,110,
/Users/nicolasdilley/go/src/github.com/nicolasdilley/gocurrency_tool/projects-gocurrency/caddyserver++caddy/caddytest/integration/stream_test.go,27,Mutex,110,
/Users/nicolasdilley/go/src/github.com/nicolasdilley/gocurrency_tool/projects-gocurrency/caddyserver++caddy/caddytest/integration/stream_test.go,27,Mutex,110,
/Users/nicolasdilley/go/src/github.com/nicolasdilley/gocurrency_tool/projects-gocurrency/caddyserver++caddy/caddytest/integration/stream_test.go,27,Mutex,110,
/Users/nicolasdilley/go/src/github.com/nicolasdilley/gocurrency_tool/projects-gocurrency/caddyserver++caddy/caddytest/integration/stream_test.go,1,Goroutine,131,
/Users/nicolasdilley/go/src/github.com/nicolasdilley/gocurrency_tool/projects-gocurrency/caddyserver++caddy/caddytest/integration/stream_test.go,27,Mutex,151,
/Users/nicolasdilley/go/src/github.com/nicolasdilley/gocurrency_tool/projects-gocurrency/caddyserver++caddy/caddytest/integration/stream_test.go,27,Mutex,198,
/Users/nicolasdilley/go/src/github.com/nicolasdilley/gocurrency_tool/projects-gocurrency/caddyserver++caddy/caddytest/integration/stream_test.go,27,Mutex,198,
/Users/nicolasdilley/go/src/github.com/nicolasdilley/gocurrency_tool/projects-gocurrency/caddyserver++caddy/caddytest/integration/stream_test.go,27,Mutex,198,
/Users/nicolasdilley/go/src/github.com/nicolasdilley/gocurrency_tool/projects-gocurrency/caddyserver++caddy/caddytest/integration/stream_test.go,27,Mutex,198,
/Users/nicolasdilley/go/src/github.com/nicolasdilley/gocurrency_tool/projects-gocurrency/caddyserver++caddy/caddytest/integration/stream_test.go,27,Mutex,207,
/Users/nicolasdilley/go/src/github.com/nicolasdilley/gocurrency_tool/projects-gocurrency/caddyserver++caddy/caddytest/integration/stream_test.go,27,Mutex,311,
/Users/nicolasdilley/go/src/github.com/nicolasdilley/gocurrency_tool/projects-gocurrency/caddyserver++caddy/caddytest/integration/stream_test.go,27,Mutex,311,
/Users/nicolasdilley/go/src/github.com/nicolasdilley/gocurrency_tool/projects-gocurrency/caddyserver++caddy/caddytest/integration/stream_test.go,27,Mutex,311,
/Users/nicolasdilley/go/src/github.com/nicolasdilley/gocurrency_tool/projects-gocurrency/caddyserver++caddy/caddytest/integration/stream_test.go,27,Mutex,311,
/Users/nicolasdilley/go/src/github.com/nicolasdilley/gocurrency_tool/projects-gocurrency/caddyserver++caddy/caddytest/integration/stream_test.go,1,Goroutine,312,
/Users/nicolasdilley/go/src/github.com/nicolasdilley/gocurrency_tool/projects-gocurrency/caddyserver++caddy/caddytest/integration/stream_test.go,27,Mutex,319,
/Users/nicolasdilley/go/src/github.com/nicolasdilley/gocurrency_tool/projects-gocurrency/caddyserver++caddy/caddytest/integration/stream_test.go,27,Mutex,319,
/Users/nicolasdilley/go/src/github.com/nicolasdilley/gocurrency_tool/projects-gocurrency/caddyserver++caddy/caddytest/integration/stream_test.go,27,Mutex,319,
/Users/nicolasdilley/go/src/github.com/nicolasdilley/gocurrency_tool/projects-gocurrency/caddyserver++caddy/caddytest/integration/stream_test.go,27,Mutex,319,
/Users/nicolasdilley/go/src/github.com/nicolasdilley/gocurrency_tool/projects-gocurrency/caddyserver++caddy/caddytest/integration/stream_test.go,27,Mutex,319,
/Users/nicolasdilley/go/src/github.com/nicolasdilley/gocurrency_tool/projects-gocurrency/caddyserver++caddy/caddytest/integration/stream_test.go,27,Mutex,319,
/Users/nicolasdilley/go/src/github.com/nicolasdilley/gocurrency_tool/projects-gocurrency/caddyserver++caddy/caddytest/integration/stream_test.go,27,Mutex,319,
/Users/nicolasdilley/go/src/github.com/nicolasdilley/gocurrency_tool/projects-gocurrency/caddyserver++caddy/caddytest/integration/stream_test.go,27,Mutex,319,
/Users/nicolasdilley/go/src/github.com/nicolasdilley/gocurrency_tool/projects-gocurrency/caddyserver++caddy/caddytest/integration/stream_test.go,1,Goroutine,335,
/Users/nicolasdilley/go/src/github.com/nicolasdilley/gocurrency_tool/projects-gocurrency/caddyserver++caddy/caddytest/integration/stream_test.go,27,Mutex,401,
/Users/nicolasdilley/go/src/github.com/nicolasdilley/gocurrency_tool/projects-gocurrency/caddyserver++caddy/caddytest/integration/stream_test.go,27,Mutex,401,
/Users/nicolasdilley/go/src/github.com/nicolasdilley/gocurrency_tool/projects-gocurrency/caddyserver++caddy/caddytest/integration/stream_test.go,27,Mutex,401,
/Users/nicolasdilley/go/src/github.com/nicolasdilley/gocurrency_tool/projects-gocurrency/caddyserver++caddy/caddytest/integration/stream_test.go,27,Mutex,401,
/Users/nicolasdilley/go/src/github.com/nicolasdilley/gocurrency_tool/projects-gocurrency/caddyserver++caddy/caddytest/integration/autohttps_test.go,27,Mutex,11,
/Users/nicolasdilley/go/src/github.com/nicolasdilley/gocurrency_tool/projects-gocurrency/caddyserver++caddy/caddytest/integration/autohttps_test.go,27,Mutex,25,
/Users/nicolasdilley/go/src/github.com/nicolasdilley/gocurrency_tool/projects-gocurrency/caddyserver++caddy/caddytest/integration/autohttps_test.go,27,Mutex,39,
/Users/nicolasdilley/go/src/github.com/nicolasdilley/gocurrency_tool/projects-gocurrency/caddyserver++caddy/caddytest/integration/autohttps_test.go,27,Mutex,53,
/Users/nicolasdilley/go/src/github.com/nicolasdilley/gocurrency_tool/projects-gocurrency/caddyserver++caddy/caddytest/integration/autohttps_test.go,27,Mutex,85,
/Users/nicolasdilley/go/src/github.com/nicolasdilley/gocurrency_tool/projects-gocurrency/caddyserver++caddy/caddytest/integration/autohttps_test.go,27,Mutex,108,
/Users/nicolasdilley/go/src/github.com/nicolasdilley/gocurrency_tool/projects-gocurrency/caddyserver++caddy/caddytest/integration/caddyfile_test.go,27,Mutex,14,
/Users/nicolasdilley/go/src/github.com/nicolasdilley/gocurrency_tool/projects-gocurrency/caddyserver++caddy/caddytest/integration/caddyfile_test.go,27,Mutex,35,
/Users/nicolasdilley/go/src/github.com/nicolasdilley/gocurrency_tool/projects-gocurrency/caddyserver++caddy/caddytest/integration/caddyfile_test.go,27,Mutex,83,
/Users/nicolasdilley/go/src/github.com/nicolasdilley/gocurrency_tool/projects-gocurrency/caddyserver++caddy/caddytest/integration/handler_test.go,27,Mutex,11,
/Users/nicolasdilley/go/src/github.com/nicolasdilley/gocurrency_tool/projects-gocurrency/caddyserver++caddy/caddytest/integration/map_test.go,27,Mutex,12,
/Users/nicolasdilley/go/src/github.com/nicolasdilley/gocurrency_tool/projects-gocurrency/caddyserver++caddy/caddytest/integration/map_test.go,27,Mutex,39,
/Users/nicolasdilley/go/src/github.com/nicolasdilley/gocurrency_tool/projects-gocurrency/caddyserver++caddy/caddytest/integration/map_test.go,27,Mutex,65,
/Users/nicolasdilley/go/src/github.com/nicolasdilley/gocurrency_tool/projects-gocurrency/caddyserver++caddy/caddytest/integration/reverseproxy_test.go,27,Mutex,17,
/Users/nicolasdilley/go/src/github.com/nicolasdilley/gocurrency_tool/projects-gocurrency/caddyserver++caddy/caddytest/integration/reverseproxy_test.go,27,Mutex,97,
/Users/nicolasdilley/go/src/github.com/nicolasdilley/gocurrency_tool/projects-gocurrency/caddyserver++caddy/caddytest/integration/reverseproxy_test.go,27,Mutex,97,
/Users/nicolasdilley/go/src/github.com/nicolasdilley/gocurrency_tool/projects-gocurrency/caddyserver++caddy/caddytest/integration/reverseproxy_test.go,27,Mutex,97,
/Users/nicolasdilley/go/src/github.com/nicolasdilley/gocurrency_tool/projects-gocurrency/caddyserver++caddy/caddytest/integration/reverseproxy_test.go,27,Mutex,97,
/Users/nicolasdilley/go/src/github.com/nicolasdilley/gocurrency_tool/projects-gocurrency/caddyserver++caddy/caddytest/integration/reverseproxy_test.go,1,Goroutine,108,
/Users/nicolasdilley/go/src/github.com/nicolasdilley/gocurrency_tool/projects-gocurrency/caddyserver++caddy/caddytest/integration/reverseproxy_test.go,27,Mutex,114,
/Users/nicolasdilley/go/src/github.com/nicolasdilley/gocurrency_tool/projects-gocurrency/caddyserver++caddy/caddytest/integration/reverseproxy_test.go,27,Mutex,155,
/Users/nicolasdilley/go/src/github.com/nicolasdilley/gocurrency_tool/projects-gocurrency/caddyserver++caddy/caddytest/integration/reverseproxy_test.go,27,Mutex,238,
/Users/nicolasdilley/go/src/github.com/nicolasdilley/gocurrency_tool/projects-gocurrency/caddyserver++caddy/caddytest/integration/reverseproxy_test.go,27,Mutex,358,
/Users/nicolasdilley/go/src/github.com/nicolasdilley/gocurrency_tool/projects-gocurrency/caddyserver++caddy/caddytest/integration/reverseproxy_test.go,27,Mutex,389,
/Users/nicolasdilley/go/src/github.com/nicolasdilley/gocurrency_tool/projects-gocurrency/caddyserver++caddy/caddytest/integration/reverseproxy_test.go,27,Mutex,399,
/Users/nicolasdilley/go/src/github.com/nicolasdilley/gocurrency_tool/projects-gocurrency/caddyserver++caddy/caddytest/integration/reverseproxy_test.go,27,Mutex,399,
/Users/nicolasdilley/go/src/github.com/nicolasdilley/gocurrency_tool/projects-gocurrency/caddyserver++caddy/caddytest/integration/reverseproxy_test.go,27,Mutex,399,
/Users/nicolasdilley/go/src/github.com/nicolasdilley/gocurrency_tool/projects-gocurrency/caddyserver++caddy/caddytest/integration/reverseproxy_test.go,27,Mutex,399,
/Users/nicolasdilley/go/src/github.com/nicolasdilley/gocurrency_tool/projects-gocurrency/caddyserver++caddy/caddytest/integration/reverseproxy_test.go,1,Goroutine,414,
/Users/nicolasdilley/go/src/github.com/nicolasdilley/gocurrency_tool/projects-gocurrency/caddyserver++caddy/caddytest/integration/reverseproxy_test.go,27,Mutex,444,
/Users/nicolasdilley/go/src/github.com/nicolasdilley/gocurrency_tool/projects-gocurrency/caddyserver++caddy/caddytest/integration/reverseproxy_test.go,27,Mutex,454,
/Users/nicolasdilley/go/src/github.com/nicolasdilley/gocurrency_tool/projects-gocurrency/caddyserver++caddy/caddytest/integration/reverseproxy_test.go,27,Mutex,454,
/Users/nicolasdilley/go/src/github.com/nicolasdilley/gocurrency_tool/projects-gocurrency/caddyserver++caddy/caddytest/integration/reverseproxy_test.go,27,Mutex,454,
/Users/nicolasdilley/go/src/github.com/nicolasdilley/gocurrency_tool/projects-gocurrency/caddyserver++caddy/caddytest/integration/reverseproxy_test.go,27,Mutex,454,
/Users/nicolasdilley/go/src/github.com/nicolasdilley/gocurrency_tool/projects-gocurrency/caddyserver++caddy/caddytest/integration/reverseproxy_test.go,1,Goroutine,469,
/Users/nicolasdilley/go/src/github.com/nicolasdilley/gocurrency_tool/projects-gocurrency/caddyserver++caddy/caddytest/integration/sni_test.go,27,Mutex,12,
/Users/nicolasdilley/go/src/github.com/nicolasdilley/gocurrency_tool/projects-gocurrency/caddyserver++caddy/caddytest/integration/sni_test.go,27,Mutex,108,
/Users/nicolasdilley/go/src/github.com/nicolasdilley/gocurrency_tool/projects-gocurrency/caddyserver++caddy/caddytest/integration/sni_test.go,27,Mutex,208,
/Users/nicolasdilley/go/src/github.com/nicolasdilley/gocurrency_tool/projects-gocurrency/caddyserver++caddy/admin.go,27,Mutex,188,
/Users/nicolasdilley/go/src/github.com/nicolasdilley/gocurrency_tool/projects-gocurrency/caddyserver++caddy/admin.go,27,Mutex,298,
/Users/nicolasdilley/go/src/github.com/nicolasdilley/gocurrency_tool/projects-gocurrency/caddyserver++caddy/admin.go,27,Mutex,298,
/Users/nicolasdilley/go/src/github.com/nicolasdilley/gocurrency_tool/projects-gocurrency/caddyserver++caddy/admin.go,27,Mutex,298,
/Users/nicolasdilley/go/src/github.com/nicolasdilley/gocurrency_tool/projects-gocurrency/caddyserver++caddy/admin.go,27,Mutex,298,
/Users/nicolasdilley/go/src/github.com/nicolasdilley/gocurrency_tool/projects-gocurrency/caddyserver++caddy/admin.go,1,Goroutine,304,
/Users/nicolasdilley/go/src/github.com/nicolasdilley/gocurrency_tool/projects-gocurrency/caddyserver++caddy/admin.go,27,Mutex,331,
/Users/nicolasdilley/go/src/github.com/nicolasdilley/gocurrency_tool/projects-gocurrency/caddyserver++caddy/admin.go,29,Mutex Lock(),338,
/Users/nicolasdilley/go/src/github.com/nicolasdilley/gocurrency_tool/projects-gocurrency/caddyserver++caddy/admin.go,28,Mutex Unlock(),347,
/Users/nicolasdilley/go/src/github.com/nicolasdilley/gocurrency_tool/projects-gocurrency/caddyserver++caddy/admin.go,1,Goroutine,350,
/Users/nicolasdilley/go/src/github.com/nicolasdilley/gocurrency_tool/projects-gocurrency/caddyserver++caddy/admin.go,29,Mutex Lock(),351,
/Users/nicolasdilley/go/src/github.com/nicolasdilley/gocurrency_tool/projects-gocurrency/caddyserver++caddy/admin.go,27,Mutex,352,
/Users/nicolasdilley/go/src/github.com/nicolasdilley/gocurrency_tool/projects-gocurrency/caddyserver++caddy/admin.go,27,Mutex,352,
/Users/nicolasdilley/go/src/github.com/nicolasdilley/gocurrency_tool/projects-gocurrency/caddyserver++caddy/admin.go,27,Mutex,352,
/Users/nicolasdilley/go/src/github.com/nicolasdilley/gocurrency_tool/projects-gocurrency/caddyserver++caddy/admin.go,27,Mutex,352,
/Users/nicolasdilley/go/src/github.com/nicolasdilley/gocurrency_tool/projects-gocurrency/caddyserver++caddy/admin.go,28,Mutex Unlock(),353,
/Users/nicolasdilley/go/src/github.com/nicolasdilley/gocurrency_tool/projects-gocurrency/caddyserver++caddy/admin.go,27,Mutex,404,
/Users/nicolasdilley/go/src/github.com/nicolasdilley/gocurrency_tool/projects-gocurrency/caddyserver++caddy/admin.go,27,Mutex,430,
/Users/nicolasdilley/go/src/github.com/nicolasdilley/gocurrency_tool/projects-gocurrency/caddyserver++caddy/admin.go,27,Mutex,430,
/Users/nicolasdilley/go/src/github.com/nicolasdilley/gocurrency_tool/projects-gocurrency/caddyserver++caddy/admin.go,27,Mutex,430,
/Users/nicolasdilley/go/src/github.com/nicolasdilley/gocurrency_tool/projects-gocurrency/caddyserver++caddy/admin.go,27,Mutex,430,
/Users/nicolasdilley/go/src/github.com/nicolasdilley/gocurrency_tool/projects-gocurrency/caddyserver++caddy/admin.go,1,Goroutine,433,
/Users/nicolasdilley/go/src/github.com/nicolasdilley/gocurrency_tool/projects-gocurrency/caddyserver++caddy/admin.go,27,Mutex,453,
/Users/nicolasdilley/go/src/github.com/nicolasdilley/gocurrency_tool/projects-gocurrency/caddyserver++caddy/admin.go,27,Mutex,470,
/Users/nicolasdilley/go/src/github.com/nicolasdilley/gocurrency_tool/projects-gocurrency/caddyserver++caddy/admin.go,27,Mutex,471,
/Users/nicolasdilley/go/src/github.com/nicolasdilley/gocurrency_tool/projects-gocurrency/caddyserver++caddy/admin.go,27,Mutex,477,
/Users/nicolasdilley/go/src/github.com/nicolasdilley/gocurrency_tool/projects-gocurrency/caddyserver++caddy/admin.go,29,Mutex Lock(),482,
/Users/nicolasdilley/go/src/github.com/nicolasdilley/gocurrency_tool/projects-gocurrency/caddyserver++caddy/admin.go,28,Mutex Unlock(),494,
/Users/nicolasdilley/go/src/github.com/nicolasdilley/gocurrency_tool/projects-gocurrency/caddyserver++caddy/admin.go,1,Goroutine,503,
/Users/nicolasdilley/go/src/github.com/nicolasdilley/gocurrency_tool/projects-gocurrency/caddyserver++caddy/admin.go,29,Mutex Lock(),504,
/Users/nicolasdilley/go/src/github.com/nicolasdilley/gocurrency_tool/projects-gocurrency/caddyserver++caddy/admin.go,27,Mutex,505,
/Users/nicolasdilley/go/src/github.com/nicolasdilley/gocurrency_tool/projects-gocurrency/caddyserver++caddy/admin.go,27,Mutex,505,
/Users/nicolasdilley/go/src/github.com/nicolasdilley/gocurrency_tool/projects-gocurrency/caddyserver++caddy/admin.go,27,Mutex,505,
/Users/nicolasdilley/go/src/github.com/nicolasdilley/gocurrency_tool/projects-gocurrency/caddyserver++caddy/admin.go,27,Mutex,505,
/Users/nicolasdilley/go/src/github.com/nicolasdilley/gocurrency_tool/projects-gocurrency/caddyserver++caddy/admin.go,28,Mutex Unlock(),506,
/Users/nicolasdilley/go/src/github.com/nicolasdilley/gocurrency_tool/projects-gocurrency/caddyserver++caddy/admin.go,27,Mutex,524,
/Users/nicolasdilley/go/src/github.com/nicolasdilley/gocurrency_tool/projects-gocurrency/caddyserver++caddy/admin.go,27,Mutex,552,
/Users/nicolasdilley/go/src/github.com/nicolasdilley/gocurrency_tool/projects-gocurrency/caddyserver++caddy/admin.go,27,Mutex,1242,
/Users/nicolasdilley/go/src/github.com/nicolasdilley/gocurrency_tool/projects-gocurrency/caddyserver++caddy/admin.go,27,Mutex,1243,
/Users/nicolasdilley/go/src/github.com/nicolasdilley/gocurrency_tool/projects-gocurrency/caddyserver++caddy/admin.go,27,Mutex,1243,
/Users/nicolasdilley/go/src/github.com/nicolasdilley/gocurrency_tool/projects-gocurrency/caddyserver++caddy/admin.go,27,Mutex,1243,
/Users/nicolasdilley/go/src/github.com/nicolasdilley/gocurrency_tool/projects-gocurrency/caddyserver++caddy/admin.go,27,Mutex,1243,
/Users/nicolasdilley/go/src/github.com/nicolasdilley/gocurrency_tool/projects-gocurrency/caddyserver++caddy/admin.go,27,Mutex,1243,
/Users/nicolasdilley/go/src/github.com/nicolasdilley/gocurrency_tool/projects-gocurrency/caddyserver++caddy/admin.go,27,Mutex,1243,
/Users/nicolasdilley/go/src/github.com/nicolasdilley/gocurrency_tool/projects-gocurrency/caddyserver++caddy/admin.go,27,Mutex,1243,
/Users/nicolasdilley/go/src/github.com/nicolasdilley/gocurrency_tool/projects-gocurrency/caddyserver++caddy/admin.go,27,Mutex,1243,
/Users/nicolasdilley/go/src/github.com/nicolasdilley/gocurrency_tool/projects-gocurrency/caddyserver++caddy/admin.go,27,Mutex,1244,
/Users/nicolasdilley/go/src/github.com/nicolasdilley/gocurrency_tool/projects-gocurrency/caddyserver++caddy/caddy.go,1,Goroutine,496,
/Users/nicolasdilley/go/src/github.com/nicolasdilley/gocurrency_tool/projects-gocurrency/caddyserver++caddy/caddy.go,16,Select (number of branch),497,2
/Users/nicolasdilley/go/src/github.com/nicolasdilley/gocurrency_tool/projects-gocurrency/caddyserver++caddy/caddy.go,2,Receive,499,
/Users/nicolasdilley/go/src/github.com/nicolasdilley/gocurrency_tool/projects-gocurrency/caddyserver++caddy/caddy.go,2,Receive,506,
/Users/nicolasdilley/go/src/github.com/nicolasdilley/gocurrency_tool/projects-gocurrency/caddyserver++caddy/caddy.go,1,Goroutine,517,
/Users/nicolasdilley/go/src/github.com/nicolasdilley/gocurrency_tool/projects-gocurrency/caddyserver++caddy/caddy.go,1,Goroutine,619,
/Users/nicolasdilley/go/src/github.com/nicolasdilley/gocurrency_tool/projects-gocurrency/caddyserver++caddy/caddy.go,27,Mutex,755,
/Users/nicolasdilley/go/src/github.com/nicolasdilley/gocurrency_tool/projects-gocurrency/caddyserver++caddy/listeners.go,29,Mutex Lock(),34,
/Users/nicolasdilley/go/src/github.com/nicolasdilley/gocurrency_tool/projects-gocurrency/caddyserver++caddy/listeners.go,28,Mutex Unlock(),35,
/Users/nicolasdilley/go/src/github.com/nicolasdilley/gocurrency_tool/projects-gocurrency/caddyserver++caddy/listeners.go,27,Mutex,38,
/Users/nicolasdilley/go/src/github.com/nicolasdilley/gocurrency_tool/projects-gocurrency/caddyserver++caddy/listeners.go,27,Mutex,56,
/Users/nicolasdilley/go/src/github.com/nicolasdilley/gocurrency_tool/projects-gocurrency/caddyserver++caddy/listeners.go,29,Mutex Lock(),73,
/Users/nicolasdilley/go/src/github.com/nicolasdilley/gocurrency_tool/projects-gocurrency/caddyserver++caddy/listeners.go,28,Mutex Unlock(),74,
/Users/nicolasdilley/go/src/github.com/nicolasdilley/gocurrency_tool/projects-gocurrency/caddyserver++caddy/listeners.go,27,Mutex,77,
/Users/nicolasdilley/go/src/github.com/nicolasdilley/gocurrency_tool/projects-gocurrency/caddyserver++caddy/listeners.go,27,Mutex,90,
/Users/nicolasdilley/go/src/github.com/nicolasdilley/gocurrency_tool/projects-gocurrency/caddyserver++caddy/listeners.go,29,Mutex Lock(),129,
/Users/nicolasdilley/go/src/github.com/nicolasdilley/gocurrency_tool/projects-gocurrency/caddyserver++caddy/listeners.go,28,Mutex Unlock(),139,
/Users/nicolasdilley/go/src/github.com/nicolasdilley/gocurrency_tool/projects-gocurrency/caddyserver++caddy/listeners.go,29,Mutex Lock(),167,
/Users/nicolasdilley/go/src/github.com/nicolasdilley/gocurrency_tool/projects-gocurrency/caddyserver++caddy/listeners.go,28,Mutex Unlock(),177,
/Users/nicolasdilley/go/src/github.com/nicolasdilley/gocurrency_tool/projects-gocurrency/caddyserver++caddy/listeners.go,29,Mutex Lock(),183,
/Users/nicolasdilley/go/src/github.com/nicolasdilley/gocurrency_tool/projects-gocurrency/caddyserver++caddy/listeners.go,28,Mutex Unlock(),185,
/Users/nicolasdilley/go/src/github.com/nicolasdilley/gocurrency_tool/projects-gocurrency/caddyserver++caddy/listeners.go,29,Mutex Lock(),221,
/Users/nicolasdilley/go/src/github.com/nicolasdilley/gocurrency_tool/projects-gocurrency/caddyserver++caddy/listeners.go,28,Mutex Unlock(),223,
/Users/nicolasdilley/go/src/github.com/nicolasdilley/gocurrency_tool/projects-gocurrency/caddyserver++caddy/listeners.go,27,Mutex,450,
/Users/nicolasdilley/go/src/github.com/nicolasdilley/gocurrency_tool/projects-gocurrency/caddyserver++caddy/logging.go,27,Mutex,695,
/Users/nicolasdilley/go/src/github.com/nicolasdilley/gocurrency_tool/projects-gocurrency/caddyserver++caddy/logging.go,27,Mutex,698,
/Users/nicolasdilley/go/src/github.com/nicolasdilley/gocurrency_tool/projects-gocurrency/caddyserver++caddy/modules.go,27,Mutex,365,
/Users/nicolasdilley/go/src/github.com/nicolasdilley/gocurrency_tool/projects-gocurrency/caddyserver++caddy/sigtrap.go,1,Goroutine,37,
/Users/nicolasdilley/go/src/github.com/nicolasdilley/gocurrency_tool/projects-gocurrency/caddyserver++caddy/sigtrap.go,8,Known chan length (length),38,1
/Users/nicolasdilley/go/src/github.com/nicolasdilley/gocurrency_tool/projects-gocurrency/caddyserver++caddy/sigtrap.go,5,Go in for,50,
/Users/nicolasdilley/go/src/github.com/nicolasdilley/gocurrency_tool/projects-gocurrency/caddyserver++caddy/sigtrap.go,2,Receive,42,
/Users/nicolasdilley/go/src/github.com/nicolasdilley/gocurrency_tool/projects-gocurrency/caddyserver++caddy/sigtrap.go,1,Goroutine,50,
/Users/nicolasdilley/go/src/github.com/nicolasdilley/gocurrency_tool/projects-gocurrency/caddyserver++caddy/sigtrap_posix.go,1,Goroutine,30,
/Users/nicolasdilley/go/src/github.com/nicolasdilley/gocurrency_tool/projects-gocurrency/caddyserver++caddy/sigtrap_posix.go,8,Known chan length (length),31,1
/Users/nicolasdilley/go/src/github.com/nicolasdilley/gocurrency_tool/projects-gocurrency/caddyserver++caddy/sigtrap_posix.go,6,Range over chan,34,
/Users/nicolasdilley/go/src/github.com/nicolasdilley/gocurrency_tool/projects-gocurrency/caddyserver++caddy/usagepool.go,27,Mutex,78,
/Users/nicolasdilley/go/src/github.com/nicolasdilley/gocurrency_tool/projects-gocurrency/caddyserver++caddy/usagepool.go,27,Mutex,110,
/Users/nicolasdilley/go/src/github.com/nicolasdilley/gocurrency_tool/projects-gocurrency/caddyserver++caddy/usagepool.go,27,Mutex,164,
/Users/nicolasdilley/go/src/github.com/nicolasdilley/gocurrency_tool/projects-gocurrency/caddyserver++caddy/admin_test.go,30,Waitgroup,133,
/Users/nicolasdilley/go/src/github.com/nicolasdilley/gocurrency_tool/projects-gocurrency/caddyserver++caddy/admin_test.go,5,Go in for,137,
/Users/nicolasdilley/go/src/github.com/nicolasdilley/gocurrency_tool/projects-gocurrency/caddyserver++caddy/admin_test.go,7,Goroutine in for with constant (constant),137,100
/Users/nicolasdilley/go/src/github.com/nicolasdilley/gocurrency_tool/projects-gocurrency/caddyserver++caddy/admin_test.go,24,Waitgroup Add(const),136,&{24014080 INT 1} val is : 1
/Users/nicolasdilley/go/src/github.com/nicolasdilley/gocurrency_tool/projects-gocurrency/caddyserver++caddy/admin_test.go,1,Goroutine,137,
/Users/nicolasdilley/go/src/github.com/nicolasdilley/gocurrency_tool/projects-gocurrency/caddyserver++caddy/admin_test.go,26,Waitgroup Done(),139,
/Users/nicolasdilley/go/src/github.com/nicolasdilley/gocurrency_tool/projects-gocurrency/caddyserver++caddy/admin_test.go,31,Waitgroup Wait(),143,
/Users/nicolasdilley/go/src/github.com/nicolasdilley/gocurrency_tool/projects-gocurrency/caddyserver++caddy/modules/caddyhttp/encode/zstd/zstd.go,30,Waitgroup,53,
/Users/nicolasdilley/go/src/github.com/nicolasdilley/gocurrency_tool/projects-gocurrency/caddyserver++caddy/modules/caddyhttp/encode/zstd/zstd.go,30,Waitgroup,53,
/Users/nicolasdilley/go/src/github.com/nicolasdilley/gocurrency_tool/projects-gocurrency/caddyserver++caddy/modules/caddyhttp/encode/zstd/zstd.go,27,Mutex,53,
/Users/nicolasdilley/go/src/github.com/nicolasdilley/gocurrency_tool/projects-gocurrency/caddyserver++caddy/modules/caddyhttp/reverseproxy/fastcgi/fastcgi.go,27,Mutex,129,
/Users/nicolasdilley/go/src/github.com/nicolasdilley/gocurrency_tool/projects-gocurrency/caddyserver++caddy/modules/caddyhttp/reverseproxy/fastcgi/fastcgi.go,27,Mutex,356,
/Users/nicolasdilley/go/src/github.com/nicolasdilley/gocurrency_tool/projects-gocurrency/caddyserver++caddy/modules/caddyhttp/reverseproxy/fastcgi/client.go,29,Mutex Lock(),223,
/Users/nicolasdilley/go/src/github.com/nicolasdilley/gocurrency_tool/projects-gocurrency/caddyserver++caddy/modules/caddyhttp/reverseproxy/fastcgi/client.go,28,Mutex Unlock(),224,
/Users/nicolasdilley/go/src/github.com/nicolasdilley/gocurrency_tool/projects-gocurrency/caddyserver++caddy/modules/caddyhttp/reverseproxy/fastcgi/client.go,27,Mutex,304,
/Users/nicolasdilley/go/src/github.com/nicolasdilley/gocurrency_tool/projects-gocurrency/caddyserver++caddy/modules/caddyhttp/reverseproxy/fastcgi/client_test.go,27,Mutex,56,
/Users/nicolasdilley/go/src/github.com/nicolasdilley/gocurrency_tool/projects-gocurrency/caddyserver++caddy/modules/caddyhttp/reverseproxy/fastcgi/client_test.go,27,Mutex,56,
/Users/nicolasdilley/go/src/github.com/nicolasdilley/gocurrency_tool/projects-gocurrency/caddyserver++caddy/modules/caddyhttp/reverseproxy/fastcgi/client_test.go,27,Mutex,56,
/Users/nicolasdilley/go/src/github.com/nicolasdilley/gocurrency_tool/projects-gocurrency/caddyserver++caddy/modules/caddyhttp/reverseproxy/fastcgi/client_test.go,27,Mutex,56,
/Users/nicolasdilley/go/src/github.com/nicolasdilley/gocurrency_tool/projects-gocurrency/caddyserver++caddy/modules/caddyhttp/reverseproxy/fastcgi/client_test.go,27,Mutex,122,
/Users/nicolasdilley/go/src/github.com/nicolasdilley/gocurrency_tool/projects-gocurrency/caddyserver++caddy/modules/caddyhttp/reverseproxy/fastcgi/client_test.go,1,Goroutine,220,
/Users/nicolasdilley/go/src/github.com/nicolasdilley/gocurrency_tool/projects-gocurrency/caddyserver++caddy/caddyconfig/httpcaddyfile/builtins.go,27,Mutex,88,
/Users/nicolasdilley/go/src/github.com/nicolasdilley/gocurrency_tool/projects-gocurrency/caddyserver++caddy/caddyconfig/httpcaddyfile/builtins.go,27,Mutex,94,
/Users/nicolasdilley/go/src/github.com/nicolasdilley/gocurrency_tool/projects-gocurrency/caddyserver++caddy/caddyconfig/httpcaddyfile/pkiapp.go,27,Mutex,41,
/Users/nicolasdilley/go/src/github.com/nicolasdilley/gocurrency_tool/projects-gocurrency/caddyserver++caddy/caddyconfig/httpcaddyfile/pkiapp.go,27,Mutex,54,
/Users/nicolasdilley/go/src/github.com/nicolasdilley/gocurrency_tool/projects-gocurrency/caddyserver++caddy/caddyconfig/httpcaddyfile/httptype.go,27,Mutex,95,
/Users/nicolasdilley/go/src/github.com/nicolasdilley/gocurrency_tool/projects-gocurrency/caddyserver++caddy/caddyconfig/httpcaddyfile/httptype.go,27,Mutex,227,
/Users/nicolasdilley/go/src/github.com/nicolasdilley/gocurrency_tool/projects-gocurrency/caddyserver++caddy/caddyconfig/httpcaddyfile/httptype.go,27,Mutex,235,
/Users/nicolasdilley/go/src/github.com/nicolasdilley/gocurrency_tool/projects-gocurrency/caddyserver++caddy/caddyconfig/httpcaddyfile/httptype.go,27,Mutex,235,
/Users/nicolasdilley/go/src/github.com/nicolasdilley/gocurrency_tool/projects-gocurrency/caddyserver++caddy/caddyconfig/httpcaddyfile/httptype.go,27,Mutex,447,
/Users/nicolasdilley/go/src/github.com/nicolasdilley/gocurrency_tool/projects-gocurrency/caddyserver++caddy/caddyconfig/httpcaddyfile/httptype.go,27,Mutex,447,
/Users/nicolasdilley/go/src/github.com/nicolasdilley/gocurrency_tool/projects-gocurrency/caddyserver++caddy/caddyconfig/httpcaddyfile/httptype.go,27,Mutex,447,
/Users/nicolasdilley/go/src/github.com/nicolasdilley/gocurrency_tool/projects-gocurrency/caddyserver++caddy/caddyconfig/httpcaddyfile/httptype.go,27,Mutex,447,
/Users/nicolasdilley/go/src/github.com/nicolasdilley/gocurrency_tool/projects-gocurrency/caddyserver++caddy/caddyconfig/httpcaddyfile/httptype.go,27,Mutex,560,
/Users/nicolasdilley/go/src/github.com/nicolasdilley/gocurrency_tool/projects-gocurrency/caddyserver++caddy/caddyconfig/httpcaddyfile/tlsapp.go,27,Mutex,40,
/Users/nicolasdilley/go/src/github.com/nicolasdilley/gocurrency_tool/projects-gocurrency/caddyserver++caddy/caddyconfig/httpcaddyfile/tlsapp.go,27,Mutex,40,
/Users/nicolasdilley/go/src/github.com/nicolasdilley/gocurrency_tool/projects-gocurrency/caddyserver++caddy/modules/caddyhttp/caddyauth/caddyfile.go,27,Mutex,37,
/Users/nicolasdilley/go/src/github.com/nicolasdilley/gocurrency_tool/projects-gocurrency/caddyserver++caddy/modules/caddyhttp/caddyauth/command.go,8,Known chan length (length),73,1
/Users/nicolasdilley/go/src/github.com/nicolasdilley/gocurrency_tool/projects-gocurrency/caddyserver++caddy/modules/caddyhttp/caddyauth/command.go,1,Goroutine,75,
/Users/nicolasdilley/go/src/github.com/nicolasdilley/gocurrency_tool/projects-gocurrency/caddyserver++caddy/modules/caddyhttp/caddyauth/command.go,2,Receive,76,
/Users/nicolasdilley/go/src/github.com/nicolasdilley/gocurrency_tool/projects-gocurrency/caddyserver++caddy/modules/caddyhttp/templates/tplcontext.go,27,Mutex,54,
/Users/nicolasdilley/go/src/github.com/nicolasdilley/gocurrency_tool/projects-gocurrency/caddyserver++caddy/modules/caddyhttp/templates/tplcontext.go,27,Mutex,171,
/Users/nicolasdilley/go/src/github.com/nicolasdilley/gocurrency_tool/projects-gocurrency/caddyserver++caddy/modules/caddyhttp/templates/tplcontext.go,27,Mutex,173,
/Users/nicolasdilley/go/src/github.com/nicolasdilley/gocurrency_tool/projects-gocurrency/caddyserver++caddy/modules/caddyhttp/app.go,27,Mutex,294,
/Users/nicolasdilley/go/src/github.com/nicolasdilley/gocurrency_tool/projects-gocurrency/caddyserver++caddy/modules/caddyhttp/app.go,27,Mutex,300,
/Users/nicolasdilley/go/src/github.com/nicolasdilley/gocurrency_tool/projects-gocurrency/caddyserver++caddy/modules/caddyhttp/app.go,27,Mutex,300,
/Users/nicolasdilley/go/src/github.com/nicolasdilley/gocurrency_tool/projects-gocurrency/caddyserver++caddy/modules/caddyhttp/app.go,27,Mutex,300,
/Users/nicolasdilley/go/src/github.com/nicolasdilley/gocurrency_tool/projects-gocurrency/caddyserver++caddy/modules/caddyhttp/app.go,27,Mutex,300,
/Users/nicolasdilley/go/src/github.com/nicolasdilley/gocurrency_tool/projects-gocurrency/caddyserver++caddy/modules/caddyhttp/app.go,27,Mutex,312,
/Users/nicolasdilley/go/src/github.com/nicolasdilley/gocurrency_tool/projects-gocurrency/caddyserver++caddy/modules/caddyhttp/app.go,5,Go in for,396,
/Users/nicolasdilley/go/src/github.com/nicolasdilley/gocurrency_tool/projects-gocurrency/caddyserver++caddy/modules/caddyhttp/app.go,27,Mutex,345,
/Users/nicolasdilley/go/src/github.com/nicolasdilley/gocurrency_tool/projects-gocurrency/caddyserver++caddy/modules/caddyhttp/app.go,27,Mutex,358,
/Users/nicolasdilley/go/src/github.com/nicolasdilley/gocurrency_tool/projects-gocurrency/caddyserver++caddy/modules/caddyhttp/app.go,27,Mutex,358,
/Users/nicolasdilley/go/src/github.com/nicolasdilley/gocurrency_tool/projects-gocurrency/caddyserver++caddy/modules/caddyhttp/app.go,27,Mutex,358,
/Users/nicolasdilley/go/src/github.com/nicolasdilley/gocurrency_tool/projects-gocurrency/caddyserver++caddy/modules/caddyhttp/app.go,27,Mutex,358,
/Users/nicolasdilley/go/src/github.com/nicolasdilley/gocurrency_tool/projects-gocurrency/caddyserver++caddy/modules/caddyhttp/app.go,27,Mutex,358,
/Users/nicolasdilley/go/src/github.com/nicolasdilley/gocurrency_tool/projects-gocurrency/caddyserver++caddy/modules/caddyhttp/app.go,1,Goroutine,367,
/Users/nicolasdilley/go/src/github.com/nicolasdilley/gocurrency_tool/projects-gocurrency/caddyserver++caddy/modules/caddyhttp/app.go,1,Goroutine,396,
/Users/nicolasdilley/go/src/github.com/nicolasdilley/gocurrency_tool/projects-gocurrency/caddyserver++caddy/modules/caddyhttp/autohttps.go,27,Mutex,543,
/Users/nicolasdilley/go/src/github.com/nicolasdilley/gocurrency_tool/projects-gocurrency/caddyserver++caddy/modules/caddyhttp/celmatcher.go,27,Mutex,95,
/Users/nicolasdilley/go/src/github.com/nicolasdilley/gocurrency_tool/projects-gocurrency/caddyserver++caddy/modules/caddyhttp/celmatcher.go,27,Mutex,248,
/Users/nicolasdilley/go/src/github.com/nicolasdilley/gocurrency_tool/projects-gocurrency/caddyserver++caddy/modules/caddyhttp/metrics.go,27,Mutex,89,
/Users/nicolasdilley/go/src/github.com/nicolasdilley/gocurrency_tool/projects-gocurrency/caddyserver++caddy/modules/caddyhttp/metrics.go,27,Mutex,89,
/Users/nicolasdilley/go/src/github.com/nicolasdilley/gocurrency_tool/projects-gocurrency/caddyserver++caddy/modules/caddyhttp/metrics.go,27,Mutex,89,
/Users/nicolasdilley/go/src/github.com/nicolasdilley/gocurrency_tool/projects-gocurrency/caddyserver++caddy/modules/caddyhttp/metrics.go,27,Mutex,89,
