Line num,81284
packages num,9,53
files num,39,93
Average Line num per featured file,245,6880
cmd/admin,1233
cmd/dashboard,152
cmd/fe,288
cmd/ha,326
cmd/proxy,300
extern/deprecated/redis-test,1578
extern/deprecated/redis-test/bench,249
pkg/models,416
pkg/models/etcd,313
pkg/models/fs,300
pkg/models/zk,405
pkg/proxy,4047
pkg/proxy/redis,921
pkg/topom,4881
pkg/utils,326
pkg/utils/assert,14
pkg/utils/bufio2,377
pkg/utils/bytesize,169
pkg/utils/errors,75
pkg/utils/log,623
pkg/utils/math2,69
pkg/utils/redis,1168
pkg/utils/rpc,217
pkg/utils/sync2,29
pkg/utils/sync2/atomic2,59
pkg/utils/timesize,124
pkg/utils/trace,75
pkg/utils/unsafe2,230
vendor/github.com/BurntSushi/toml,2276
vendor/github.com/codegangsta/inject,111
vendor/github.com/coreos/etcd/client,2565
vendor/github.com/coreos/etcd/pkg/pathutil,15
vendor/github.com/coreos/etcd/pkg/types,283
vendor/github.com/docopt/docopt-go,1079
vendor/github.com/emirpasic/gods/containers,63
vendor/github.com/emirpasic/gods/trees,5
vendor/github.com/emirpasic/gods/trees/redblacktree,571
vendor/github.com/emirpasic/gods/utils,258
vendor/github.com/garyburd/redigo/internal,34
vendor/github.com/garyburd/redigo/redis,1733
vendor/github.com/go-martini/martini,823
vendor/github.com/influxdata/influxdb/client/v2,442
vendor/github.com/influxdata/influxdb/models,1522
vendor/github.com/influxdata/influxdb/pkg/escape,104
vendor/github.com/martini-contrib/binding,345
vendor/github.com/martini-contrib/gzip,80
vendor/github.com/martini-contrib/render,256
vendor/github.com/oxtoacart/bpool,88
vendor/github.com/samuel/go-zookeeper/zk,2282
vendor/github.com/spinlock/jemalloc-go,53
vendor/github.com/ugorji/go/codec,46558
vendor/golang.org/x/net/context,243
vendor/gopkg.in/alexcesaro/statsd.v2,531
Filename, #,Concurrent Type, Line number , Number
/Users/nicolasdilley/go/src/github.com/nicolasdilley/gocurrency_tool/projects-gocurrency/CodisLabs++codis/pkg/utils/log/rolling.go,29,Mutex Lock(),70,
/Users/nicolasdilley/go/src/github.com/nicolasdilley/gocurrency_tool/projects-gocurrency/CodisLabs++codis/pkg/utils/log/rolling.go,28,Mutex Unlock(),71,
/Users/nicolasdilley/go/src/github.com/nicolasdilley/gocurrency_tool/projects-gocurrency/CodisLabs++codis/pkg/utils/log/rolling.go,29,Mutex Lock(),86,
/Users/nicolasdilley/go/src/github.com/nicolasdilley/gocurrency_tool/projects-gocurrency/CodisLabs++codis/pkg/utils/log/rolling.go,28,Mutex Unlock(),87,
/Users/nicolasdilley/go/src/github.com/nicolasdilley/gocurrency_tool/projects-gocurrency/CodisLabs++codis/pkg/utils/log/log.go,27,Mutex,132,
/Users/nicolasdilley/go/src/github.com/nicolasdilley/gocurrency_tool/projects-gocurrency/CodisLabs++codis/pkg/utils/log/log.go,27,Mutex,132,
/Users/nicolasdilley/go/src/github.com/nicolasdilley/gocurrency_tool/projects-gocurrency/CodisLabs++codis/pkg/utils/log/log.go,29,Mutex Lock(),182,
/Users/nicolasdilley/go/src/github.com/nicolasdilley/gocurrency_tool/projects-gocurrency/CodisLabs++codis/pkg/utils/log/log.go,28,Mutex Unlock(),183,
/Users/nicolasdilley/go/src/github.com/nicolasdilley/gocurrency_tool/projects-gocurrency/CodisLabs++codis/pkg/utils/log/log.go,29,Mutex Lock(),406,
/Users/nicolasdilley/go/src/github.com/nicolasdilley/gocurrency_tool/projects-gocurrency/CodisLabs++codis/pkg/utils/log/log.go,28,Mutex Unlock(),407,
/Users/nicolasdilley/go/src/github.com/nicolasdilley/gocurrency_tool/projects-gocurrency/CodisLabs++codis/pkg/utils/rpc/api.go,27,Mutex,34,
/Users/nicolasdilley/go/src/github.com/nicolasdilley/gocurrency_tool/projects-gocurrency/CodisLabs++codis/pkg/utils/rpc/api.go,27,Mutex,34,
/Users/nicolasdilley/go/src/github.com/nicolasdilley/gocurrency_tool/projects-gocurrency/CodisLabs++codis/pkg/utils/rpc/api.go,27,Mutex,34,
/Users/nicolasdilley/go/src/github.com/nicolasdilley/gocurrency_tool/projects-gocurrency/CodisLabs++codis/pkg/utils/rpc/api.go,27,Mutex,34,
/Users/nicolasdilley/go/src/github.com/nicolasdilley/gocurrency_tool/projects-gocurrency/CodisLabs++codis/pkg/utils/rpc/api.go,27,Mutex,34,
/Users/nicolasdilley/go/src/github.com/nicolasdilley/gocurrency_tool/projects-gocurrency/CodisLabs++codis/pkg/utils/rpc/api.go,27,Mutex,34,
/Users/nicolasdilley/go/src/github.com/nicolasdilley/gocurrency_tool/projects-gocurrency/CodisLabs++codis/pkg/utils/rpc/api.go,1,Goroutine,47,
/Users/nicolasdilley/go/src/github.com/nicolasdilley/gocurrency_tool/projects-gocurrency/CodisLabs++codis/pkg/models/etcd/etcdclient.go,27,Mutex,67,
/Users/nicolasdilley/go/src/github.com/nicolasdilley/gocurrency_tool/projects-gocurrency/CodisLabs++codis/pkg/models/etcd/etcdclient.go,4,Synchronous chan,269,
/Users/nicolasdilley/go/src/github.com/nicolasdilley/gocurrency_tool/projects-gocurrency/CodisLabs++codis/pkg/models/etcd/etcdclient.go,1,Goroutine,270,
/Users/nicolasdilley/go/src/github.com/nicolasdilley/gocurrency_tool/projects-gocurrency/CodisLabs++codis/pkg/models/etcd/etcdclient.go,15,Close chan,271,
/Users/nicolasdilley/go/src/github.com/nicolasdilley/gocurrency_tool/projects-gocurrency/CodisLabs++codis/pkg/models/etcd/etcdclient.go,4,Synchronous chan,327,
/Users/nicolasdilley/go/src/github.com/nicolasdilley/gocurrency_tool/projects-gocurrency/CodisLabs++codis/pkg/models/etcd/etcdclient.go,1,Goroutine,328,
/Users/nicolasdilley/go/src/github.com/nicolasdilley/gocurrency_tool/projects-gocurrency/CodisLabs++codis/pkg/models/etcd/etcdclient.go,15,Close chan,329,
/Users/nicolasdilley/go/src/github.com/nicolasdilley/gocurrency_tool/projects-gocurrency/CodisLabs++codis/pkg/proxy/slots.go,31,Waitgroup Wait(),57,
/Users/nicolasdilley/go/src/github.com/nicolasdilley/gocurrency_tool/projects-gocurrency/CodisLabs++codis/pkg/proxy/metrics.go,1,Goroutine,20,
/Users/nicolasdilley/go/src/github.com/nicolasdilley/gocurrency_tool/projects-gocurrency/CodisLabs++codis/pkg/proxy/metrics.go,2,Receive,31,
/Users/nicolasdilley/go/src/github.com/nicolasdilley/gocurrency_tool/projects-gocurrency/CodisLabs++codis/pkg/proxy/metrics.go,27,Mutex,129,
/Users/nicolasdilley/go/src/github.com/nicolasdilley/gocurrency_tool/projects-gocurrency/CodisLabs++codis/pkg/proxy/metrics.go,27,Mutex,137,
/Users/nicolasdilley/go/src/github.com/nicolasdilley/gocurrency_tool/projects-gocurrency/CodisLabs++codis/pkg/proxy/request_test.go,27,Mutex,17,
/Users/nicolasdilley/go/src/github.com/nicolasdilley/gocurrency_tool/projects-gocurrency/CodisLabs++codis/pkg/proxy/request_test.go,30,Waitgroup,23,
/Users/nicolasdilley/go/src/github.com/nicolasdilley/gocurrency_tool/projects-gocurrency/CodisLabs++codis/pkg/proxy/request_test.go,30,Waitgroup,23,
/Users/nicolasdilley/go/src/github.com/nicolasdilley/gocurrency_tool/projects-gocurrency/CodisLabs++codis/pkg/proxy/request_test.go,30,Waitgroup,30,
/Users/nicolasdilley/go/src/github.com/nicolasdilley/gocurrency_tool/projects-gocurrency/CodisLabs++codis/pkg/proxy/request_test.go,30,Waitgroup,30,
/Users/nicolasdilley/go/src/github.com/nicolasdilley/gocurrency_tool/projects-gocurrency/CodisLabs++codis/pkg/proxy/request_test.go,27,Mutex,35,
/Users/nicolasdilley/go/src/github.com/nicolasdilley/gocurrency_tool/projects-gocurrency/CodisLabs++codis/pkg/proxy/request_test.go,30,Waitgroup,45,
/Users/nicolasdilley/go/src/github.com/nicolasdilley/gocurrency_tool/projects-gocurrency/CodisLabs++codis/pkg/proxy/request_test.go,30,Waitgroup,45,
/Users/nicolasdilley/go/src/github.com/nicolasdilley/gocurrency_tool/projects-gocurrency/CodisLabs++codis/pkg/proxy/request_test.go,30,Waitgroup,50,
/Users/nicolasdilley/go/src/github.com/nicolasdilley/gocurrency_tool/projects-gocurrency/CodisLabs++codis/pkg/proxy/request_test.go,30,Waitgroup,50,
/Users/nicolasdilley/go/src/github.com/nicolasdilley/gocurrency_tool/projects-gocurrency/CodisLabs++codis/pkg/proxy/request_test.go,30,Waitgroup,55,
/Users/nicolasdilley/go/src/github.com/nicolasdilley/gocurrency_tool/projects-gocurrency/CodisLabs++codis/pkg/proxy/request_test.go,27,Mutex,56,
/Users/nicolasdilley/go/src/github.com/nicolasdilley/gocurrency_tool/projects-gocurrency/CodisLabs++codis/pkg/proxy/request_test.go,24,Waitgroup Add(const),60,&{10894253 INT 1} val is : 1
/Users/nicolasdilley/go/src/github.com/nicolasdilley/gocurrency_tool/projects-gocurrency/CodisLabs++codis/pkg/proxy/request_test.go,1,Goroutine,61,
/Users/nicolasdilley/go/src/github.com/nicolasdilley/gocurrency_tool/projects-gocurrency/CodisLabs++codis/pkg/proxy/request_test.go,26,Waitgroup Done(),62,
/Users/nicolasdilley/go/src/github.com/nicolasdilley/gocurrency_tool/projects-gocurrency/CodisLabs++codis/pkg/proxy/request_test.go,24,Waitgroup Add(const),71,&{10894424 INT 1} val is : 1
/Users/nicolasdilley/go/src/github.com/nicolasdilley/gocurrency_tool/projects-gocurrency/CodisLabs++codis/pkg/proxy/request_test.go,1,Goroutine,72,
/Users/nicolasdilley/go/src/github.com/nicolasdilley/gocurrency_tool/projects-gocurrency/CodisLabs++codis/pkg/proxy/request_test.go,26,Waitgroup Done(),73,
/Users/nicolasdilley/go/src/github.com/nicolasdilley/gocurrency_tool/projects-gocurrency/CodisLabs++codis/pkg/proxy/request_test.go,30,Waitgroup,75,
/Users/nicolasdilley/go/src/github.com/nicolasdilley/gocurrency_tool/projects-gocurrency/CodisLabs++codis/pkg/proxy/request_test.go,30,Waitgroup,75,
/Users/nicolasdilley/go/src/github.com/nicolasdilley/gocurrency_tool/projects-gocurrency/CodisLabs++codis/pkg/proxy/request_test.go,31,Waitgroup Wait(),83,
/Users/nicolasdilley/go/src/github.com/nicolasdilley/gocurrency_tool/projects-gocurrency/CodisLabs++codis/pkg/proxy/request_test.go,1,Goroutine,85,
/Users/nicolasdilley/go/src/github.com/nicolasdilley/gocurrency_tool/projects-gocurrency/CodisLabs++codis/pkg/proxy/request_test.go,30,Waitgroup,90,
/Users/nicolasdilley/go/src/github.com/nicolasdilley/gocurrency_tool/projects-gocurrency/CodisLabs++codis/pkg/proxy/request_test.go,30,Waitgroup,90,
/Users/nicolasdilley/go/src/github.com/nicolasdilley/gocurrency_tool/projects-gocurrency/CodisLabs++codis/pkg/proxy/request_test.go,30,Waitgroup,95,
/Users/nicolasdilley/go/src/github.com/nicolasdilley/gocurrency_tool/projects-gocurrency/CodisLabs++codis/pkg/proxy/request_test.go,30,Waitgroup,95,
/Users/nicolasdilley/go/src/github.com/nicolasdilley/gocurrency_tool/projects-gocurrency/CodisLabs++codis/pkg/proxy/request_test.go,8,Known chan length (length),98,1024
/Users/nicolasdilley/go/src/github.com/nicolasdilley/gocurrency_tool/projects-gocurrency/CodisLabs++codis/pkg/proxy/request_test.go,8,Known chan length (length),98,1024
/Users/nicolasdilley/go/src/github.com/nicolasdilley/gocurrency_tool/projects-gocurrency/CodisLabs++codis/pkg/proxy/request_test.go,1,Goroutine,99,
/Users/nicolasdilley/go/src/github.com/nicolasdilley/gocurrency_tool/projects-gocurrency/CodisLabs++codis/pkg/proxy/request_test.go,3,Send,101,
/Users/nicolasdilley/go/src/github.com/nicolasdilley/gocurrency_tool/projects-gocurrency/CodisLabs++codis/pkg/proxy/request_test.go,2,Receive,106,
/Users/nicolasdilley/go/src/github.com/nicolasdilley/gocurrency_tool/projects-gocurrency/CodisLabs++codis/pkg/proxy/request_test.go,30,Waitgroup,111,
/Users/nicolasdilley/go/src/github.com/nicolasdilley/gocurrency_tool/projects-gocurrency/CodisLabs++codis/pkg/proxy/request_test.go,30,Waitgroup,111,
/Users/nicolasdilley/go/src/github.com/nicolasdilley/gocurrency_tool/projects-gocurrency/CodisLabs++codis/pkg/proxy/request_test.go,27,Mutex,114,
/Users/nicolasdilley/go/src/github.com/nicolasdilley/gocurrency_tool/projects-gocurrency/CodisLabs++codis/pkg/proxy/request_test.go,1,Goroutine,115,
/Users/nicolasdilley/go/src/github.com/nicolasdilley/gocurrency_tool/projects-gocurrency/CodisLabs++codis/pkg/proxy/stats.go,1,Goroutine,65,
/Users/nicolasdilley/go/src/github.com/nicolasdilley/gocurrency_tool/projects-gocurrency/CodisLabs++codis/pkg/proxy/stats.go,1,Goroutine,201,
/Users/nicolasdilley/go/src/github.com/nicolasdilley/gocurrency_tool/projects-gocurrency/CodisLabs++codis/pkg/proxy/forward.go,27,Mutex,37,
/Users/nicolasdilley/go/src/github.com/nicolasdilley/gocurrency_tool/projects-gocurrency/CodisLabs++codis/pkg/proxy/forward.go,24,Waitgroup Add(const),60,&{10967616 INT 1} val is : 1
/Users/nicolasdilley/go/src/github.com/nicolasdilley/gocurrency_tool/projects-gocurrency/CodisLabs++codis/pkg/proxy/forward.go,27,Mutex,76,
/Users/nicolasdilley/go/src/github.com/nicolasdilley/gocurrency_tool/projects-gocurrency/CodisLabs++codis/pkg/proxy/forward.go,24,Waitgroup Add(const),130,&{10969096 INT 1} val is : 1
/Users/nicolasdilley/go/src/github.com/nicolasdilley/gocurrency_tool/projects-gocurrency/CodisLabs++codis/pkg/proxy/forward.go,30,Waitgroup,138,
/Users/nicolasdilley/go/src/github.com/nicolasdilley/gocurrency_tool/projects-gocurrency/CodisLabs++codis/pkg/proxy/forward.go,30,Waitgroup,138,
/Users/nicolasdilley/go/src/github.com/nicolasdilley/gocurrency_tool/projects-gocurrency/CodisLabs++codis/pkg/proxy/forward.go,31,Waitgroup Wait(),150,
/Users/nicolasdilley/go/src/github.com/nicolasdilley/gocurrency_tool/projects-gocurrency/CodisLabs++codis/pkg/proxy/forward.go,30,Waitgroup,170,
/Users/nicolasdilley/go/src/github.com/nicolasdilley/gocurrency_tool/projects-gocurrency/CodisLabs++codis/pkg/proxy/forward.go,30,Waitgroup,170,
/Users/nicolasdilley/go/src/github.com/nicolasdilley/gocurrency_tool/projects-gocurrency/CodisLabs++codis/pkg/proxy/forward.go,31,Waitgroup Wait(),181,
/Users/nicolasdilley/go/src/github.com/nicolasdilley/gocurrency_tool/projects-gocurrency/CodisLabs++codis/pkg/proxy/forward.go,27,Mutex,223,
/Users/nicolasdilley/go/src/github.com/nicolasdilley/gocurrency_tool/projects-gocurrency/CodisLabs++codis/pkg/proxy/request.go,30,Waitgroup,40,
/Users/nicolasdilley/go/src/github.com/nicolasdilley/gocurrency_tool/projects-gocurrency/CodisLabs++codis/pkg/proxy/request.go,30,Waitgroup,40,
/Users/nicolasdilley/go/src/github.com/nicolasdilley/gocurrency_tool/projects-gocurrency/CodisLabs++codis/pkg/proxy/request.go,27,Mutex,80,
/Users/nicolasdilley/go/src/github.com/nicolasdilley/gocurrency_tool/projects-gocurrency/CodisLabs++codis/pkg/proxy/request.go,29,Mutex Lock(),88,
/Users/nicolasdilley/go/src/github.com/nicolasdilley/gocurrency_tool/projects-gocurrency/CodisLabs++codis/pkg/proxy/request.go,28,Mutex Unlock(),93,
/Users/nicolasdilley/go/src/github.com/nicolasdilley/gocurrency_tool/projects-gocurrency/CodisLabs++codis/pkg/proxy/request.go,29,Mutex Lock(),97,
/Users/nicolasdilley/go/src/github.com/nicolasdilley/gocurrency_tool/projects-gocurrency/CodisLabs++codis/pkg/proxy/request.go,28,Mutex Unlock(),99,
/Users/nicolasdilley/go/src/github.com/nicolasdilley/gocurrency_tool/projects-gocurrency/CodisLabs++codis/pkg/proxy/request.go,29,Mutex Lock(),104,
/Users/nicolasdilley/go/src/github.com/nicolasdilley/gocurrency_tool/projects-gocurrency/CodisLabs++codis/pkg/proxy/request.go,28,Mutex Unlock(),106,
/Users/nicolasdilley/go/src/github.com/nicolasdilley/gocurrency_tool/projects-gocurrency/CodisLabs++codis/pkg/proxy/request.go,29,Mutex Lock(),111,
/Users/nicolasdilley/go/src/github.com/nicolasdilley/gocurrency_tool/projects-gocurrency/CodisLabs++codis/pkg/proxy/request.go,30,Waitgroup,112,
/Users/nicolasdilley/go/src/github.com/nicolasdilley/gocurrency_tool/projects-gocurrency/CodisLabs++codis/pkg/proxy/request.go,30,Waitgroup,112,
/Users/nicolasdilley/go/src/github.com/nicolasdilley/gocurrency_tool/projects-gocurrency/CodisLabs++codis/pkg/proxy/request.go,28,Mutex Unlock(),113,
/Users/nicolasdilley/go/src/github.com/nicolasdilley/gocurrency_tool/projects-gocurrency/CodisLabs++codis/pkg/proxy/request.go,30,Waitgroup,138,
/Users/nicolasdilley/go/src/github.com/nicolasdilley/gocurrency_tool/projects-gocurrency/CodisLabs++codis/pkg/proxy/request.go,30,Waitgroup,138,
/Users/nicolasdilley/go/src/github.com/nicolasdilley/gocurrency_tool/projects-gocurrency/CodisLabs++codis/pkg/proxy/request.go,30,Waitgroup,149,
/Users/nicolasdilley/go/src/github.com/nicolasdilley/gocurrency_tool/projects-gocurrency/CodisLabs++codis/pkg/proxy/request.go,30,Waitgroup,149,
/Users/nicolasdilley/go/src/github.com/nicolasdilley/gocurrency_tool/projects-gocurrency/CodisLabs++codis/pkg/proxy/jodis.go,29,Mutex Lock(),55,
/Users/nicolasdilley/go/src/github.com/nicolasdilley/gocurrency_tool/projects-gocurrency/CodisLabs++codis/pkg/proxy/jodis.go,28,Mutex Unlock(),56,
/Users/nicolasdilley/go/src/github.com/nicolasdilley/gocurrency_tool/projects-gocurrency/CodisLabs++codis/pkg/proxy/jodis.go,29,Mutex Lock(),61,
/Users/nicolasdilley/go/src/github.com/nicolasdilley/gocurrency_tool/projects-gocurrency/CodisLabs++codis/pkg/proxy/jodis.go,28,Mutex Unlock(),62,
/Users/nicolasdilley/go/src/github.com/nicolasdilley/gocurrency_tool/projects-gocurrency/CodisLabs++codis/pkg/proxy/jodis.go,29,Mutex Lock(),67,
/Users/nicolasdilley/go/src/github.com/nicolasdilley/gocurrency_tool/projects-gocurrency/CodisLabs++codis/pkg/proxy/jodis.go,28,Mutex Unlock(),68,
/Users/nicolasdilley/go/src/github.com/nicolasdilley/gocurrency_tool/projects-gocurrency/CodisLabs++codis/pkg/proxy/jodis.go,29,Mutex Lock(),85,
/Users/nicolasdilley/go/src/github.com/nicolasdilley/gocurrency_tool/projects-gocurrency/CodisLabs++codis/pkg/proxy/jodis.go,28,Mutex Unlock(),86,
/Users/nicolasdilley/go/src/github.com/nicolasdilley/gocurrency_tool/projects-gocurrency/CodisLabs++codis/pkg/proxy/jodis.go,29,Mutex Lock(),102,
/Users/nicolasdilley/go/src/github.com/nicolasdilley/gocurrency_tool/projects-gocurrency/CodisLabs++codis/pkg/proxy/jodis.go,28,Mutex Unlock(),103,
/Users/nicolasdilley/go/src/github.com/nicolasdilley/gocurrency_tool/projects-gocurrency/CodisLabs++codis/pkg/proxy/jodis.go,1,Goroutine,109,
/Users/nicolasdilley/go/src/github.com/nicolasdilley/gocurrency_tool/projects-gocurrency/CodisLabs++codis/pkg/proxy/jodis.go,2,Receive,120,
/Users/nicolasdilley/go/src/github.com/nicolasdilley/gocurrency_tool/projects-gocurrency/CodisLabs++codis/pkg/proxy/backend_test.go,8,Known chan length (length),25,1
/Users/nicolasdilley/go/src/github.com/nicolasdilley/gocurrency_tool/projects-gocurrency/CodisLabs++codis/pkg/proxy/backend_test.go,1,Goroutine,26,
/Users/nicolasdilley/go/src/github.com/nicolasdilley/gocurrency_tool/projects-gocurrency/CodisLabs++codis/pkg/proxy/backend_test.go,15,Close chan,27,
/Users/nicolasdilley/go/src/github.com/nicolasdilley/gocurrency_tool/projects-gocurrency/CodisLabs++codis/pkg/proxy/backend_test.go,3,Send,30,
/Users/nicolasdilley/go/src/github.com/nicolasdilley/gocurrency_tool/projects-gocurrency/CodisLabs++codis/pkg/proxy/backend_test.go,27,Mutex,33,
/Users/nicolasdilley/go/src/github.com/nicolasdilley/gocurrency_tool/projects-gocurrency/CodisLabs++codis/pkg/proxy/backend_test.go,2,Receive,34,
/Users/nicolasdilley/go/src/github.com/nicolasdilley/gocurrency_tool/projects-gocurrency/CodisLabs++codis/pkg/proxy/backend_test.go,27,Mutex,43,
/Users/nicolasdilley/go/src/github.com/nicolasdilley/gocurrency_tool/projects-gocurrency/CodisLabs++codis/pkg/proxy/backend_test.go,1,Goroutine,50,
/Users/nicolasdilley/go/src/github.com/nicolasdilley/gocurrency_tool/projects-gocurrency/CodisLabs++codis/pkg/proxy/backend_test.go,1,Goroutine,65,
/Users/nicolasdilley/go/src/github.com/nicolasdilley/gocurrency_tool/projects-gocurrency/CodisLabs++codis/pkg/proxy/backend_test.go,2,Receive,67,
/Users/nicolasdilley/go/src/github.com/nicolasdilley/gocurrency_tool/projects-gocurrency/CodisLabs++codis/pkg/proxy/backend_test.go,31,Waitgroup Wait(),77,
/Users/nicolasdilley/go/src/github.com/nicolasdilley/gocurrency_tool/projects-gocurrency/CodisLabs++codis/pkg/proxy/router.go,27,Mutex,33,
/Users/nicolasdilley/go/src/github.com/nicolasdilley/gocurrency_tool/projects-gocurrency/CodisLabs++codis/pkg/proxy/router.go,27,Mutex,81,
/Users/nicolasdilley/go/src/github.com/nicolasdilley/gocurrency_tool/projects-gocurrency/CodisLabs++codis/pkg/proxy/router.go,30,Waitgroup,81,
/Users/nicolasdilley/go/src/github.com/nicolasdilley/gocurrency_tool/projects-gocurrency/CodisLabs++codis/pkg/proxy/router.go,27,Mutex,142,
/Users/nicolasdilley/go/src/github.com/nicolasdilley/gocurrency_tool/projects-gocurrency/CodisLabs++codis/pkg/proxy/router.go,30,Waitgroup,142,
/Users/nicolasdilley/go/src/github.com/nicolasdilley/gocurrency_tool/projects-gocurrency/CodisLabs++codis/pkg/proxy/router.go,27,Mutex,150,
/Users/nicolasdilley/go/src/github.com/nicolasdilley/gocurrency_tool/projects-gocurrency/CodisLabs++codis/pkg/proxy/router.go,30,Waitgroup,150,
/Users/nicolasdilley/go/src/github.com/nicolasdilley/gocurrency_tool/projects-gocurrency/CodisLabs++codis/pkg/proxy/router.go,27,Mutex,157,
/Users/nicolasdilley/go/src/github.com/nicolasdilley/gocurrency_tool/projects-gocurrency/CodisLabs++codis/pkg/proxy/router.go,27,Mutex,161,
/Users/nicolasdilley/go/src/github.com/nicolasdilley/gocurrency_tool/projects-gocurrency/CodisLabs++codis/pkg/proxy/router.go,27,Mutex,169,
/Users/nicolasdilley/go/src/github.com/nicolasdilley/gocurrency_tool/projects-gocurrency/CodisLabs++codis/pkg/proxy/router.go,30,Waitgroup,169,
/Users/nicolasdilley/go/src/github.com/nicolasdilley/gocurrency_tool/projects-gocurrency/CodisLabs++codis/pkg/proxy/proxy_test.go,27,Mutex,30,
/Users/nicolasdilley/go/src/github.com/nicolasdilley/gocurrency_tool/projects-gocurrency/CodisLabs++codis/pkg/proxy/proxy_test.go,27,Mutex,30,
/Users/nicolasdilley/go/src/github.com/nicolasdilley/gocurrency_tool/projects-gocurrency/CodisLabs++codis/pkg/proxy/proxy_test.go,27,Mutex,30,
/Users/nicolasdilley/go/src/github.com/nicolasdilley/gocurrency_tool/projects-gocurrency/CodisLabs++codis/pkg/proxy/proxy_test.go,27,Mutex,36,
/Users/nicolasdilley/go/src/github.com/nicolasdilley/gocurrency_tool/projects-gocurrency/CodisLabs++codis/pkg/proxy/proxy_test.go,27,Mutex,36,
/Users/nicolasdilley/go/src/github.com/nicolasdilley/gocurrency_tool/projects-gocurrency/CodisLabs++codis/pkg/proxy/proxy_test.go,27,Mutex,36,
/Users/nicolasdilley/go/src/github.com/nicolasdilley/gocurrency_tool/projects-gocurrency/CodisLabs++codis/pkg/proxy/proxy_test.go,27,Mutex,48,
/Users/nicolasdilley/go/src/github.com/nicolasdilley/gocurrency_tool/projects-gocurrency/CodisLabs++codis/pkg/proxy/proxy_test.go,27,Mutex,48,
/Users/nicolasdilley/go/src/github.com/nicolasdilley/gocurrency_tool/projects-gocurrency/CodisLabs++codis/pkg/proxy/proxy_test.go,27,Mutex,48,
/Users/nicolasdilley/go/src/github.com/nicolasdilley/gocurrency_tool/projects-gocurrency/CodisLabs++codis/pkg/proxy/proxy_test.go,27,Mutex,79,
/Users/nicolasdilley/go/src/github.com/nicolasdilley/gocurrency_tool/projects-gocurrency/CodisLabs++codis/pkg/proxy/proxy_test.go,27,Mutex,79,
/Users/nicolasdilley/go/src/github.com/nicolasdilley/gocurrency_tool/projects-gocurrency/CodisLabs++codis/pkg/proxy/proxy_test.go,27,Mutex,79,
/Users/nicolasdilley/go/src/github.com/nicolasdilley/gocurrency_tool/projects-gocurrency/CodisLabs++codis/pkg/proxy/proxy_test.go,27,Mutex,114,
/Users/nicolasdilley/go/src/github.com/nicolasdilley/gocurrency_tool/projects-gocurrency/CodisLabs++codis/pkg/proxy/proxy_test.go,27,Mutex,114,
/Users/nicolasdilley/go/src/github.com/nicolasdilley/gocurrency_tool/projects-gocurrency/CodisLabs++codis/pkg/proxy/proxy_test.go,27,Mutex,114,
/Users/nicolasdilley/go/src/github.com/nicolasdilley/gocurrency_tool/projects-gocurrency/CodisLabs++codis/pkg/proxy/session.go,27,Mutex,74,
/Users/nicolasdilley/go/src/github.com/nicolasdilley/gocurrency_tool/projects-gocurrency/CodisLabs++codis/pkg/proxy/session.go,27,Mutex,74,
/Users/nicolasdilley/go/src/github.com/nicolasdilley/gocurrency_tool/projects-gocurrency/CodisLabs++codis/pkg/proxy/session.go,1,Goroutine,117,
/Users/nicolasdilley/go/src/github.com/nicolasdilley/gocurrency_tool/projects-gocurrency/CodisLabs++codis/pkg/proxy/session.go,1,Goroutine,128,
/Users/nicolasdilley/go/src/github.com/nicolasdilley/gocurrency_tool/projects-gocurrency/CodisLabs++codis/pkg/proxy/session.go,27,Mutex,138,
/Users/nicolasdilley/go/src/github.com/nicolasdilley/gocurrency_tool/projects-gocurrency/CodisLabs++codis/pkg/proxy/session.go,1,Goroutine,140,
/Users/nicolasdilley/go/src/github.com/nicolasdilley/gocurrency_tool/projects-gocurrency/CodisLabs++codis/pkg/proxy/session.go,1,Goroutine,145,
/Users/nicolasdilley/go/src/github.com/nicolasdilley/gocurrency_tool/projects-gocurrency/CodisLabs++codis/pkg/proxy/session.go,30,Waitgroup,180,
/Users/nicolasdilley/go/src/github.com/nicolasdilley/gocurrency_tool/projects-gocurrency/CodisLabs++codis/pkg/proxy/session.go,30,Waitgroup,180,
/Users/nicolasdilley/go/src/github.com/nicolasdilley/gocurrency_tool/projects-gocurrency/CodisLabs++codis/pkg/proxy/session.go,31,Waitgroup Wait(),243,
/Users/nicolasdilley/go/src/github.com/nicolasdilley/gocurrency_tool/projects-gocurrency/CodisLabs++codis/pkg/proxy/proxy_api.go,27,Mutex,30,
/Users/nicolasdilley/go/src/github.com/nicolasdilley/gocurrency_tool/projects-gocurrency/CodisLabs++codis/pkg/proxy/proxy_api.go,27,Mutex,53,
/Users/nicolasdilley/go/src/github.com/nicolasdilley/gocurrency_tool/projects-gocurrency/CodisLabs++codis/pkg/proxy/proxy_api.go,27,Mutex,53,
/Users/nicolasdilley/go/src/github.com/nicolasdilley/gocurrency_tool/projects-gocurrency/CodisLabs++codis/pkg/proxy/backend.go,27,Mutex,45,
/Users/nicolasdilley/go/src/github.com/nicolasdilley/gocurrency_tool/projects-gocurrency/CodisLabs++codis/pkg/proxy/backend.go,8,Known chan length (length),48,1024
/Users/nicolasdilley/go/src/github.com/nicolasdilley/gocurrency_tool/projects-gocurrency/CodisLabs++codis/pkg/proxy/backend.go,1,Goroutine,54,
/Users/nicolasdilley/go/src/github.com/nicolasdilley/gocurrency_tool/projects-gocurrency/CodisLabs++codis/pkg/proxy/backend.go,24,Waitgroup Add(const),76,&{10950215 INT 1} val is : 1
/Users/nicolasdilley/go/src/github.com/nicolasdilley/gocurrency_tool/projects-gocurrency/CodisLabs++codis/pkg/proxy/backend.go,3,Send,78,
/Users/nicolasdilley/go/src/github.com/nicolasdilley/gocurrency_tool/projects-gocurrency/CodisLabs++codis/pkg/proxy/backend.go,30,Waitgroup,87,
/Users/nicolasdilley/go/src/github.com/nicolasdilley/gocurrency_tool/projects-gocurrency/CodisLabs++codis/pkg/proxy/backend.go,30,Waitgroup,87,
/Users/nicolasdilley/go/src/github.com/nicolasdilley/gocurrency_tool/projects-gocurrency/CodisLabs++codis/pkg/proxy/backend.go,30,Waitgroup,94,
/Users/nicolasdilley/go/src/github.com/nicolasdilley/gocurrency_tool/projects-gocurrency/CodisLabs++codis/pkg/proxy/backend.go,30,Waitgroup,94,
/Users/nicolasdilley/go/src/github.com/nicolasdilley/gocurrency_tool/projects-gocurrency/CodisLabs++codis/pkg/proxy/backend.go,3,Send,101,
/Users/nicolasdilley/go/src/github.com/nicolasdilley/gocurrency_tool/projects-gocurrency/CodisLabs++codis/pkg/proxy/backend.go,31,Waitgroup Wait(),102,
/Users/nicolasdilley/go/src/github.com/nicolasdilley/gocurrency_tool/projects-gocurrency/CodisLabs++codis/pkg/proxy/backend.go,8,Known chan length (length),147,128
/Users/nicolasdilley/go/src/github.com/nicolasdilley/gocurrency_tool/projects-gocurrency/CodisLabs++codis/pkg/proxy/backend.go,1,Goroutine,150,
/Users/nicolasdilley/go/src/github.com/nicolasdilley/gocurrency_tool/projects-gocurrency/CodisLabs++codis/pkg/proxy/backend.go,6,Range over chan,151,
/Users/nicolasdilley/go/src/github.com/nicolasdilley/gocurrency_tool/projects-gocurrency/CodisLabs++codis/pkg/proxy/backend.go,9,Unknown chan length,177,
/Users/nicolasdilley/go/src/github.com/nicolasdilley/gocurrency_tool/projects-gocurrency/CodisLabs++codis/pkg/proxy/backend.go,1,Goroutine,178,
/Users/nicolasdilley/go/src/github.com/nicolasdilley/gocurrency_tool/projects-gocurrency/CodisLabs++codis/pkg/proxy/backend.go,26,Waitgroup Done(),244,
/Users/nicolasdilley/go/src/github.com/nicolasdilley/gocurrency_tool/projects-gocurrency/CodisLabs++codis/pkg/proxy/backend.go,26,Waitgroup Done(),247,
/Users/nicolasdilley/go/src/github.com/nicolasdilley/gocurrency_tool/projects-gocurrency/CodisLabs++codis/pkg/proxy/backend.go,20,Receive only chan (<-chan),276,
/Users/nicolasdilley/go/src/github.com/nicolasdilley/gocurrency_tool/projects-gocurrency/CodisLabs++codis/pkg/proxy/backend.go,16,Select (number of branch),316,2
/Users/nicolasdilley/go/src/github.com/nicolasdilley/gocurrency_tool/projects-gocurrency/CodisLabs++codis/pkg/proxy/backend.go,2,Receive,317,
/Users/nicolasdilley/go/src/github.com/nicolasdilley/gocurrency_tool/projects-gocurrency/CodisLabs++codis/pkg/proxy/backend.go,30,Waitgroup,319,
/Users/nicolasdilley/go/src/github.com/nicolasdilley/gocurrency_tool/projects-gocurrency/CodisLabs++codis/pkg/proxy/backend.go,30,Waitgroup,319,
/Users/nicolasdilley/go/src/github.com/nicolasdilley/gocurrency_tool/projects-gocurrency/CodisLabs++codis/pkg/proxy/backend.go,2,Receive,319,
/Users/nicolasdilley/go/src/github.com/nicolasdilley/gocurrency_tool/projects-gocurrency/CodisLabs++codis/pkg/proxy/backend.go,30,Waitgroup,331,
/Users/nicolasdilley/go/src/github.com/nicolasdilley/gocurrency_tool/projects-gocurrency/CodisLabs++codis/pkg/proxy/backend.go,30,Waitgroup,331,
/Users/nicolasdilley/go/src/github.com/nicolasdilley/gocurrency_tool/projects-gocurrency/CodisLabs++codis/pkg/proxy/backend.go,2,Receive,331,
/Users/nicolasdilley/go/src/github.com/nicolasdilley/gocurrency_tool/projects-gocurrency/CodisLabs++codis/pkg/proxy/backend.go,3,Send,364,
/Users/nicolasdilley/go/src/github.com/nicolasdilley/gocurrency_tool/projects-gocurrency/CodisLabs++codis/pkg/proxy/backend.go,27,Mutex,467,
/Users/nicolasdilley/go/src/github.com/nicolasdilley/gocurrency_tool/projects-gocurrency/CodisLabs++codis/pkg/proxy/backend.go,27,Mutex,479,
/Users/nicolasdilley/go/src/github.com/nicolasdilley/gocurrency_tool/projects-gocurrency/CodisLabs++codis/pkg/proxy/proxy.go,27,Mutex,66,
/Users/nicolasdilley/go/src/github.com/nicolasdilley/gocurrency_tool/projects-gocurrency/CodisLabs++codis/pkg/proxy/proxy.go,27,Mutex,66,
/Users/nicolasdilley/go/src/github.com/nicolasdilley/gocurrency_tool/projects-gocurrency/CodisLabs++codis/pkg/proxy/proxy.go,27,Mutex,66,
/Users/nicolasdilley/go/src/github.com/nicolasdilley/gocurrency_tool/projects-gocurrency/CodisLabs++codis/pkg/proxy/proxy.go,1,Goroutine,95,
/Users/nicolasdilley/go/src/github.com/nicolasdilley/gocurrency_tool/projects-gocurrency/CodisLabs++codis/pkg/proxy/proxy.go,1,Goroutine,96,
/Users/nicolasdilley/go/src/github.com/nicolasdilley/gocurrency_tool/projects-gocurrency/CodisLabs++codis/pkg/proxy/proxy.go,29,Mutex Lock(),161,
/Users/nicolasdilley/go/src/github.com/nicolasdilley/gocurrency_tool/projects-gocurrency/CodisLabs++codis/pkg/proxy/proxy.go,28,Mutex Unlock(),162,
/Users/nicolasdilley/go/src/github.com/nicolasdilley/gocurrency_tool/projects-gocurrency/CodisLabs++codis/pkg/proxy/proxy.go,29,Mutex Lock(),178,
/Users/nicolasdilley/go/src/github.com/nicolasdilley/gocurrency_tool/projects-gocurrency/CodisLabs++codis/pkg/proxy/proxy.go,28,Mutex Unlock(),179,
/Users/nicolasdilley/go/src/github.com/nicolasdilley/gocurrency_tool/projects-gocurrency/CodisLabs++codis/pkg/proxy/proxy.go,29,Mutex Lock(),217,
/Users/nicolasdilley/go/src/github.com/nicolasdilley/gocurrency_tool/projects-gocurrency/CodisLabs++codis/pkg/proxy/proxy.go,28,Mutex Unlock(),218,
/Users/nicolasdilley/go/src/github.com/nicolasdilley/gocurrency_tool/projects-gocurrency/CodisLabs++codis/pkg/proxy/proxy.go,29,Mutex Lock(),223,
/Users/nicolasdilley/go/src/github.com/nicolasdilley/gocurrency_tool/projects-gocurrency/CodisLabs++codis/pkg/proxy/proxy.go,28,Mutex Unlock(),224,
/Users/nicolasdilley/go/src/github.com/nicolasdilley/gocurrency_tool/projects-gocurrency/CodisLabs++codis/pkg/proxy/proxy.go,29,Mutex Lock(),229,
/Users/nicolasdilley/go/src/github.com/nicolasdilley/gocurrency_tool/projects-gocurrency/CodisLabs++codis/pkg/proxy/proxy.go,28,Mutex Unlock(),230,
/Users/nicolasdilley/go/src/github.com/nicolasdilley/gocurrency_tool/projects-gocurrency/CodisLabs++codis/pkg/proxy/proxy.go,29,Mutex Lock(),235,
/Users/nicolasdilley/go/src/github.com/nicolasdilley/gocurrency_tool/projects-gocurrency/CodisLabs++codis/pkg/proxy/proxy.go,28,Mutex Unlock(),236,
/Users/nicolasdilley/go/src/github.com/nicolasdilley/gocurrency_tool/projects-gocurrency/CodisLabs++codis/pkg/proxy/proxy.go,29,Mutex Lock(),241,
/Users/nicolasdilley/go/src/github.com/nicolasdilley/gocurrency_tool/projects-gocurrency/CodisLabs++codis/pkg/proxy/proxy.go,28,Mutex Unlock(),242,
/Users/nicolasdilley/go/src/github.com/nicolasdilley/gocurrency_tool/projects-gocurrency/CodisLabs++codis/pkg/proxy/proxy.go,29,Mutex Lock(),250,
/Users/nicolasdilley/go/src/github.com/nicolasdilley/gocurrency_tool/projects-gocurrency/CodisLabs++codis/pkg/proxy/proxy.go,28,Mutex Unlock(),251,
/Users/nicolasdilley/go/src/github.com/nicolasdilley/gocurrency_tool/projects-gocurrency/CodisLabs++codis/pkg/proxy/proxy.go,29,Mutex Lock(),264,
/Users/nicolasdilley/go/src/github.com/nicolasdilley/gocurrency_tool/projects-gocurrency/CodisLabs++codis/pkg/proxy/proxy.go,28,Mutex Unlock(),265,
/Users/nicolasdilley/go/src/github.com/nicolasdilley/gocurrency_tool/projects-gocurrency/CodisLabs++codis/pkg/proxy/proxy.go,29,Mutex Lock(),278,
/Users/nicolasdilley/go/src/github.com/nicolasdilley/gocurrency_tool/projects-gocurrency/CodisLabs++codis/pkg/proxy/proxy.go,28,Mutex Unlock(),279,
/Users/nicolasdilley/go/src/github.com/nicolasdilley/gocurrency_tool/projects-gocurrency/CodisLabs++codis/pkg/proxy/proxy.go,29,Mutex Lock(),287,
/Users/nicolasdilley/go/src/github.com/nicolasdilley/gocurrency_tool/projects-gocurrency/CodisLabs++codis/pkg/proxy/proxy.go,28,Mutex Unlock(),288,
/Users/nicolasdilley/go/src/github.com/nicolasdilley/gocurrency_tool/projects-gocurrency/CodisLabs++codis/pkg/proxy/proxy.go,29,Mutex Lock(),300,
/Users/nicolasdilley/go/src/github.com/nicolasdilley/gocurrency_tool/projects-gocurrency/CodisLabs++codis/pkg/proxy/proxy.go,28,Mutex Unlock(),301,
/Users/nicolasdilley/go/src/github.com/nicolasdilley/gocurrency_tool/projects-gocurrency/CodisLabs++codis/pkg/proxy/proxy.go,1,Goroutine,321,
/Users/nicolasdilley/go/src/github.com/nicolasdilley/gocurrency_tool/projects-gocurrency/CodisLabs++codis/pkg/proxy/proxy.go,8,Known chan length (length),322,1
/Users/nicolasdilley/go/src/github.com/nicolasdilley/gocurrency_tool/projects-gocurrency/CodisLabs++codis/pkg/proxy/proxy.go,8,Known chan length (length),322,1
/Users/nicolasdilley/go/src/github.com/nicolasdilley/gocurrency_tool/projects-gocurrency/CodisLabs++codis/pkg/proxy/proxy.go,1,Goroutine,332,
/Users/nicolasdilley/go/src/github.com/nicolasdilley/gocurrency_tool/projects-gocurrency/CodisLabs++codis/pkg/proxy/proxy.go,15,Close chan,333,
/Users/nicolasdilley/go/src/github.com/nicolasdilley/gocurrency_tool/projects-gocurrency/CodisLabs++codis/pkg/proxy/proxy.go,17,Select with default (number of branch),335,2
/Users/nicolasdilley/go/src/github.com/nicolasdilley/gocurrency_tool/projects-gocurrency/CodisLabs++codis/pkg/proxy/proxy.go,3,Send,336,
/Users/nicolasdilley/go/src/github.com/nicolasdilley/gocurrency_tool/projects-gocurrency/CodisLabs++codis/pkg/proxy/proxy.go,1,Goroutine,350,
/Users/nicolasdilley/go/src/github.com/nicolasdilley/gocurrency_tool/projects-gocurrency/CodisLabs++codis/pkg/proxy/proxy.go,6,Range over chan,351,
/Users/nicolasdilley/go/src/github.com/nicolasdilley/gocurrency_tool/projects-gocurrency/CodisLabs++codis/pkg/proxy/proxy.go,8,Known chan length (length),380,1
/Users/nicolasdilley/go/src/github.com/nicolasdilley/gocurrency_tool/projects-gocurrency/CodisLabs++codis/pkg/proxy/proxy.go,1,Goroutine,381,
/Users/nicolasdilley/go/src/github.com/nicolasdilley/gocurrency_tool/projects-gocurrency/CodisLabs++codis/pkg/proxy/proxy.go,27,Mutex,382,
/Users/nicolasdilley/go/src/github.com/nicolasdilley/gocurrency_tool/projects-gocurrency/CodisLabs++codis/pkg/proxy/proxy.go,27,Mutex,384,
/Users/nicolasdilley/go/src/github.com/nicolasdilley/gocurrency_tool/projects-gocurrency/CodisLabs++codis/pkg/proxy/proxy.go,27,Mutex,384,
/Users/nicolasdilley/go/src/github.com/nicolasdilley/gocurrency_tool/projects-gocurrency/CodisLabs++codis/pkg/proxy/proxy.go,27,Mutex,384,
/Users/nicolasdilley/go/src/github.com/nicolasdilley/gocurrency_tool/projects-gocurrency/CodisLabs++codis/pkg/proxy/proxy.go,27,Mutex,384,
/Users/nicolasdilley/go/src/github.com/nicolasdilley/gocurrency_tool/projects-gocurrency/CodisLabs++codis/pkg/proxy/proxy.go,3,Send,385,
/Users/nicolasdilley/go/src/github.com/nicolasdilley/gocurrency_tool/projects-gocurrency/CodisLabs++codis/pkg/proxy/proxy.go,16,Select (number of branch),388,2
/Users/nicolasdilley/go/src/github.com/nicolasdilley/gocurrency_tool/projects-gocurrency/CodisLabs++codis/pkg/proxy/proxy.go,2,Receive,389,
/Users/nicolasdilley/go/src/github.com/nicolasdilley/gocurrency_tool/projects-gocurrency/CodisLabs++codis/pkg/proxy/proxy.go,2,Receive,391,
/Users/nicolasdilley/go/src/github.com/nicolasdilley/gocurrency_tool/projects-gocurrency/CodisLabs++codis/pkg/proxy/proxy.go,8,Known chan length (length),404,1
/Users/nicolasdilley/go/src/github.com/nicolasdilley/gocurrency_tool/projects-gocurrency/CodisLabs++codis/pkg/proxy/proxy.go,1,Goroutine,405,
/Users/nicolasdilley/go/src/github.com/nicolasdilley/gocurrency_tool/projects-gocurrency/CodisLabs++codis/pkg/proxy/proxy.go,3,Send,407,
/Users/nicolasdilley/go/src/github.com/nicolasdilley/gocurrency_tool/projects-gocurrency/CodisLabs++codis/pkg/proxy/proxy.go,1,Goroutine,419,
/Users/nicolasdilley/go/src/github.com/nicolasdilley/gocurrency_tool/projects-gocurrency/CodisLabs++codis/pkg/proxy/proxy.go,16,Select (number of branch),422,2
/Users/nicolasdilley/go/src/github.com/nicolasdilley/gocurrency_tool/projects-gocurrency/CodisLabs++codis/pkg/proxy/proxy.go,2,Receive,423,
/Users/nicolasdilley/go/src/github.com/nicolasdilley/gocurrency_tool/projects-gocurrency/CodisLabs++codis/pkg/proxy/proxy.go,2,Receive,425,
/Users/nicolasdilley/go/src/github.com/nicolasdilley/gocurrency_tool/projects-gocurrency/CodisLabs++codis/pkg/proxy/proxy.go,16,Select (number of branch),434,2
/Users/nicolasdilley/go/src/github.com/nicolasdilley/gocurrency_tool/projects-gocurrency/CodisLabs++codis/pkg/proxy/proxy.go,2,Receive,435,
/Users/nicolasdilley/go/src/github.com/nicolasdilley/gocurrency_tool/projects-gocurrency/CodisLabs++codis/pkg/proxy/proxy.go,2,Receive,437,
/Users/nicolasdilley/go/src/github.com/nicolasdilley/gocurrency_tool/projects-gocurrency/CodisLabs++codis/pkg/utils/sync2/future.go,24,Waitgroup Add(const),21,&{2205879 INT 1} val is : 1
/Users/nicolasdilley/go/src/github.com/nicolasdilley/gocurrency_tool/projects-gocurrency/CodisLabs++codis/pkg/utils/sync2/future.go,26,Waitgroup Done(),29,
/Users/nicolasdilley/go/src/github.com/nicolasdilley/gocurrency_tool/projects-gocurrency/CodisLabs++codis/pkg/utils/sync2/future.go,31,Waitgroup Wait(),33,
/Users/nicolasdilley/go/src/github.com/nicolasdilley/gocurrency_tool/projects-gocurrency/CodisLabs++codis/pkg/models/zk/zkclient.go,27,Mutex,58,
/Users/nicolasdilley/go/src/github.com/nicolasdilley/gocurrency_tool/projects-gocurrency/CodisLabs++codis/pkg/models/zk/zkclient.go,27,Mutex,58,
/Users/nicolasdilley/go/src/github.com/nicolasdilley/gocurrency_tool/projects-gocurrency/CodisLabs++codis/pkg/models/zk/zkclient.go,27,Mutex,58,
/Users/nicolasdilley/go/src/github.com/nicolasdilley/gocurrency_tool/projects-gocurrency/CodisLabs++codis/pkg/models/zk/zkclient.go,27,Mutex,58,
/Users/nicolasdilley/go/src/github.com/nicolasdilley/gocurrency_tool/projects-gocurrency/CodisLabs++codis/pkg/models/zk/zkclient.go,27,Mutex,58,
/Users/nicolasdilley/go/src/github.com/nicolasdilley/gocurrency_tool/projects-gocurrency/CodisLabs++codis/pkg/models/zk/zkclient.go,27,Mutex,78,
/Users/nicolasdilley/go/src/github.com/nicolasdilley/gocurrency_tool/projects-gocurrency/CodisLabs++codis/pkg/models/zk/zkclient.go,27,Mutex,78,
/Users/nicolasdilley/go/src/github.com/nicolasdilley/gocurrency_tool/projects-gocurrency/CodisLabs++codis/pkg/models/zk/zkclient.go,27,Mutex,78,
/Users/nicolasdilley/go/src/github.com/nicolasdilley/gocurrency_tool/projects-gocurrency/CodisLabs++codis/pkg/models/zk/zkclient.go,27,Mutex,78,
/Users/nicolasdilley/go/src/github.com/nicolasdilley/gocurrency_tool/projects-gocurrency/CodisLabs++codis/pkg/models/zk/zkclient.go,1,Goroutine,97,
/Users/nicolasdilley/go/src/github.com/nicolasdilley/gocurrency_tool/projects-gocurrency/CodisLabs++codis/pkg/models/zk/zkclient.go,4,Synchronous chan,257,
/Users/nicolasdilley/go/src/github.com/nicolasdilley/gocurrency_tool/projects-gocurrency/CodisLabs++codis/pkg/models/zk/zkclient.go,1,Goroutine,258,
/Users/nicolasdilley/go/src/github.com/nicolasdilley/gocurrency_tool/projects-gocurrency/CodisLabs++codis/pkg/models/zk/zkclient.go,15,Close chan,259,
/Users/nicolasdilley/go/src/github.com/nicolasdilley/gocurrency_tool/projects-gocurrency/CodisLabs++codis/pkg/models/zk/zkclient.go,2,Receive,260,
/Users/nicolasdilley/go/src/github.com/nicolasdilley/gocurrency_tool/projects-gocurrency/CodisLabs++codis/pkg/models/zk/zkclient.go,4,Synchronous chan,427,
/Users/nicolasdilley/go/src/github.com/nicolasdilley/gocurrency_tool/projects-gocurrency/CodisLabs++codis/pkg/models/zk/zkclient.go,1,Goroutine,428,
/Users/nicolasdilley/go/src/github.com/nicolasdilley/gocurrency_tool/projects-gocurrency/CodisLabs++codis/pkg/models/zk/zkclient.go,15,Close chan,429,
/Users/nicolasdilley/go/src/github.com/nicolasdilley/gocurrency_tool/projects-gocurrency/CodisLabs++codis/pkg/models/zk/zkclient.go,2,Receive,430,
/Users/nicolasdilley/go/src/github.com/nicolasdilley/gocurrency_tool/projects-gocurrency/CodisLabs++codis/pkg/proxy/redis/conn_test.go,8,Known chan length (length),22,1
/Users/nicolasdilley/go/src/github.com/nicolasdilley/gocurrency_tool/projects-gocurrency/CodisLabs++codis/pkg/proxy/redis/conn_test.go,1,Goroutine,23,
/Users/nicolasdilley/go/src/github.com/nicolasdilley/gocurrency_tool/projects-gocurrency/CodisLabs++codis/pkg/proxy/redis/conn_test.go,15,Close chan,24,
/Users/nicolasdilley/go/src/github.com/nicolasdilley/gocurrency_tool/projects-gocurrency/CodisLabs++codis/pkg/proxy/redis/conn_test.go,3,Send,27,
/Users/nicolasdilley/go/src/github.com/nicolasdilley/gocurrency_tool/projects-gocurrency/CodisLabs++codis/pkg/proxy/redis/conn_test.go,2,Receive,35,
/Users/nicolasdilley/go/src/github.com/nicolasdilley/gocurrency_tool/projects-gocurrency/CodisLabs++codis/pkg/topom/topom_action.go,5,Go in for,55,
/Users/nicolasdilley/go/src/github.com/nicolasdilley/gocurrency_tool/projects-gocurrency/CodisLabs++codis/pkg/topom/topom_action.go,1,Goroutine,55,
/Users/nicolasdilley/go/src/github.com/nicolasdilley/gocurrency_tool/projects-gocurrency/CodisLabs++codis/pkg/topom/topom_stats.go,4,Synchronous chan,28,
/Users/nicolasdilley/go/src/github.com/nicolasdilley/gocurrency_tool/projects-gocurrency/CodisLabs++codis/pkg/topom/topom_stats.go,4,Synchronous chan,28,
/Users/nicolasdilley/go/src/github.com/nicolasdilley/gocurrency_tool/projects-gocurrency/CodisLabs++codis/pkg/topom/topom_stats.go,1,Goroutine,31,
/Users/nicolasdilley/go/src/github.com/nicolasdilley/gocurrency_tool/projects-gocurrency/CodisLabs++codis/pkg/topom/topom_stats.go,15,Close chan,32,
/Users/nicolasdilley/go/src/github.com/nicolasdilley/gocurrency_tool/projects-gocurrency/CodisLabs++codis/pkg/topom/topom_stats.go,16,Select (number of branch),41,2
/Users/nicolasdilley/go/src/github.com/nicolasdilley/gocurrency_tool/projects-gocurrency/CodisLabs++codis/pkg/topom/topom_stats.go,2,Receive,42,
/Users/nicolasdilley/go/src/github.com/nicolasdilley/gocurrency_tool/projects-gocurrency/CodisLabs++codis/pkg/topom/topom_stats.go,2,Receive,44,
/Users/nicolasdilley/go/src/github.com/nicolasdilley/gocurrency_tool/projects-gocurrency/CodisLabs++codis/pkg/topom/topom_stats.go,29,Mutex Lock(),50,
/Users/nicolasdilley/go/src/github.com/nicolasdilley/gocurrency_tool/projects-gocurrency/CodisLabs++codis/pkg/topom/topom_stats.go,28,Mutex Unlock(),51,
/Users/nicolasdilley/go/src/github.com/nicolasdilley/gocurrency_tool/projects-gocurrency/CodisLabs++codis/pkg/topom/topom_stats.go,27,Mutex,52,
/Users/nicolasdilley/go/src/github.com/nicolasdilley/gocurrency_tool/projects-gocurrency/CodisLabs++codis/pkg/topom/topom_stats.go,1,Goroutine,59,
/Users/nicolasdilley/go/src/github.com/nicolasdilley/gocurrency_tool/projects-gocurrency/CodisLabs++codis/pkg/topom/topom_stats.go,1,Goroutine,95,
/Users/nicolasdilley/go/src/github.com/nicolasdilley/gocurrency_tool/projects-gocurrency/CodisLabs++codis/pkg/topom/topom_stats.go,29,Mutex Lock(),100,
/Users/nicolasdilley/go/src/github.com/nicolasdilley/gocurrency_tool/projects-gocurrency/CodisLabs++codis/pkg/topom/topom_stats.go,28,Mutex Unlock(),101,
/Users/nicolasdilley/go/src/github.com/nicolasdilley/gocurrency_tool/projects-gocurrency/CodisLabs++codis/pkg/topom/topom_stats.go,4,Synchronous chan,116,
/Users/nicolasdilley/go/src/github.com/nicolasdilley/gocurrency_tool/projects-gocurrency/CodisLabs++codis/pkg/topom/topom_stats.go,4,Synchronous chan,116,
/Users/nicolasdilley/go/src/github.com/nicolasdilley/gocurrency_tool/projects-gocurrency/CodisLabs++codis/pkg/topom/topom_stats.go,1,Goroutine,119,
/Users/nicolasdilley/go/src/github.com/nicolasdilley/gocurrency_tool/projects-gocurrency/CodisLabs++codis/pkg/topom/topom_stats.go,15,Close chan,120,
/Users/nicolasdilley/go/src/github.com/nicolasdilley/gocurrency_tool/projects-gocurrency/CodisLabs++codis/pkg/topom/topom_stats.go,16,Select (number of branch),129,2
/Users/nicolasdilley/go/src/github.com/nicolasdilley/gocurrency_tool/projects-gocurrency/CodisLabs++codis/pkg/topom/topom_stats.go,2,Receive,130,
/Users/nicolasdilley/go/src/github.com/nicolasdilley/gocurrency_tool/projects-gocurrency/CodisLabs++codis/pkg/topom/topom_stats.go,2,Receive,132,
/Users/nicolasdilley/go/src/github.com/nicolasdilley/gocurrency_tool/projects-gocurrency/CodisLabs++codis/pkg/topom/topom_stats.go,29,Mutex Lock(),138,
/Users/nicolasdilley/go/src/github.com/nicolasdilley/gocurrency_tool/projects-gocurrency/CodisLabs++codis/pkg/topom/topom_stats.go,28,Mutex Unlock(),139,
/Users/nicolasdilley/go/src/github.com/nicolasdilley/gocurrency_tool/projects-gocurrency/CodisLabs++codis/pkg/topom/topom_stats.go,27,Mutex,140,
/Users/nicolasdilley/go/src/github.com/nicolasdilley/gocurrency_tool/projects-gocurrency/CodisLabs++codis/pkg/topom/topom_stats.go,5,Go in for,147,
/Users/nicolasdilley/go/src/github.com/nicolasdilley/gocurrency_tool/projects-gocurrency/CodisLabs++codis/pkg/topom/topom_stats.go,1,Goroutine,147,
/Users/nicolasdilley/go/src/github.com/nicolasdilley/gocurrency_tool/projects-gocurrency/CodisLabs++codis/pkg/topom/topom_stats.go,1,Goroutine,162,
/Users/nicolasdilley/go/src/github.com/nicolasdilley/gocurrency_tool/projects-gocurrency/CodisLabs++codis/pkg/topom/topom_stats.go,29,Mutex Lock(),167,
/Users/nicolasdilley/go/src/github.com/nicolasdilley/gocurrency_tool/projects-gocurrency/CodisLabs++codis/pkg/topom/topom_stats.go,28,Mutex Unlock(),168,
/Users/nicolasdilley/go/src/github.com/nicolasdilley/gocurrency_tool/projects-gocurrency/CodisLabs++codis/pkg/topom/topom_api_test.go,27,Mutex,21,
/Users/nicolasdilley/go/src/github.com/nicolasdilley/gocurrency_tool/projects-gocurrency/CodisLabs++codis/pkg/topom/topom_api_test.go,27,Mutex,42,
/Users/nicolasdilley/go/src/github.com/nicolasdilley/gocurrency_tool/projects-gocurrency/CodisLabs++codis/pkg/topom/topom_api_test.go,27,Mutex,72,
/Users/nicolasdilley/go/src/github.com/nicolasdilley/gocurrency_tool/projects-gocurrency/CodisLabs++codis/pkg/topom/topom_api_test.go,27,Mutex,97,
/Users/nicolasdilley/go/src/github.com/nicolasdilley/gocurrency_tool/projects-gocurrency/CodisLabs++codis/pkg/topom/topom_proxy_test.go,27,Mutex,13,
/Users/nicolasdilley/go/src/github.com/nicolasdilley/gocurrency_tool/projects-gocurrency/CodisLabs++codis/pkg/topom/topom_proxy_test.go,27,Mutex,17,
/Users/nicolasdilley/go/src/github.com/nicolasdilley/gocurrency_tool/projects-gocurrency/CodisLabs++codis/pkg/topom/topom_proxy_test.go,27,Mutex,47,
/Users/nicolasdilley/go/src/github.com/nicolasdilley/gocurrency_tool/projects-gocurrency/CodisLabs++codis/pkg/topom/topom_proxy_test.go,27,Mutex,51,
/Users/nicolasdilley/go/src/github.com/nicolasdilley/gocurrency_tool/projects-gocurrency/CodisLabs++codis/pkg/topom/topom_proxy.go,29,Mutex Lock(),15,
/Users/nicolasdilley/go/src/github.com/nicolasdilley/gocurrency_tool/projects-gocurrency/CodisLabs++codis/pkg/topom/topom_proxy.go,28,Mutex Unlock(),16,
/Users/nicolasdilley/go/src/github.com/nicolasdilley/gocurrency_tool/projects-gocurrency/CodisLabs++codis/pkg/topom/topom_proxy.go,27,Mutex,17,
/Users/nicolasdilley/go/src/github.com/nicolasdilley/gocurrency_tool/projects-gocurrency/CodisLabs++codis/pkg/topom/topom_proxy.go,29,Mutex Lock(),46,
/Users/nicolasdilley/go/src/github.com/nicolasdilley/gocurrency_tool/projects-gocurrency/CodisLabs++codis/pkg/topom/topom_proxy.go,28,Mutex Unlock(),47,
/Users/nicolasdilley/go/src/github.com/nicolasdilley/gocurrency_tool/projects-gocurrency/CodisLabs++codis/pkg/topom/topom_proxy.go,27,Mutex,48,
/Users/nicolasdilley/go/src/github.com/nicolasdilley/gocurrency_tool/projects-gocurrency/CodisLabs++codis/pkg/topom/topom_proxy.go,29,Mutex Lock(),79,
/Users/nicolasdilley/go/src/github.com/nicolasdilley/gocurrency_tool/projects-gocurrency/CodisLabs++codis/pkg/topom/topom_proxy.go,28,Mutex Unlock(),80,
/Users/nicolasdilley/go/src/github.com/nicolasdilley/gocurrency_tool/projects-gocurrency/CodisLabs++codis/pkg/topom/topom_proxy.go,27,Mutex,81,
/Users/nicolasdilley/go/src/github.com/nicolasdilley/gocurrency_tool/projects-gocurrency/CodisLabs++codis/pkg/topom/topom_proxy.go,29,Mutex Lock(),104,
/Users/nicolasdilley/go/src/github.com/nicolasdilley/gocurrency_tool/projects-gocurrency/CodisLabs++codis/pkg/topom/topom_proxy.go,28,Mutex Unlock(),105,
/Users/nicolasdilley/go/src/github.com/nicolasdilley/gocurrency_tool/projects-gocurrency/CodisLabs++codis/pkg/topom/topom_proxy.go,27,Mutex,106,
/Users/nicolasdilley/go/src/github.com/nicolasdilley/gocurrency_tool/projects-gocurrency/CodisLabs++codis/pkg/topom/topom_proxy.go,5,Go in for,154,
/Users/nicolasdilley/go/src/github.com/nicolasdilley/gocurrency_tool/projects-gocurrency/CodisLabs++codis/pkg/topom/topom_proxy.go,1,Goroutine,154,
/Users/nicolasdilley/go/src/github.com/nicolasdilley/gocurrency_tool/projects-gocurrency/CodisLabs++codis/pkg/topom/topom_group_test.go,27,Mutex,14,
/Users/nicolasdilley/go/src/github.com/nicolasdilley/gocurrency_tool/projects-gocurrency/CodisLabs++codis/pkg/topom/topom_group_test.go,27,Mutex,22,
/Users/nicolasdilley/go/src/github.com/nicolasdilley/gocurrency_tool/projects-gocurrency/CodisLabs++codis/pkg/topom/topom_group_test.go,27,Mutex,39,
/Users/nicolasdilley/go/src/github.com/nicolasdilley/gocurrency_tool/projects-gocurrency/CodisLabs++codis/pkg/topom/topom_group_test.go,27,Mutex,62,
/Users/nicolasdilley/go/src/github.com/nicolasdilley/gocurrency_tool/projects-gocurrency/CodisLabs++codis/pkg/topom/topom_group_test.go,27,Mutex,91,
/Users/nicolasdilley/go/src/github.com/nicolasdilley/gocurrency_tool/projects-gocurrency/CodisLabs++codis/pkg/topom/topom_group_test.go,27,Mutex,138,
/Users/nicolasdilley/go/src/github.com/nicolasdilley/gocurrency_tool/projects-gocurrency/CodisLabs++codis/pkg/topom/topom_cache_test.go,27,Mutex,14,
/Users/nicolasdilley/go/src/github.com/nicolasdilley/gocurrency_tool/projects-gocurrency/CodisLabs++codis/pkg/topom/topom_cache_test.go,27,Mutex,47,
/Users/nicolasdilley/go/src/github.com/nicolasdilley/gocurrency_tool/projects-gocurrency/CodisLabs++codis/pkg/topom/topom_cache_test.go,27,Mutex,53,
/Users/nicolasdilley/go/src/github.com/nicolasdilley/gocurrency_tool/projects-gocurrency/CodisLabs++codis/pkg/topom/topom_cache_test.go,27,Mutex,94,
/Users/nicolasdilley/go/src/github.com/nicolasdilley/gocurrency_tool/projects-gocurrency/CodisLabs++codis/pkg/topom/topom_cache_test.go,27,Mutex,100,
/Users/nicolasdilley/go/src/github.com/nicolasdilley/gocurrency_tool/projects-gocurrency/CodisLabs++codis/pkg/topom/context_test.go,27,Mutex,14,
/Users/nicolasdilley/go/src/github.com/nicolasdilley/gocurrency_tool/projects-gocurrency/CodisLabs++codis/pkg/topom/context_test.go,27,Mutex,24,
/Users/nicolasdilley/go/src/github.com/nicolasdilley/gocurrency_tool/projects-gocurrency/CodisLabs++codis/pkg/topom/topom_action_test.go,27,Mutex,14,
/Users/nicolasdilley/go/src/github.com/nicolasdilley/gocurrency_tool/projects-gocurrency/CodisLabs++codis/pkg/topom/topom_action_test.go,27,Mutex,65,
/Users/nicolasdilley/go/src/github.com/nicolasdilley/gocurrency_tool/projects-gocurrency/CodisLabs++codis/pkg/topom/topom_test.go,27,Mutex,47,
/Users/nicolasdilley/go/src/github.com/nicolasdilley/gocurrency_tool/projects-gocurrency/CodisLabs++codis/pkg/topom/topom_test.go,27,Mutex,74,
/Users/nicolasdilley/go/src/github.com/nicolasdilley/gocurrency_tool/projects-gocurrency/CodisLabs++codis/pkg/topom/topom_test.go,27,Mutex,85,
/Users/nicolasdilley/go/src/github.com/nicolasdilley/gocurrency_tool/projects-gocurrency/CodisLabs++codis/pkg/topom/topom_test.go,27,Mutex,91,
/Users/nicolasdilley/go/src/github.com/nicolasdilley/gocurrency_tool/projects-gocurrency/CodisLabs++codis/pkg/topom/topom_test.go,27,Mutex,97,
/Users/nicolasdilley/go/src/github.com/nicolasdilley/gocurrency_tool/projects-gocurrency/CodisLabs++codis/pkg/topom/topom_stats_test.go,27,Mutex,20,
/Users/nicolasdilley/go/src/github.com/nicolasdilley/gocurrency_tool/projects-gocurrency/CodisLabs++codis/pkg/topom/topom_stats_test.go,27,Mutex,68,
/Users/nicolasdilley/go/src/github.com/nicolasdilley/gocurrency_tool/projects-gocurrency/CodisLabs++codis/pkg/topom/topom_stats_test.go,1,Goroutine,134,
/Users/nicolasdilley/go/src/github.com/nicolasdilley/gocurrency_tool/projects-gocurrency/CodisLabs++codis/pkg/topom/topom_stats_test.go,5,Go in for,141,
/Users/nicolasdilley/go/src/github.com/nicolasdilley/gocurrency_tool/projects-gocurrency/CodisLabs++codis/pkg/topom/topom_stats_test.go,1,Goroutine,141,
/Users/nicolasdilley/go/src/github.com/nicolasdilley/gocurrency_tool/projects-gocurrency/CodisLabs++codis/pkg/topom/topom_sentinel.go,29,Mutex Lock(),18,
/Users/nicolasdilley/go/src/github.com/nicolasdilley/gocurrency_tool/projects-gocurrency/CodisLabs++codis/pkg/topom/topom_sentinel.go,28,Mutex Unlock(),19,
/Users/nicolasdilley/go/src/github.com/nicolasdilley/gocurrency_tool/projects-gocurrency/CodisLabs++codis/pkg/topom/topom_sentinel.go,27,Mutex,20,
/Users/nicolasdilley/go/src/github.com/nicolasdilley/gocurrency_tool/projects-gocurrency/CodisLabs++codis/pkg/topom/topom_sentinel.go,29,Mutex Lock(),48,
/Users/nicolasdilley/go/src/github.com/nicolasdilley/gocurrency_tool/projects-gocurrency/CodisLabs++codis/pkg/topom/topom_sentinel.go,28,Mutex Unlock(),49,
/Users/nicolasdilley/go/src/github.com/nicolasdilley/gocurrency_tool/projects-gocurrency/CodisLabs++codis/pkg/topom/topom_sentinel.go,27,Mutex,50,
/Users/nicolasdilley/go/src/github.com/nicolasdilley/gocurrency_tool/projects-gocurrency/CodisLabs++codis/pkg/topom/topom_sentinel.go,29,Mutex Lock(),89,
/Users/nicolasdilley/go/src/github.com/nicolasdilley/gocurrency_tool/projects-gocurrency/CodisLabs++codis/pkg/topom/topom_sentinel.go,28,Mutex Unlock(),90,
/Users/nicolasdilley/go/src/github.com/nicolasdilley/gocurrency_tool/projects-gocurrency/CodisLabs++codis/pkg/topom/topom_sentinel.go,1,Goroutine,120,
/Users/nicolasdilley/go/src/github.com/nicolasdilley/gocurrency_tool/projects-gocurrency/CodisLabs++codis/pkg/topom/topom_sentinel.go,8,Known chan length (length),121,1
/Users/nicolasdilley/go/src/github.com/nicolasdilley/gocurrency_tool/projects-gocurrency/CodisLabs++codis/pkg/topom/topom_sentinel.go,8,Known chan length (length),121,1
/Users/nicolasdilley/go/src/github.com/nicolasdilley/gocurrency_tool/projects-gocurrency/CodisLabs++codis/pkg/topom/topom_sentinel.go,1,Goroutine,131,
/Users/nicolasdilley/go/src/github.com/nicolasdilley/gocurrency_tool/projects-gocurrency/CodisLabs++codis/pkg/topom/topom_sentinel.go,15,Close chan,132,
/Users/nicolasdilley/go/src/github.com/nicolasdilley/gocurrency_tool/projects-gocurrency/CodisLabs++codis/pkg/topom/topom_sentinel.go,17,Select with default (number of branch),134,2
/Users/nicolasdilley/go/src/github.com/nicolasdilley/gocurrency_tool/projects-gocurrency/CodisLabs++codis/pkg/topom/topom_sentinel.go,3,Send,135,
/Users/nicolasdilley/go/src/github.com/nicolasdilley/gocurrency_tool/projects-gocurrency/CodisLabs++codis/pkg/topom/topom_sentinel.go,1,Goroutine,149,
/Users/nicolasdilley/go/src/github.com/nicolasdilley/gocurrency_tool/projects-gocurrency/CodisLabs++codis/pkg/topom/topom_sentinel.go,6,Range over chan,150,
/Users/nicolasdilley/go/src/github.com/nicolasdilley/gocurrency_tool/projects-gocurrency/CodisLabs++codis/pkg/topom/topom_sentinel.go,29,Mutex Lock(),173,
/Users/nicolasdilley/go/src/github.com/nicolasdilley/gocurrency_tool/projects-gocurrency/CodisLabs++codis/pkg/topom/topom_sentinel.go,28,Mutex Unlock(),174,
/Users/nicolasdilley/go/src/github.com/nicolasdilley/gocurrency_tool/projects-gocurrency/CodisLabs++codis/pkg/topom/topom_sentinel.go,27,Mutex,175,
/Users/nicolasdilley/go/src/github.com/nicolasdilley/gocurrency_tool/projects-gocurrency/CodisLabs++codis/pkg/topom/topom_sentinel.go,5,Go in for,209,
/Users/nicolasdilley/go/src/github.com/nicolasdilley/gocurrency_tool/projects-gocurrency/CodisLabs++codis/pkg/topom/topom_sentinel.go,1,Goroutine,209,
/Users/nicolasdilley/go/src/github.com/nicolasdilley/gocurrency_tool/projects-gocurrency/CodisLabs++codis/pkg/topom/topom_group.go,29,Mutex Lock(),16,
/Users/nicolasdilley/go/src/github.com/nicolasdilley/gocurrency_tool/projects-gocurrency/CodisLabs++codis/pkg/topom/topom_group.go,28,Mutex Unlock(),17,
/Users/nicolasdilley/go/src/github.com/nicolasdilley/gocurrency_tool/projects-gocurrency/CodisLabs++codis/pkg/topom/topom_group.go,27,Mutex,18,
/Users/nicolasdilley/go/src/github.com/nicolasdilley/gocurrency_tool/projects-gocurrency/CodisLabs++codis/pkg/topom/topom_group.go,29,Mutex Lock(),39,
/Users/nicolasdilley/go/src/github.com/nicolasdilley/gocurrency_tool/projects-gocurrency/CodisLabs++codis/pkg/topom/topom_group.go,28,Mutex Unlock(),40,
/Users/nicolasdilley/go/src/github.com/nicolasdilley/gocurrency_tool/projects-gocurrency/CodisLabs++codis/pkg/topom/topom_group.go,27,Mutex,41,
/Users/nicolasdilley/go/src/github.com/nicolasdilley/gocurrency_tool/projects-gocurrency/CodisLabs++codis/pkg/topom/topom_group.go,29,Mutex Lock(),59,
/Users/nicolasdilley/go/src/github.com/nicolasdilley/gocurrency_tool/projects-gocurrency/CodisLabs++codis/pkg/topom/topom_group.go,28,Mutex Unlock(),60,
/Users/nicolasdilley/go/src/github.com/nicolasdilley/gocurrency_tool/projects-gocurrency/CodisLabs++codis/pkg/topom/topom_group.go,27,Mutex,61,
/Users/nicolasdilley/go/src/github.com/nicolasdilley/gocurrency_tool/projects-gocurrency/CodisLabs++codis/pkg/topom/topom_group.go,29,Mutex Lock(),82,
/Users/nicolasdilley/go/src/github.com/nicolasdilley/gocurrency_tool/projects-gocurrency/CodisLabs++codis/pkg/topom/topom_group.go,28,Mutex Unlock(),83,
/Users/nicolasdilley/go/src/github.com/nicolasdilley/gocurrency_tool/projects-gocurrency/CodisLabs++codis/pkg/topom/topom_group.go,27,Mutex,84,
/Users/nicolasdilley/go/src/github.com/nicolasdilley/gocurrency_tool/projects-gocurrency/CodisLabs++codis/pkg/topom/topom_group.go,29,Mutex Lock(),105,
/Users/nicolasdilley/go/src/github.com/nicolasdilley/gocurrency_tool/projects-gocurrency/CodisLabs++codis/pkg/topom/topom_group.go,28,Mutex Unlock(),106,
/Users/nicolasdilley/go/src/github.com/nicolasdilley/gocurrency_tool/projects-gocurrency/CodisLabs++codis/pkg/topom/topom_group.go,27,Mutex,107,
/Users/nicolasdilley/go/src/github.com/nicolasdilley/gocurrency_tool/projects-gocurrency/CodisLabs++codis/pkg/topom/topom_group.go,29,Mutex Lock(),146,
/Users/nicolasdilley/go/src/github.com/nicolasdilley/gocurrency_tool/projects-gocurrency/CodisLabs++codis/pkg/topom/topom_group.go,28,Mutex Unlock(),147,
/Users/nicolasdilley/go/src/github.com/nicolasdilley/gocurrency_tool/projects-gocurrency/CodisLabs++codis/pkg/topom/topom_group.go,27,Mutex,148,
/Users/nicolasdilley/go/src/github.com/nicolasdilley/gocurrency_tool/projects-gocurrency/CodisLabs++codis/pkg/topom/topom_group.go,29,Mutex Lock(),201,
/Users/nicolasdilley/go/src/github.com/nicolasdilley/gocurrency_tool/projects-gocurrency/CodisLabs++codis/pkg/topom/topom_group.go,28,Mutex Unlock(),202,
/Users/nicolasdilley/go/src/github.com/nicolasdilley/gocurrency_tool/projects-gocurrency/CodisLabs++codis/pkg/topom/topom_group.go,27,Mutex,203,
/Users/nicolasdilley/go/src/github.com/nicolasdilley/gocurrency_tool/projects-gocurrency/CodisLabs++codis/pkg/topom/topom_group.go,27,Mutex,348,
/Users/nicolasdilley/go/src/github.com/nicolasdilley/gocurrency_tool/projects-gocurrency/CodisLabs++codis/pkg/topom/topom_group.go,29,Mutex Lock(),388,
/Users/nicolasdilley/go/src/github.com/nicolasdilley/gocurrency_tool/projects-gocurrency/CodisLabs++codis/pkg/topom/topom_group.go,28,Mutex Unlock(),389,
/Users/nicolasdilley/go/src/github.com/nicolasdilley/gocurrency_tool/projects-gocurrency/CodisLabs++codis/pkg/topom/topom_group.go,27,Mutex,390,
/Users/nicolasdilley/go/src/github.com/nicolasdilley/gocurrency_tool/projects-gocurrency/CodisLabs++codis/pkg/topom/topom_group.go,29,Mutex Lock(),418,
/Users/nicolasdilley/go/src/github.com/nicolasdilley/gocurrency_tool/projects-gocurrency/CodisLabs++codis/pkg/topom/topom_group.go,28,Mutex Unlock(),419,
/Users/nicolasdilley/go/src/github.com/nicolasdilley/gocurrency_tool/projects-gocurrency/CodisLabs++codis/pkg/topom/topom_group.go,27,Mutex,420,
/Users/nicolasdilley/go/src/github.com/nicolasdilley/gocurrency_tool/projects-gocurrency/CodisLabs++codis/pkg/topom/topom_group.go,29,Mutex Lock(),452,
/Users/nicolasdilley/go/src/github.com/nicolasdilley/gocurrency_tool/projects-gocurrency/CodisLabs++codis/pkg/topom/topom_group.go,28,Mutex Unlock(),453,
/Users/nicolasdilley/go/src/github.com/nicolasdilley/gocurrency_tool/projects-gocurrency/CodisLabs++codis/pkg/topom/topom_group.go,27,Mutex,454,
/Users/nicolasdilley/go/src/github.com/nicolasdilley/gocurrency_tool/projects-gocurrency/CodisLabs++codis/pkg/topom/topom_group.go,29,Mutex Lock(),478,
/Users/nicolasdilley/go/src/github.com/nicolasdilley/gocurrency_tool/projects-gocurrency/CodisLabs++codis/pkg/topom/topom_group.go,28,Mutex Unlock(),479,
/Users/nicolasdilley/go/src/github.com/nicolasdilley/gocurrency_tool/projects-gocurrency/CodisLabs++codis/pkg/topom/topom_group.go,27,Mutex,480,
/Users/nicolasdilley/go/src/github.com/nicolasdilley/gocurrency_tool/projects-gocurrency/CodisLabs++codis/pkg/topom/topom_group.go,29,Mutex Lock(),504,
/Users/nicolasdilley/go/src/github.com/nicolasdilley/gocurrency_tool/projects-gocurrency/CodisLabs++codis/pkg/topom/topom_group.go,28,Mutex Unlock(),505,
/Users/nicolasdilley/go/src/github.com/nicolasdilley/gocurrency_tool/projects-gocurrency/CodisLabs++codis/pkg/topom/topom_group.go,27,Mutex,506,
/Users/nicolasdilley/go/src/github.com/nicolasdilley/gocurrency_tool/projects-gocurrency/CodisLabs++codis/pkg/topom/topom_group.go,29,Mutex Lock(),537,
/Users/nicolasdilley/go/src/github.com/nicolasdilley/gocurrency_tool/projects-gocurrency/CodisLabs++codis/pkg/topom/topom_group.go,28,Mutex Unlock(),538,
/Users/nicolasdilley/go/src/github.com/nicolasdilley/gocurrency_tool/projects-gocurrency/CodisLabs++codis/pkg/topom/topom_group.go,27,Mutex,539,
/Users/nicolasdilley/go/src/github.com/nicolasdilley/gocurrency_tool/projects-gocurrency/CodisLabs++codis/pkg/topom/topom_group.go,29,Mutex Lock(),570,
/Users/nicolasdilley/go/src/github.com/nicolasdilley/gocurrency_tool/projects-gocurrency/CodisLabs++codis/pkg/topom/topom_group.go,28,Mutex Unlock(),571,
/Users/nicolasdilley/go/src/github.com/nicolasdilley/gocurrency_tool/projects-gocurrency/CodisLabs++codis/pkg/topom/topom_group.go,27,Mutex,572,
/Users/nicolasdilley/go/src/github.com/nicolasdilley/gocurrency_tool/projects-gocurrency/CodisLabs++codis/pkg/topom/topom_slots.go,29,Mutex Lock(),20,
/Users/nicolasdilley/go/src/github.com/nicolasdilley/gocurrency_tool/projects-gocurrency/CodisLabs++codis/pkg/topom/topom_slots.go,28,Mutex Unlock(),21,
/Users/nicolasdilley/go/src/github.com/nicolasdilley/gocurrency_tool/projects-gocurrency/CodisLabs++codis/pkg/topom/topom_slots.go,27,Mutex,22,
/Users/nicolasdilley/go/src/github.com/nicolasdilley/gocurrency_tool/projects-gocurrency/CodisLabs++codis/pkg/topom/topom_slots.go,29,Mutex Lock(),54,
/Users/nicolasdilley/go/src/github.com/nicolasdilley/gocurrency_tool/projects-gocurrency/CodisLabs++codis/pkg/topom/topom_slots.go,28,Mutex Unlock(),55,
/Users/nicolasdilley/go/src/github.com/nicolasdilley/gocurrency_tool/projects-gocurrency/CodisLabs++codis/pkg/topom/topom_slots.go,27,Mutex,56,
/Users/nicolasdilley/go/src/github.com/nicolasdilley/gocurrency_tool/projects-gocurrency/CodisLabs++codis/pkg/topom/topom_slots.go,29,Mutex Lock(),104,
/Users/nicolasdilley/go/src/github.com/nicolasdilley/gocurrency_tool/projects-gocurrency/CodisLabs++codis/pkg/topom/topom_slots.go,28,Mutex Unlock(),105,
/Users/nicolasdilley/go/src/github.com/nicolasdilley/gocurrency_tool/projects-gocurrency/CodisLabs++codis/pkg/topom/topom_slots.go,27,Mutex,106,
/Users/nicolasdilley/go/src/github.com/nicolasdilley/gocurrency_tool/projects-gocurrency/CodisLabs++codis/pkg/topom/topom_slots.go,29,Mutex Lock(),162,
/Users/nicolasdilley/go/src/github.com/nicolasdilley/gocurrency_tool/projects-gocurrency/CodisLabs++codis/pkg/topom/topom_slots.go,28,Mutex Unlock(),163,
/Users/nicolasdilley/go/src/github.com/nicolasdilley/gocurrency_tool/projects-gocurrency/CodisLabs++codis/pkg/topom/topom_slots.go,27,Mutex,164,
/Users/nicolasdilley/go/src/github.com/nicolasdilley/gocurrency_tool/projects-gocurrency/CodisLabs++codis/pkg/topom/topom_slots.go,29,Mutex Lock(),193,
/Users/nicolasdilley/go/src/github.com/nicolasdilley/gocurrency_tool/projects-gocurrency/CodisLabs++codis/pkg/topom/topom_slots.go,28,Mutex Unlock(),194,
/Users/nicolasdilley/go/src/github.com/nicolasdilley/gocurrency_tool/projects-gocurrency/CodisLabs++codis/pkg/topom/topom_slots.go,27,Mutex,195,
/Users/nicolasdilley/go/src/github.com/nicolasdilley/gocurrency_tool/projects-gocurrency/CodisLabs++codis/pkg/topom/topom_slots.go,29,Mutex Lock(),308,
/Users/nicolasdilley/go/src/github.com/nicolasdilley/gocurrency_tool/projects-gocurrency/CodisLabs++codis/pkg/topom/topom_slots.go,28,Mutex Unlock(),309,
/Users/nicolasdilley/go/src/github.com/nicolasdilley/gocurrency_tool/projects-gocurrency/CodisLabs++codis/pkg/topom/topom_slots.go,27,Mutex,310,
/Users/nicolasdilley/go/src/github.com/nicolasdilley/gocurrency_tool/projects-gocurrency/CodisLabs++codis/pkg/topom/topom_slots.go,29,Mutex Lock(),359,
/Users/nicolasdilley/go/src/github.com/nicolasdilley/gocurrency_tool/projects-gocurrency/CodisLabs++codis/pkg/topom/topom_slots.go,28,Mutex Unlock(),360,
/Users/nicolasdilley/go/src/github.com/nicolasdilley/gocurrency_tool/projects-gocurrency/CodisLabs++codis/pkg/topom/topom_slots.go,27,Mutex,361,
/Users/nicolasdilley/go/src/github.com/nicolasdilley/gocurrency_tool/projects-gocurrency/CodisLabs++codis/pkg/topom/topom_slots.go,29,Mutex Lock(),462,
/Users/nicolasdilley/go/src/github.com/nicolasdilley/gocurrency_tool/projects-gocurrency/CodisLabs++codis/pkg/topom/topom_slots.go,28,Mutex Unlock(),463,
/Users/nicolasdilley/go/src/github.com/nicolasdilley/gocurrency_tool/projects-gocurrency/CodisLabs++codis/pkg/topom/topom_slots.go,27,Mutex,464,
/Users/nicolasdilley/go/src/github.com/nicolasdilley/gocurrency_tool/projects-gocurrency/CodisLabs++codis/pkg/topom/topom_slots.go,29,Mutex Lock(),512,
/Users/nicolasdilley/go/src/github.com/nicolasdilley/gocurrency_tool/projects-gocurrency/CodisLabs++codis/pkg/topom/topom_slots.go,28,Mutex Unlock(),513,
/Users/nicolasdilley/go/src/github.com/nicolasdilley/gocurrency_tool/projects-gocurrency/CodisLabs++codis/pkg/topom/topom_slots.go,27,Mutex,514,
/Users/nicolasdilley/go/src/github.com/nicolasdilley/gocurrency_tool/projects-gocurrency/CodisLabs++codis/pkg/topom/topom_slots.go,29,Mutex Lock(),548,
/Users/nicolasdilley/go/src/github.com/nicolasdilley/gocurrency_tool/projects-gocurrency/CodisLabs++codis/pkg/topom/topom_slots.go,28,Mutex Unlock(),549,
/Users/nicolasdilley/go/src/github.com/nicolasdilley/gocurrency_tool/projects-gocurrency/CodisLabs++codis/pkg/topom/topom_slots.go,27,Mutex,550,
/Users/nicolasdilley/go/src/github.com/nicolasdilley/gocurrency_tool/projects-gocurrency/CodisLabs++codis/pkg/topom/topom.go,27,Mutex,89,
/Users/nicolasdilley/go/src/github.com/nicolasdilley/gocurrency_tool/projects-gocurrency/CodisLabs++codis/pkg/topom/topom.go,1,Goroutine,121,
/Users/nicolasdilley/go/src/github.com/nicolasdilley/gocurrency_tool/projects-gocurrency/CodisLabs++codis/pkg/topom/topom.go,29,Mutex Lock(),149,
/Users/nicolasdilley/go/src/github.com/nicolasdilley/gocurrency_tool/projects-gocurrency/CodisLabs++codis/pkg/topom/topom.go,28,Mutex Unlock(),150,
/Users/nicolasdilley/go/src/github.com/nicolasdilley/gocurrency_tool/projects-gocurrency/CodisLabs++codis/pkg/topom/topom.go,29,Mutex Lock(),180,
/Users/nicolasdilley/go/src/github.com/nicolasdilley/gocurrency_tool/projects-gocurrency/CodisLabs++codis/pkg/topom/topom.go,28,Mutex Unlock(),181,
/Users/nicolasdilley/go/src/github.com/nicolasdilley/gocurrency_tool/projects-gocurrency/CodisLabs++codis/pkg/topom/topom.go,27,Mutex,198,
/Users/nicolasdilley/go/src/github.com/nicolasdilley/gocurrency_tool/projects-gocurrency/CodisLabs++codis/pkg/topom/topom.go,1,Goroutine,204,
/Users/nicolasdilley/go/src/github.com/nicolasdilley/gocurrency_tool/projects-gocurrency/CodisLabs++codis/pkg/topom/topom.go,1,Goroutine,216,
/Users/nicolasdilley/go/src/github.com/nicolasdilley/gocurrency_tool/projects-gocurrency/CodisLabs++codis/pkg/topom/topom.go,1,Goroutine,228,
/Users/nicolasdilley/go/src/github.com/nicolasdilley/gocurrency_tool/projects-gocurrency/CodisLabs++codis/pkg/topom/topom.go,1,Goroutine,240,
/Users/nicolasdilley/go/src/github.com/nicolasdilley/gocurrency_tool/projects-gocurrency/CodisLabs++codis/pkg/topom/topom.go,27,Mutex,273,
/Users/nicolasdilley/go/src/github.com/nicolasdilley/gocurrency_tool/projects-gocurrency/CodisLabs++codis/pkg/topom/topom.go,29,Mutex Lock(),288,
/Users/nicolasdilley/go/src/github.com/nicolasdilley/gocurrency_tool/projects-gocurrency/CodisLabs++codis/pkg/topom/topom.go,28,Mutex Unlock(),289,
/Users/nicolasdilley/go/src/github.com/nicolasdilley/gocurrency_tool/projects-gocurrency/CodisLabs++codis/pkg/topom/topom.go,27,Mutex,290,
/Users/nicolasdilley/go/src/github.com/nicolasdilley/gocurrency_tool/projects-gocurrency/CodisLabs++codis/pkg/topom/topom.go,29,Mutex Lock(),372,
/Users/nicolasdilley/go/src/github.com/nicolasdilley/gocurrency_tool/projects-gocurrency/CodisLabs++codis/pkg/topom/topom.go,28,Mutex Unlock(),373,
/Users/nicolasdilley/go/src/github.com/nicolasdilley/gocurrency_tool/projects-gocurrency/CodisLabs++codis/pkg/topom/topom.go,29,Mutex Lock(),378,
/Users/nicolasdilley/go/src/github.com/nicolasdilley/gocurrency_tool/projects-gocurrency/CodisLabs++codis/pkg/topom/topom.go,28,Mutex Unlock(),379,
/Users/nicolasdilley/go/src/github.com/nicolasdilley/gocurrency_tool/projects-gocurrency/CodisLabs++codis/pkg/topom/topom.go,29,Mutex Lock(),403,
/Users/nicolasdilley/go/src/github.com/nicolasdilley/gocurrency_tool/projects-gocurrency/CodisLabs++codis/pkg/topom/topom.go,28,Mutex Unlock(),404,
/Users/nicolasdilley/go/src/github.com/nicolasdilley/gocurrency_tool/projects-gocurrency/CodisLabs++codis/pkg/topom/topom.go,27,Mutex,405,
/Users/nicolasdilley/go/src/github.com/nicolasdilley/gocurrency_tool/projects-gocurrency/CodisLabs++codis/pkg/topom/topom.go,29,Mutex Lock(),413,
/Users/nicolasdilley/go/src/github.com/nicolasdilley/gocurrency_tool/projects-gocurrency/CodisLabs++codis/pkg/topom/topom.go,28,Mutex Unlock(),414,
/Users/nicolasdilley/go/src/github.com/nicolasdilley/gocurrency_tool/projects-gocurrency/CodisLabs++codis/pkg/topom/topom.go,27,Mutex,415,
/Users/nicolasdilley/go/src/github.com/nicolasdilley/gocurrency_tool/projects-gocurrency/CodisLabs++codis/pkg/topom/topom.go,8,Known chan length (length),431,1
/Users/nicolasdilley/go/src/github.com/nicolasdilley/gocurrency_tool/projects-gocurrency/CodisLabs++codis/pkg/topom/topom.go,1,Goroutine,432,
/Users/nicolasdilley/go/src/github.com/nicolasdilley/gocurrency_tool/projects-gocurrency/CodisLabs++codis/pkg/topom/topom.go,27,Mutex,433,
/Users/nicolasdilley/go/src/github.com/nicolasdilley/gocurrency_tool/projects-gocurrency/CodisLabs++codis/pkg/topom/topom.go,27,Mutex,435,
/Users/nicolasdilley/go/src/github.com/nicolasdilley/gocurrency_tool/projects-gocurrency/CodisLabs++codis/pkg/topom/topom.go,27,Mutex,435,
/Users/nicolasdilley/go/src/github.com/nicolasdilley/gocurrency_tool/projects-gocurrency/CodisLabs++codis/pkg/topom/topom.go,27,Mutex,435,
/Users/nicolasdilley/go/src/github.com/nicolasdilley/gocurrency_tool/projects-gocurrency/CodisLabs++codis/pkg/topom/topom.go,27,Mutex,435,
/Users/nicolasdilley/go/src/github.com/nicolasdilley/gocurrency_tool/projects-gocurrency/CodisLabs++codis/pkg/topom/topom.go,3,Send,436,
/Users/nicolasdilley/go/src/github.com/nicolasdilley/gocurrency_tool/projects-gocurrency/CodisLabs++codis/pkg/topom/topom.go,16,Select (number of branch),439,2
/Users/nicolasdilley/go/src/github.com/nicolasdilley/gocurrency_tool/projects-gocurrency/CodisLabs++codis/pkg/topom/topom.go,2,Receive,440,
/Users/nicolasdilley/go/src/github.com/nicolasdilley/gocurrency_tool/projects-gocurrency/CodisLabs++codis/pkg/topom/topom.go,2,Receive,442,
/Users/nicolasdilley/go/src/github.com/nicolasdilley/gocurrency_tool/projects-gocurrency/CodisLabs++codis/pkg/topom/topom_slots_test.go,27,Mutex,15,
/Users/nicolasdilley/go/src/github.com/nicolasdilley/gocurrency_tool/projects-gocurrency/CodisLabs++codis/pkg/topom/topom_slots_test.go,27,Mutex,24,
/Users/nicolasdilley/go/src/github.com/nicolasdilley/gocurrency_tool/projects-gocurrency/CodisLabs++codis/pkg/topom/topom_slots_test.go,27,Mutex,45,
/Users/nicolasdilley/go/src/github.com/nicolasdilley/gocurrency_tool/projects-gocurrency/CodisLabs++codis/pkg/topom/topom_slots_test.go,27,Mutex,76,
/Users/nicolasdilley/go/src/github.com/nicolasdilley/gocurrency_tool/projects-gocurrency/CodisLabs++codis/pkg/topom/topom_slots_test.go,27,Mutex,122,
/Users/nicolasdilley/go/src/github.com/nicolasdilley/gocurrency_tool/projects-gocurrency/CodisLabs++codis/pkg/topom/topom_slots_test.go,27,Mutex,143,
/Users/nicolasdilley/go/src/github.com/nicolasdilley/gocurrency_tool/projects-gocurrency/CodisLabs++codis/pkg/topom/topom_slots_test.go,27,Mutex,181,
/Users/nicolasdilley/go/src/github.com/nicolasdilley/gocurrency_tool/projects-gocurrency/CodisLabs++codis/pkg/topom/topom_slots_test.go,27,Mutex,225,
/Users/nicolasdilley/go/src/github.com/nicolasdilley/gocurrency_tool/projects-gocurrency/CodisLabs++codis/pkg/topom/topom_slots_test.go,27,Mutex,290,
/Users/nicolasdilley/go/src/github.com/nicolasdilley/gocurrency_tool/projects-gocurrency/CodisLabs++codis/pkg/topom/topom_slots_test.go,27,Mutex,359,
/Users/nicolasdilley/go/src/github.com/nicolasdilley/gocurrency_tool/projects-gocurrency/CodisLabs++codis/pkg/topom/topom_slots_test.go,27,Mutex,428,
/Users/nicolasdilley/go/src/github.com/nicolasdilley/gocurrency_tool/projects-gocurrency/CodisLabs++codis/pkg/topom/topom_slots_test.go,27,Mutex,447,
/Users/nicolasdilley/go/src/github.com/nicolasdilley/gocurrency_tool/projects-gocurrency/CodisLabs++codis/pkg/topom/topom_api.go,27,Mutex,32,
/Users/nicolasdilley/go/src/github.com/nicolasdilley/gocurrency_tool/projects-gocurrency/CodisLabs++codis/pkg/topom/topom_api.go,27,Mutex,55,
/Users/nicolasdilley/go/src/github.com/nicolasdilley/gocurrency_tool/projects-gocurrency/CodisLabs++codis/pkg/utils/resolver.go,8,Known chan length (length),25,1
/Users/nicolasdilley/go/src/github.com/nicolasdilley/gocurrency_tool/projects-gocurrency/CodisLabs++codis/pkg/utils/resolver.go,8,Known chan length (length),25,1
/Users/nicolasdilley/go/src/github.com/nicolasdilley/gocurrency_tool/projects-gocurrency/CodisLabs++codis/pkg/utils/resolver.go,1,Goroutine,26,
/Users/nicolasdilley/go/src/github.com/nicolasdilley/gocurrency_tool/projects-gocurrency/CodisLabs++codis/pkg/utils/resolver.go,3,Send,27,
/Users/nicolasdilley/go/src/github.com/nicolasdilley/gocurrency_tool/projects-gocurrency/CodisLabs++codis/pkg/utils/resolver.go,16,Select (number of branch),29,2
/Users/nicolasdilley/go/src/github.com/nicolasdilley/gocurrency_tool/projects-gocurrency/CodisLabs++codis/pkg/utils/resolver.go,2,Receive,30,
/Users/nicolasdilley/go/src/github.com/nicolasdilley/gocurrency_tool/projects-gocurrency/CodisLabs++codis/pkg/utils/resolver.go,2,Receive,32,
/Users/nicolasdilley/go/src/github.com/nicolasdilley/gocurrency_tool/projects-gocurrency/CodisLabs++codis/pkg/utils/resolver.go,8,Known chan length (length),45,1
/Users/nicolasdilley/go/src/github.com/nicolasdilley/gocurrency_tool/projects-gocurrency/CodisLabs++codis/pkg/utils/resolver.go,8,Known chan length (length),45,1
/Users/nicolasdilley/go/src/github.com/nicolasdilley/gocurrency_tool/projects-gocurrency/CodisLabs++codis/pkg/utils/resolver.go,1,Goroutine,46,
/Users/nicolasdilley/go/src/github.com/nicolasdilley/gocurrency_tool/projects-gocurrency/CodisLabs++codis/pkg/utils/resolver.go,3,Send,47,
/Users/nicolasdilley/go/src/github.com/nicolasdilley/gocurrency_tool/projects-gocurrency/CodisLabs++codis/pkg/utils/resolver.go,16,Select (number of branch),49,2
/Users/nicolasdilley/go/src/github.com/nicolasdilley/gocurrency_tool/projects-gocurrency/CodisLabs++codis/pkg/utils/resolver.go,2,Receive,50,
/Users/nicolasdilley/go/src/github.com/nicolasdilley/gocurrency_tool/projects-gocurrency/CodisLabs++codis/pkg/utils/resolver.go,2,Receive,52,
