Line num,2075
packages num,2,17
files num,9,52
Average Line num per featured file,33,301
,756
_examples/custom-handler,26
_examples/custom-method,29
_examples/fileserver,36
_examples/graceful,52
_examples/hello-world,16
_examples/limits,58
_examples/logging,88
_examples/rest,312
_examples/router-walk,33
_examples/todos-resource,89
_examples/versions,118
_examples/versions/data,31
_examples/versions/presenter/v1,15
_examples/versions/presenter/v2,18
_examples/versions/presenter/v3,25
middleware,373
Filename, #,Concurrent Type, Line number , Number
/Users/nicolasdilley/go/src/github.com/nicolasdilley/gocurrency_tool/projects-gocurrency/go-chi++chi/mux_test.go,27,Mutex,120,
/Users/nicolasdilley/go/src/github.com/nicolasdilley/gocurrency_tool/projects-gocurrency/go-chi++chi/mux_test.go,27,Mutex,120,
/Users/nicolasdilley/go/src/github.com/nicolasdilley/gocurrency_tool/projects-gocurrency/go-chi++chi/mux_test.go,27,Mutex,120,
/Users/nicolasdilley/go/src/github.com/nicolasdilley/gocurrency_tool/projects-gocurrency/go-chi++chi/mux_test.go,27,Mutex,120,
/Users/nicolasdilley/go/src/github.com/nicolasdilley/gocurrency_tool/projects-gocurrency/go-chi++chi/mux_test.go,30,Waitgroup,120,
/Users/nicolasdilley/go/src/github.com/nicolasdilley/gocurrency_tool/projects-gocurrency/go-chi++chi/mux_test.go,27,Mutex,120,
/Users/nicolasdilley/go/src/github.com/nicolasdilley/gocurrency_tool/projects-gocurrency/go-chi++chi/mux_test.go,27,Mutex,233,
/Users/nicolasdilley/go/src/github.com/nicolasdilley/gocurrency_tool/projects-gocurrency/go-chi++chi/mux_test.go,27,Mutex,233,
/Users/nicolasdilley/go/src/github.com/nicolasdilley/gocurrency_tool/projects-gocurrency/go-chi++chi/mux_test.go,27,Mutex,233,
/Users/nicolasdilley/go/src/github.com/nicolasdilley/gocurrency_tool/projects-gocurrency/go-chi++chi/mux_test.go,27,Mutex,233,
/Users/nicolasdilley/go/src/github.com/nicolasdilley/gocurrency_tool/projects-gocurrency/go-chi++chi/mux_test.go,30,Waitgroup,233,
/Users/nicolasdilley/go/src/github.com/nicolasdilley/gocurrency_tool/projects-gocurrency/go-chi++chi/mux_test.go,27,Mutex,233,
/Users/nicolasdilley/go/src/github.com/nicolasdilley/gocurrency_tool/projects-gocurrency/go-chi++chi/mux_test.go,27,Mutex,257,
/Users/nicolasdilley/go/src/github.com/nicolasdilley/gocurrency_tool/projects-gocurrency/go-chi++chi/mux_test.go,27,Mutex,257,
/Users/nicolasdilley/go/src/github.com/nicolasdilley/gocurrency_tool/projects-gocurrency/go-chi++chi/mux_test.go,27,Mutex,257,
/Users/nicolasdilley/go/src/github.com/nicolasdilley/gocurrency_tool/projects-gocurrency/go-chi++chi/mux_test.go,27,Mutex,257,
/Users/nicolasdilley/go/src/github.com/nicolasdilley/gocurrency_tool/projects-gocurrency/go-chi++chi/mux_test.go,30,Waitgroup,257,
/Users/nicolasdilley/go/src/github.com/nicolasdilley/gocurrency_tool/projects-gocurrency/go-chi++chi/mux_test.go,27,Mutex,257,
/Users/nicolasdilley/go/src/github.com/nicolasdilley/gocurrency_tool/projects-gocurrency/go-chi++chi/mux_test.go,27,Mutex,304,
/Users/nicolasdilley/go/src/github.com/nicolasdilley/gocurrency_tool/projects-gocurrency/go-chi++chi/mux_test.go,27,Mutex,304,
/Users/nicolasdilley/go/src/github.com/nicolasdilley/gocurrency_tool/projects-gocurrency/go-chi++chi/mux_test.go,27,Mutex,304,
/Users/nicolasdilley/go/src/github.com/nicolasdilley/gocurrency_tool/projects-gocurrency/go-chi++chi/mux_test.go,27,Mutex,304,
/Users/nicolasdilley/go/src/github.com/nicolasdilley/gocurrency_tool/projects-gocurrency/go-chi++chi/mux_test.go,30,Waitgroup,304,
/Users/nicolasdilley/go/src/github.com/nicolasdilley/gocurrency_tool/projects-gocurrency/go-chi++chi/mux_test.go,27,Mutex,304,
/Users/nicolasdilley/go/src/github.com/nicolasdilley/gocurrency_tool/projects-gocurrency/go-chi++chi/mux_test.go,27,Mutex,371,
/Users/nicolasdilley/go/src/github.com/nicolasdilley/gocurrency_tool/projects-gocurrency/go-chi++chi/mux_test.go,27,Mutex,371,
/Users/nicolasdilley/go/src/github.com/nicolasdilley/gocurrency_tool/projects-gocurrency/go-chi++chi/mux_test.go,27,Mutex,371,
/Users/nicolasdilley/go/src/github.com/nicolasdilley/gocurrency_tool/projects-gocurrency/go-chi++chi/mux_test.go,27,Mutex,371,
/Users/nicolasdilley/go/src/github.com/nicolasdilley/gocurrency_tool/projects-gocurrency/go-chi++chi/mux_test.go,30,Waitgroup,371,
/Users/nicolasdilley/go/src/github.com/nicolasdilley/gocurrency_tool/projects-gocurrency/go-chi++chi/mux_test.go,27,Mutex,371,
/Users/nicolasdilley/go/src/github.com/nicolasdilley/gocurrency_tool/projects-gocurrency/go-chi++chi/mux_test.go,27,Mutex,433,
/Users/nicolasdilley/go/src/github.com/nicolasdilley/gocurrency_tool/projects-gocurrency/go-chi++chi/mux_test.go,27,Mutex,433,
/Users/nicolasdilley/go/src/github.com/nicolasdilley/gocurrency_tool/projects-gocurrency/go-chi++chi/mux_test.go,27,Mutex,433,
/Users/nicolasdilley/go/src/github.com/nicolasdilley/gocurrency_tool/projects-gocurrency/go-chi++chi/mux_test.go,27,Mutex,433,
/Users/nicolasdilley/go/src/github.com/nicolasdilley/gocurrency_tool/projects-gocurrency/go-chi++chi/mux_test.go,30,Waitgroup,433,
/Users/nicolasdilley/go/src/github.com/nicolasdilley/gocurrency_tool/projects-gocurrency/go-chi++chi/mux_test.go,27,Mutex,433,
/Users/nicolasdilley/go/src/github.com/nicolasdilley/gocurrency_tool/projects-gocurrency/go-chi++chi/mux_test.go,27,Mutex,494,
/Users/nicolasdilley/go/src/github.com/nicolasdilley/gocurrency_tool/projects-gocurrency/go-chi++chi/mux_test.go,27,Mutex,494,
/Users/nicolasdilley/go/src/github.com/nicolasdilley/gocurrency_tool/projects-gocurrency/go-chi++chi/mux_test.go,27,Mutex,494,
/Users/nicolasdilley/go/src/github.com/nicolasdilley/gocurrency_tool/projects-gocurrency/go-chi++chi/mux_test.go,27,Mutex,494,
/Users/nicolasdilley/go/src/github.com/nicolasdilley/gocurrency_tool/projects-gocurrency/go-chi++chi/mux_test.go,30,Waitgroup,494,
/Users/nicolasdilley/go/src/github.com/nicolasdilley/gocurrency_tool/projects-gocurrency/go-chi++chi/mux_test.go,27,Mutex,494,
/Users/nicolasdilley/go/src/github.com/nicolasdilley/gocurrency_tool/projects-gocurrency/go-chi++chi/mux_test.go,27,Mutex,584,
/Users/nicolasdilley/go/src/github.com/nicolasdilley/gocurrency_tool/projects-gocurrency/go-chi++chi/mux_test.go,27,Mutex,584,
/Users/nicolasdilley/go/src/github.com/nicolasdilley/gocurrency_tool/projects-gocurrency/go-chi++chi/mux_test.go,27,Mutex,584,
/Users/nicolasdilley/go/src/github.com/nicolasdilley/gocurrency_tool/projects-gocurrency/go-chi++chi/mux_test.go,27,Mutex,584,
/Users/nicolasdilley/go/src/github.com/nicolasdilley/gocurrency_tool/projects-gocurrency/go-chi++chi/mux_test.go,30,Waitgroup,584,
/Users/nicolasdilley/go/src/github.com/nicolasdilley/gocurrency_tool/projects-gocurrency/go-chi++chi/mux_test.go,27,Mutex,584,
/Users/nicolasdilley/go/src/github.com/nicolasdilley/gocurrency_tool/projects-gocurrency/go-chi++chi/mux_test.go,27,Mutex,620,
/Users/nicolasdilley/go/src/github.com/nicolasdilley/gocurrency_tool/projects-gocurrency/go-chi++chi/mux_test.go,27,Mutex,620,
/Users/nicolasdilley/go/src/github.com/nicolasdilley/gocurrency_tool/projects-gocurrency/go-chi++chi/mux_test.go,27,Mutex,620,
/Users/nicolasdilley/go/src/github.com/nicolasdilley/gocurrency_tool/projects-gocurrency/go-chi++chi/mux_test.go,27,Mutex,620,
/Users/nicolasdilley/go/src/github.com/nicolasdilley/gocurrency_tool/projects-gocurrency/go-chi++chi/mux_test.go,30,Waitgroup,620,
/Users/nicolasdilley/go/src/github.com/nicolasdilley/gocurrency_tool/projects-gocurrency/go-chi++chi/mux_test.go,27,Mutex,620,
/Users/nicolasdilley/go/src/github.com/nicolasdilley/gocurrency_tool/projects-gocurrency/go-chi++chi/mux_test.go,27,Mutex,685,
/Users/nicolasdilley/go/src/github.com/nicolasdilley/gocurrency_tool/projects-gocurrency/go-chi++chi/mux_test.go,27,Mutex,685,
/Users/nicolasdilley/go/src/github.com/nicolasdilley/gocurrency_tool/projects-gocurrency/go-chi++chi/mux_test.go,27,Mutex,685,
/Users/nicolasdilley/go/src/github.com/nicolasdilley/gocurrency_tool/projects-gocurrency/go-chi++chi/mux_test.go,27,Mutex,685,
/Users/nicolasdilley/go/src/github.com/nicolasdilley/gocurrency_tool/projects-gocurrency/go-chi++chi/mux_test.go,30,Waitgroup,685,
/Users/nicolasdilley/go/src/github.com/nicolasdilley/gocurrency_tool/projects-gocurrency/go-chi++chi/mux_test.go,27,Mutex,685,
/Users/nicolasdilley/go/src/github.com/nicolasdilley/gocurrency_tool/projects-gocurrency/go-chi++chi/mux_test.go,27,Mutex,736,
/Users/nicolasdilley/go/src/github.com/nicolasdilley/gocurrency_tool/projects-gocurrency/go-chi++chi/mux_test.go,27,Mutex,736,
/Users/nicolasdilley/go/src/github.com/nicolasdilley/gocurrency_tool/projects-gocurrency/go-chi++chi/mux_test.go,27,Mutex,736,
/Users/nicolasdilley/go/src/github.com/nicolasdilley/gocurrency_tool/projects-gocurrency/go-chi++chi/mux_test.go,27,Mutex,736,
/Users/nicolasdilley/go/src/github.com/nicolasdilley/gocurrency_tool/projects-gocurrency/go-chi++chi/mux_test.go,30,Waitgroup,736,
/Users/nicolasdilley/go/src/github.com/nicolasdilley/gocurrency_tool/projects-gocurrency/go-chi++chi/mux_test.go,27,Mutex,736,
/Users/nicolasdilley/go/src/github.com/nicolasdilley/gocurrency_tool/projects-gocurrency/go-chi++chi/mux_test.go,27,Mutex,761,
/Users/nicolasdilley/go/src/github.com/nicolasdilley/gocurrency_tool/projects-gocurrency/go-chi++chi/mux_test.go,27,Mutex,761,
/Users/nicolasdilley/go/src/github.com/nicolasdilley/gocurrency_tool/projects-gocurrency/go-chi++chi/mux_test.go,27,Mutex,761,
/Users/nicolasdilley/go/src/github.com/nicolasdilley/gocurrency_tool/projects-gocurrency/go-chi++chi/mux_test.go,27,Mutex,761,
/Users/nicolasdilley/go/src/github.com/nicolasdilley/gocurrency_tool/projects-gocurrency/go-chi++chi/mux_test.go,30,Waitgroup,761,
/Users/nicolasdilley/go/src/github.com/nicolasdilley/gocurrency_tool/projects-gocurrency/go-chi++chi/mux_test.go,27,Mutex,761,
/Users/nicolasdilley/go/src/github.com/nicolasdilley/gocurrency_tool/projects-gocurrency/go-chi++chi/mux_test.go,27,Mutex,1018,
/Users/nicolasdilley/go/src/github.com/nicolasdilley/gocurrency_tool/projects-gocurrency/go-chi++chi/mux_test.go,27,Mutex,1018,
/Users/nicolasdilley/go/src/github.com/nicolasdilley/gocurrency_tool/projects-gocurrency/go-chi++chi/mux_test.go,27,Mutex,1018,
/Users/nicolasdilley/go/src/github.com/nicolasdilley/gocurrency_tool/projects-gocurrency/go-chi++chi/mux_test.go,27,Mutex,1018,
/Users/nicolasdilley/go/src/github.com/nicolasdilley/gocurrency_tool/projects-gocurrency/go-chi++chi/mux_test.go,30,Waitgroup,1018,
/Users/nicolasdilley/go/src/github.com/nicolasdilley/gocurrency_tool/projects-gocurrency/go-chi++chi/mux_test.go,27,Mutex,1018,
/Users/nicolasdilley/go/src/github.com/nicolasdilley/gocurrency_tool/projects-gocurrency/go-chi++chi/mux_test.go,27,Mutex,1094,
/Users/nicolasdilley/go/src/github.com/nicolasdilley/gocurrency_tool/projects-gocurrency/go-chi++chi/mux_test.go,27,Mutex,1094,
/Users/nicolasdilley/go/src/github.com/nicolasdilley/gocurrency_tool/projects-gocurrency/go-chi++chi/mux_test.go,27,Mutex,1094,
/Users/nicolasdilley/go/src/github.com/nicolasdilley/gocurrency_tool/projects-gocurrency/go-chi++chi/mux_test.go,27,Mutex,1094,
/Users/nicolasdilley/go/src/github.com/nicolasdilley/gocurrency_tool/projects-gocurrency/go-chi++chi/mux_test.go,30,Waitgroup,1094,
/Users/nicolasdilley/go/src/github.com/nicolasdilley/gocurrency_tool/projects-gocurrency/go-chi++chi/mux_test.go,27,Mutex,1094,
/Users/nicolasdilley/go/src/github.com/nicolasdilley/gocurrency_tool/projects-gocurrency/go-chi++chi/mux_test.go,27,Mutex,1311,
/Users/nicolasdilley/go/src/github.com/nicolasdilley/gocurrency_tool/projects-gocurrency/go-chi++chi/mux_test.go,27,Mutex,1311,
/Users/nicolasdilley/go/src/github.com/nicolasdilley/gocurrency_tool/projects-gocurrency/go-chi++chi/mux_test.go,27,Mutex,1311,
/Users/nicolasdilley/go/src/github.com/nicolasdilley/gocurrency_tool/projects-gocurrency/go-chi++chi/mux_test.go,27,Mutex,1311,
/Users/nicolasdilley/go/src/github.com/nicolasdilley/gocurrency_tool/projects-gocurrency/go-chi++chi/mux_test.go,30,Waitgroup,1311,
/Users/nicolasdilley/go/src/github.com/nicolasdilley/gocurrency_tool/projects-gocurrency/go-chi++chi/mux_test.go,27,Mutex,1311,
/Users/nicolasdilley/go/src/github.com/nicolasdilley/gocurrency_tool/projects-gocurrency/go-chi++chi/mux_test.go,27,Mutex,1377,
/Users/nicolasdilley/go/src/github.com/nicolasdilley/gocurrency_tool/projects-gocurrency/go-chi++chi/mux_test.go,27,Mutex,1377,
/Users/nicolasdilley/go/src/github.com/nicolasdilley/gocurrency_tool/projects-gocurrency/go-chi++chi/mux_test.go,27,Mutex,1377,
/Users/nicolasdilley/go/src/github.com/nicolasdilley/gocurrency_tool/projects-gocurrency/go-chi++chi/mux_test.go,27,Mutex,1377,
/Users/nicolasdilley/go/src/github.com/nicolasdilley/gocurrency_tool/projects-gocurrency/go-chi++chi/mux_test.go,30,Waitgroup,1377,
/Users/nicolasdilley/go/src/github.com/nicolasdilley/gocurrency_tool/projects-gocurrency/go-chi++chi/mux_test.go,27,Mutex,1377,
/Users/nicolasdilley/go/src/github.com/nicolasdilley/gocurrency_tool/projects-gocurrency/go-chi++chi/mux_test.go,27,Mutex,1394,
/Users/nicolasdilley/go/src/github.com/nicolasdilley/gocurrency_tool/projects-gocurrency/go-chi++chi/mux_test.go,27,Mutex,1394,
/Users/nicolasdilley/go/src/github.com/nicolasdilley/gocurrency_tool/projects-gocurrency/go-chi++chi/mux_test.go,27,Mutex,1394,
/Users/nicolasdilley/go/src/github.com/nicolasdilley/gocurrency_tool/projects-gocurrency/go-chi++chi/mux_test.go,27,Mutex,1394,
/Users/nicolasdilley/go/src/github.com/nicolasdilley/gocurrency_tool/projects-gocurrency/go-chi++chi/mux_test.go,30,Waitgroup,1394,
/Users/nicolasdilley/go/src/github.com/nicolasdilley/gocurrency_tool/projects-gocurrency/go-chi++chi/mux_test.go,27,Mutex,1394,
/Users/nicolasdilley/go/src/github.com/nicolasdilley/gocurrency_tool/projects-gocurrency/go-chi++chi/mux_test.go,27,Mutex,1416,
/Users/nicolasdilley/go/src/github.com/nicolasdilley/gocurrency_tool/projects-gocurrency/go-chi++chi/mux_test.go,27,Mutex,1416,
/Users/nicolasdilley/go/src/github.com/nicolasdilley/gocurrency_tool/projects-gocurrency/go-chi++chi/mux_test.go,27,Mutex,1416,
/Users/nicolasdilley/go/src/github.com/nicolasdilley/gocurrency_tool/projects-gocurrency/go-chi++chi/mux_test.go,27,Mutex,1416,
/Users/nicolasdilley/go/src/github.com/nicolasdilley/gocurrency_tool/projects-gocurrency/go-chi++chi/mux_test.go,30,Waitgroup,1416,
/Users/nicolasdilley/go/src/github.com/nicolasdilley/gocurrency_tool/projects-gocurrency/go-chi++chi/mux_test.go,27,Mutex,1416,
/Users/nicolasdilley/go/src/github.com/nicolasdilley/gocurrency_tool/projects-gocurrency/go-chi++chi/mux_test.go,27,Mutex,1461,
/Users/nicolasdilley/go/src/github.com/nicolasdilley/gocurrency_tool/projects-gocurrency/go-chi++chi/mux_test.go,27,Mutex,1461,
/Users/nicolasdilley/go/src/github.com/nicolasdilley/gocurrency_tool/projects-gocurrency/go-chi++chi/mux_test.go,27,Mutex,1461,
/Users/nicolasdilley/go/src/github.com/nicolasdilley/gocurrency_tool/projects-gocurrency/go-chi++chi/mux_test.go,27,Mutex,1461,
/Users/nicolasdilley/go/src/github.com/nicolasdilley/gocurrency_tool/projects-gocurrency/go-chi++chi/mux_test.go,30,Waitgroup,1461,
/Users/nicolasdilley/go/src/github.com/nicolasdilley/gocurrency_tool/projects-gocurrency/go-chi++chi/mux_test.go,27,Mutex,1461,
/Users/nicolasdilley/go/src/github.com/nicolasdilley/gocurrency_tool/projects-gocurrency/go-chi++chi/mux_test.go,27,Mutex,1474,
/Users/nicolasdilley/go/src/github.com/nicolasdilley/gocurrency_tool/projects-gocurrency/go-chi++chi/mux_test.go,27,Mutex,1474,
/Users/nicolasdilley/go/src/github.com/nicolasdilley/gocurrency_tool/projects-gocurrency/go-chi++chi/mux_test.go,27,Mutex,1474,
/Users/nicolasdilley/go/src/github.com/nicolasdilley/gocurrency_tool/projects-gocurrency/go-chi++chi/mux_test.go,27,Mutex,1474,
/Users/nicolasdilley/go/src/github.com/nicolasdilley/gocurrency_tool/projects-gocurrency/go-chi++chi/mux_test.go,30,Waitgroup,1474,
/Users/nicolasdilley/go/src/github.com/nicolasdilley/gocurrency_tool/projects-gocurrency/go-chi++chi/mux_test.go,27,Mutex,1474,
/Users/nicolasdilley/go/src/github.com/nicolasdilley/gocurrency_tool/projects-gocurrency/go-chi++chi/mux_test.go,27,Mutex,1509,
/Users/nicolasdilley/go/src/github.com/nicolasdilley/gocurrency_tool/projects-gocurrency/go-chi++chi/mux_test.go,27,Mutex,1509,
/Users/nicolasdilley/go/src/github.com/nicolasdilley/gocurrency_tool/projects-gocurrency/go-chi++chi/mux_test.go,27,Mutex,1509,
/Users/nicolasdilley/go/src/github.com/nicolasdilley/gocurrency_tool/projects-gocurrency/go-chi++chi/mux_test.go,27,Mutex,1509,
/Users/nicolasdilley/go/src/github.com/nicolasdilley/gocurrency_tool/projects-gocurrency/go-chi++chi/mux_test.go,30,Waitgroup,1509,
/Users/nicolasdilley/go/src/github.com/nicolasdilley/gocurrency_tool/projects-gocurrency/go-chi++chi/mux_test.go,27,Mutex,1509,
/Users/nicolasdilley/go/src/github.com/nicolasdilley/gocurrency_tool/projects-gocurrency/go-chi++chi/mux_test.go,27,Mutex,1541,
/Users/nicolasdilley/go/src/github.com/nicolasdilley/gocurrency_tool/projects-gocurrency/go-chi++chi/mux_test.go,27,Mutex,1541,
/Users/nicolasdilley/go/src/github.com/nicolasdilley/gocurrency_tool/projects-gocurrency/go-chi++chi/mux_test.go,27,Mutex,1541,
/Users/nicolasdilley/go/src/github.com/nicolasdilley/gocurrency_tool/projects-gocurrency/go-chi++chi/mux_test.go,27,Mutex,1541,
/Users/nicolasdilley/go/src/github.com/nicolasdilley/gocurrency_tool/projects-gocurrency/go-chi++chi/mux_test.go,30,Waitgroup,1541,
/Users/nicolasdilley/go/src/github.com/nicolasdilley/gocurrency_tool/projects-gocurrency/go-chi++chi/mux_test.go,27,Mutex,1541,
/Users/nicolasdilley/go/src/github.com/nicolasdilley/gocurrency_tool/projects-gocurrency/go-chi++chi/mux_test.go,2,Receive,1564,
/Users/nicolasdilley/go/src/github.com/nicolasdilley/gocurrency_tool/projects-gocurrency/go-chi++chi/mux_test.go,30,Waitgroup,1567,
/Users/nicolasdilley/go/src/github.com/nicolasdilley/gocurrency_tool/projects-gocurrency/go-chi++chi/mux_test.go,5,Go in for,1571,
/Users/nicolasdilley/go/src/github.com/nicolasdilley/gocurrency_tool/projects-gocurrency/go-chi++chi/mux_test.go,7,Goroutine in for with constant (constant),1571,100
/Users/nicolasdilley/go/src/github.com/nicolasdilley/gocurrency_tool/projects-gocurrency/go-chi++chi/mux_test.go,24,Waitgroup Add(const),1570,&{8762575 INT 1} val is : 1
/Users/nicolasdilley/go/src/github.com/nicolasdilley/gocurrency_tool/projects-gocurrency/go-chi++chi/mux_test.go,1,Goroutine,1571,
/Users/nicolasdilley/go/src/github.com/nicolasdilley/gocurrency_tool/projects-gocurrency/go-chi++chi/mux_test.go,26,Waitgroup Done(),1572,
/Users/nicolasdilley/go/src/github.com/nicolasdilley/gocurrency_tool/projects-gocurrency/go-chi++chi/mux_test.go,5,Go in for,1583,
/Users/nicolasdilley/go/src/github.com/nicolasdilley/gocurrency_tool/projects-gocurrency/go-chi++chi/mux_test.go,7,Goroutine in for with constant (constant),1583,10000
/Users/nicolasdilley/go/src/github.com/nicolasdilley/gocurrency_tool/projects-gocurrency/go-chi++chi/mux_test.go,1,Goroutine,1583,
/Users/nicolasdilley/go/src/github.com/nicolasdilley/gocurrency_tool/projects-gocurrency/go-chi++chi/mux_test.go,31,Waitgroup Wait(),1590,
/Users/nicolasdilley/go/src/github.com/nicolasdilley/gocurrency_tool/projects-gocurrency/go-chi++chi/mux_test.go,27,Mutex,1625,
/Users/nicolasdilley/go/src/github.com/nicolasdilley/gocurrency_tool/projects-gocurrency/go-chi++chi/mux_test.go,27,Mutex,1625,
/Users/nicolasdilley/go/src/github.com/nicolasdilley/gocurrency_tool/projects-gocurrency/go-chi++chi/mux_test.go,27,Mutex,1625,
/Users/nicolasdilley/go/src/github.com/nicolasdilley/gocurrency_tool/projects-gocurrency/go-chi++chi/mux_test.go,27,Mutex,1625,
/Users/nicolasdilley/go/src/github.com/nicolasdilley/gocurrency_tool/projects-gocurrency/go-chi++chi/mux_test.go,30,Waitgroup,1625,
/Users/nicolasdilley/go/src/github.com/nicolasdilley/gocurrency_tool/projects-gocurrency/go-chi++chi/mux_test.go,27,Mutex,1625,
/Users/nicolasdilley/go/src/github.com/nicolasdilley/gocurrency_tool/projects-gocurrency/go-chi++chi/mux_test.go,27,Mutex,1648,
/Users/nicolasdilley/go/src/github.com/nicolasdilley/gocurrency_tool/projects-gocurrency/go-chi++chi/mux_test.go,27,Mutex,1648,
/Users/nicolasdilley/go/src/github.com/nicolasdilley/gocurrency_tool/projects-gocurrency/go-chi++chi/mux_test.go,27,Mutex,1648,
/Users/nicolasdilley/go/src/github.com/nicolasdilley/gocurrency_tool/projects-gocurrency/go-chi++chi/mux_test.go,27,Mutex,1648,
/Users/nicolasdilley/go/src/github.com/nicolasdilley/gocurrency_tool/projects-gocurrency/go-chi++chi/mux_test.go,30,Waitgroup,1648,
/Users/nicolasdilley/go/src/github.com/nicolasdilley/gocurrency_tool/projects-gocurrency/go-chi++chi/mux_test.go,27,Mutex,1648,
/Users/nicolasdilley/go/src/github.com/nicolasdilley/gocurrency_tool/projects-gocurrency/go-chi++chi/mux_test.go,27,Mutex,1701,
/Users/nicolasdilley/go/src/github.com/nicolasdilley/gocurrency_tool/projects-gocurrency/go-chi++chi/mux_test.go,27,Mutex,1701,
/Users/nicolasdilley/go/src/github.com/nicolasdilley/gocurrency_tool/projects-gocurrency/go-chi++chi/mux_test.go,27,Mutex,1701,
/Users/nicolasdilley/go/src/github.com/nicolasdilley/gocurrency_tool/projects-gocurrency/go-chi++chi/mux_test.go,27,Mutex,1701,
/Users/nicolasdilley/go/src/github.com/nicolasdilley/gocurrency_tool/projects-gocurrency/go-chi++chi/mux_test.go,27,Mutex,1712,
/Users/nicolasdilley/go/src/github.com/nicolasdilley/gocurrency_tool/projects-gocurrency/go-chi++chi/mux_test.go,27,Mutex,1712,
/Users/nicolasdilley/go/src/github.com/nicolasdilley/gocurrency_tool/projects-gocurrency/go-chi++chi/mux_test.go,27,Mutex,1712,
/Users/nicolasdilley/go/src/github.com/nicolasdilley/gocurrency_tool/projects-gocurrency/go-chi++chi/mux_test.go,27,Mutex,1712,
/Users/nicolasdilley/go/src/github.com/nicolasdilley/gocurrency_tool/projects-gocurrency/go-chi++chi/mux_test.go,30,Waitgroup,1712,
/Users/nicolasdilley/go/src/github.com/nicolasdilley/gocurrency_tool/projects-gocurrency/go-chi++chi/mux_test.go,27,Mutex,1712,
/Users/nicolasdilley/go/src/github.com/nicolasdilley/gocurrency_tool/projects-gocurrency/go-chi++chi/middleware/compress_test.go,27,Mutex,50,
/Users/nicolasdilley/go/src/github.com/nicolasdilley/gocurrency_tool/projects-gocurrency/go-chi++chi/middleware/compress_test.go,27,Mutex,50,
/Users/nicolasdilley/go/src/github.com/nicolasdilley/gocurrency_tool/projects-gocurrency/go-chi++chi/middleware/compress_test.go,27,Mutex,50,
/Users/nicolasdilley/go/src/github.com/nicolasdilley/gocurrency_tool/projects-gocurrency/go-chi++chi/middleware/compress_test.go,27,Mutex,50,
/Users/nicolasdilley/go/src/github.com/nicolasdilley/gocurrency_tool/projects-gocurrency/go-chi++chi/middleware/compress_test.go,30,Waitgroup,50,
/Users/nicolasdilley/go/src/github.com/nicolasdilley/gocurrency_tool/projects-gocurrency/go-chi++chi/middleware/compress_test.go,27,Mutex,50,
/Users/nicolasdilley/go/src/github.com/nicolasdilley/gocurrency_tool/projects-gocurrency/go-chi++chi/middleware/recoverer_test.go,27,Mutex,26,
/Users/nicolasdilley/go/src/github.com/nicolasdilley/gocurrency_tool/projects-gocurrency/go-chi++chi/middleware/recoverer_test.go,27,Mutex,26,
/Users/nicolasdilley/go/src/github.com/nicolasdilley/gocurrency_tool/projects-gocurrency/go-chi++chi/middleware/recoverer_test.go,27,Mutex,26,
/Users/nicolasdilley/go/src/github.com/nicolasdilley/gocurrency_tool/projects-gocurrency/go-chi++chi/middleware/recoverer_test.go,27,Mutex,26,
/Users/nicolasdilley/go/src/github.com/nicolasdilley/gocurrency_tool/projects-gocurrency/go-chi++chi/middleware/recoverer_test.go,30,Waitgroup,26,
/Users/nicolasdilley/go/src/github.com/nicolasdilley/gocurrency_tool/projects-gocurrency/go-chi++chi/middleware/recoverer_test.go,27,Mutex,26,
/Users/nicolasdilley/go/src/github.com/nicolasdilley/gocurrency_tool/projects-gocurrency/go-chi++chi/middleware/middleware_test.go,27,Mutex,54,
/Users/nicolasdilley/go/src/github.com/nicolasdilley/gocurrency_tool/projects-gocurrency/go-chi++chi/middleware/middleware_test.go,27,Mutex,54,
/Users/nicolasdilley/go/src/github.com/nicolasdilley/gocurrency_tool/projects-gocurrency/go-chi++chi/middleware/middleware_test.go,27,Mutex,54,
/Users/nicolasdilley/go/src/github.com/nicolasdilley/gocurrency_tool/projects-gocurrency/go-chi++chi/middleware/middleware_test.go,27,Mutex,54,
/Users/nicolasdilley/go/src/github.com/nicolasdilley/gocurrency_tool/projects-gocurrency/go-chi++chi/middleware/middleware_test.go,1,Goroutine,59,
/Users/nicolasdilley/go/src/github.com/nicolasdilley/gocurrency_tool/projects-gocurrency/go-chi++chi/middleware/url_format_test.go,27,Mutex,35,
/Users/nicolasdilley/go/src/github.com/nicolasdilley/gocurrency_tool/projects-gocurrency/go-chi++chi/middleware/url_format_test.go,27,Mutex,35,
/Users/nicolasdilley/go/src/github.com/nicolasdilley/gocurrency_tool/projects-gocurrency/go-chi++chi/middleware/url_format_test.go,27,Mutex,35,
/Users/nicolasdilley/go/src/github.com/nicolasdilley/gocurrency_tool/projects-gocurrency/go-chi++chi/middleware/url_format_test.go,27,Mutex,35,
/Users/nicolasdilley/go/src/github.com/nicolasdilley/gocurrency_tool/projects-gocurrency/go-chi++chi/middleware/url_format_test.go,30,Waitgroup,35,
/Users/nicolasdilley/go/src/github.com/nicolasdilley/gocurrency_tool/projects-gocurrency/go-chi++chi/middleware/url_format_test.go,27,Mutex,35,
/Users/nicolasdilley/go/src/github.com/nicolasdilley/gocurrency_tool/projects-gocurrency/go-chi++chi/middleware/throttle.go,9,Unknown chan length,53,
/Users/nicolasdilley/go/src/github.com/nicolasdilley/gocurrency_tool/projects-gocurrency/go-chi++chi/middleware/throttle.go,9,Unknown chan length,54,
/Users/nicolasdilley/go/src/github.com/nicolasdilley/gocurrency_tool/projects-gocurrency/go-chi++chi/middleware/throttle.go,3,Send,62,
/Users/nicolasdilley/go/src/github.com/nicolasdilley/gocurrency_tool/projects-gocurrency/go-chi++chi/middleware/throttle.go,3,Send,64,
/Users/nicolasdilley/go/src/github.com/nicolasdilley/gocurrency_tool/projects-gocurrency/go-chi++chi/middleware/throttle.go,17,Select with default (number of branch),71,3
/Users/nicolasdilley/go/src/github.com/nicolasdilley/gocurrency_tool/projects-gocurrency/go-chi++chi/middleware/throttle.go,2,Receive,73,
/Users/nicolasdilley/go/src/github.com/nicolasdilley/gocurrency_tool/projects-gocurrency/go-chi++chi/middleware/throttle.go,2,Receive,78,
/Users/nicolasdilley/go/src/github.com/nicolasdilley/gocurrency_tool/projects-gocurrency/go-chi++chi/middleware/throttle.go,3,Send,82,
/Users/nicolasdilley/go/src/github.com/nicolasdilley/gocurrency_tool/projects-gocurrency/go-chi++chi/middleware/throttle.go,16,Select (number of branch),85,3
/Users/nicolasdilley/go/src/github.com/nicolasdilley/gocurrency_tool/projects-gocurrency/go-chi++chi/middleware/throttle.go,2,Receive,86,
/Users/nicolasdilley/go/src/github.com/nicolasdilley/gocurrency_tool/projects-gocurrency/go-chi++chi/middleware/throttle.go,2,Receive,90,
/Users/nicolasdilley/go/src/github.com/nicolasdilley/gocurrency_tool/projects-gocurrency/go-chi++chi/middleware/throttle.go,2,Receive,95,
/Users/nicolasdilley/go/src/github.com/nicolasdilley/gocurrency_tool/projects-gocurrency/go-chi++chi/middleware/throttle.go,3,Send,98,
/Users/nicolasdilley/go/src/github.com/nicolasdilley/gocurrency_tool/projects-gocurrency/go-chi++chi/middleware/get_head_test.go,27,Mutex,37,
/Users/nicolasdilley/go/src/github.com/nicolasdilley/gocurrency_tool/projects-gocurrency/go-chi++chi/middleware/get_head_test.go,27,Mutex,37,
/Users/nicolasdilley/go/src/github.com/nicolasdilley/gocurrency_tool/projects-gocurrency/go-chi++chi/middleware/get_head_test.go,27,Mutex,37,
/Users/nicolasdilley/go/src/github.com/nicolasdilley/gocurrency_tool/projects-gocurrency/go-chi++chi/middleware/get_head_test.go,27,Mutex,37,
/Users/nicolasdilley/go/src/github.com/nicolasdilley/gocurrency_tool/projects-gocurrency/go-chi++chi/middleware/get_head_test.go,30,Waitgroup,37,
/Users/nicolasdilley/go/src/github.com/nicolasdilley/gocurrency_tool/projects-gocurrency/go-chi++chi/middleware/get_head_test.go,27,Mutex,37,
/Users/nicolasdilley/go/src/github.com/nicolasdilley/gocurrency_tool/projects-gocurrency/go-chi++chi/middleware/throttle_test.go,27,Mutex,28,
/Users/nicolasdilley/go/src/github.com/nicolasdilley/gocurrency_tool/projects-gocurrency/go-chi++chi/middleware/throttle_test.go,27,Mutex,28,
/Users/nicolasdilley/go/src/github.com/nicolasdilley/gocurrency_tool/projects-gocurrency/go-chi++chi/middleware/throttle_test.go,27,Mutex,28,
/Users/nicolasdilley/go/src/github.com/nicolasdilley/gocurrency_tool/projects-gocurrency/go-chi++chi/middleware/throttle_test.go,27,Mutex,28,
/Users/nicolasdilley/go/src/github.com/nicolasdilley/gocurrency_tool/projects-gocurrency/go-chi++chi/middleware/throttle_test.go,30,Waitgroup,28,
/Users/nicolasdilley/go/src/github.com/nicolasdilley/gocurrency_tool/projects-gocurrency/go-chi++chi/middleware/throttle_test.go,27,Mutex,28,
/Users/nicolasdilley/go/src/github.com/nicolasdilley/gocurrency_tool/projects-gocurrency/go-chi++chi/middleware/throttle_test.go,30,Waitgroup,35,
/Users/nicolasdilley/go/src/github.com/nicolasdilley/gocurrency_tool/projects-gocurrency/go-chi++chi/middleware/throttle_test.go,5,Go in for,42,
/Users/nicolasdilley/go/src/github.com/nicolasdilley/gocurrency_tool/projects-gocurrency/go-chi++chi/middleware/throttle_test.go,7,Goroutine in for with constant (constant),42,40
/Users/nicolasdilley/go/src/github.com/nicolasdilley/gocurrency_tool/projects-gocurrency/go-chi++chi/middleware/throttle_test.go,24,Waitgroup Add(const),41,&{8848573 INT 1} val is : 1
/Users/nicolasdilley/go/src/github.com/nicolasdilley/gocurrency_tool/projects-gocurrency/go-chi++chi/middleware/throttle_test.go,1,Goroutine,42,
/Users/nicolasdilley/go/src/github.com/nicolasdilley/gocurrency_tool/projects-gocurrency/go-chi++chi/middleware/throttle_test.go,26,Waitgroup Done(),43,
/Users/nicolasdilley/go/src/github.com/nicolasdilley/gocurrency_tool/projects-gocurrency/go-chi++chi/middleware/throttle_test.go,31,Waitgroup Wait(),55,
/Users/nicolasdilley/go/src/github.com/nicolasdilley/gocurrency_tool/projects-gocurrency/go-chi++chi/middleware/throttle_test.go,27,Mutex,69,
/Users/nicolasdilley/go/src/github.com/nicolasdilley/gocurrency_tool/projects-gocurrency/go-chi++chi/middleware/throttle_test.go,27,Mutex,69,
/Users/nicolasdilley/go/src/github.com/nicolasdilley/gocurrency_tool/projects-gocurrency/go-chi++chi/middleware/throttle_test.go,27,Mutex,69,
/Users/nicolasdilley/go/src/github.com/nicolasdilley/gocurrency_tool/projects-gocurrency/go-chi++chi/middleware/throttle_test.go,27,Mutex,69,
/Users/nicolasdilley/go/src/github.com/nicolasdilley/gocurrency_tool/projects-gocurrency/go-chi++chi/middleware/throttle_test.go,30,Waitgroup,69,
/Users/nicolasdilley/go/src/github.com/nicolasdilley/gocurrency_tool/projects-gocurrency/go-chi++chi/middleware/throttle_test.go,27,Mutex,69,
/Users/nicolasdilley/go/src/github.com/nicolasdilley/gocurrency_tool/projects-gocurrency/go-chi++chi/middleware/throttle_test.go,30,Waitgroup,76,
/Users/nicolasdilley/go/src/github.com/nicolasdilley/gocurrency_tool/projects-gocurrency/go-chi++chi/middleware/throttle_test.go,5,Go in for,80,
/Users/nicolasdilley/go/src/github.com/nicolasdilley/gocurrency_tool/projects-gocurrency/go-chi++chi/middleware/throttle_test.go,7,Goroutine in for with constant (constant),80,10
/Users/nicolasdilley/go/src/github.com/nicolasdilley/gocurrency_tool/projects-gocurrency/go-chi++chi/middleware/throttle_test.go,24,Waitgroup Add(const),79,&{8849342 INT 1} val is : 1
/Users/nicolasdilley/go/src/github.com/nicolasdilley/gocurrency_tool/projects-gocurrency/go-chi++chi/middleware/throttle_test.go,1,Goroutine,80,
/Users/nicolasdilley/go/src/github.com/nicolasdilley/gocurrency_tool/projects-gocurrency/go-chi++chi/middleware/throttle_test.go,26,Waitgroup Done(),81,
/Users/nicolasdilley/go/src/github.com/nicolasdilley/gocurrency_tool/projects-gocurrency/go-chi++chi/middleware/throttle_test.go,31,Waitgroup Wait(),87,
/Users/nicolasdilley/go/src/github.com/nicolasdilley/gocurrency_tool/projects-gocurrency/go-chi++chi/middleware/throttle_test.go,27,Mutex,101,
/Users/nicolasdilley/go/src/github.com/nicolasdilley/gocurrency_tool/projects-gocurrency/go-chi++chi/middleware/throttle_test.go,27,Mutex,101,
/Users/nicolasdilley/go/src/github.com/nicolasdilley/gocurrency_tool/projects-gocurrency/go-chi++chi/middleware/throttle_test.go,27,Mutex,101,
/Users/nicolasdilley/go/src/github.com/nicolasdilley/gocurrency_tool/projects-gocurrency/go-chi++chi/middleware/throttle_test.go,27,Mutex,101,
/Users/nicolasdilley/go/src/github.com/nicolasdilley/gocurrency_tool/projects-gocurrency/go-chi++chi/middleware/throttle_test.go,30,Waitgroup,101,
/Users/nicolasdilley/go/src/github.com/nicolasdilley/gocurrency_tool/projects-gocurrency/go-chi++chi/middleware/throttle_test.go,27,Mutex,101,
/Users/nicolasdilley/go/src/github.com/nicolasdilley/gocurrency_tool/projects-gocurrency/go-chi++chi/middleware/throttle_test.go,30,Waitgroup,108,
/Users/nicolasdilley/go/src/github.com/nicolasdilley/gocurrency_tool/projects-gocurrency/go-chi++chi/middleware/throttle_test.go,5,Go in for,113,
/Users/nicolasdilley/go/src/github.com/nicolasdilley/gocurrency_tool/projects-gocurrency/go-chi++chi/middleware/throttle_test.go,7,Goroutine in for with constant (constant),113,50
/Users/nicolasdilley/go/src/github.com/nicolasdilley/gocurrency_tool/projects-gocurrency/go-chi++chi/middleware/throttle_test.go,24,Waitgroup Add(const),112,&{8850030 INT 1} val is : 1
/Users/nicolasdilley/go/src/github.com/nicolasdilley/gocurrency_tool/projects-gocurrency/go-chi++chi/middleware/throttle_test.go,1,Goroutine,113,
/Users/nicolasdilley/go/src/github.com/nicolasdilley/gocurrency_tool/projects-gocurrency/go-chi++chi/middleware/throttle_test.go,26,Waitgroup Done(),114,
/Users/nicolasdilley/go/src/github.com/nicolasdilley/gocurrency_tool/projects-gocurrency/go-chi++chi/middleware/throttle_test.go,5,Go in for,129,
/Users/nicolasdilley/go/src/github.com/nicolasdilley/gocurrency_tool/projects-gocurrency/go-chi++chi/middleware/throttle_test.go,7,Goroutine in for with constant (constant),129,50
/Users/nicolasdilley/go/src/github.com/nicolasdilley/gocurrency_tool/projects-gocurrency/go-chi++chi/middleware/throttle_test.go,24,Waitgroup Add(const),128,&{8850408 INT 1} val is : 1
/Users/nicolasdilley/go/src/github.com/nicolasdilley/gocurrency_tool/projects-gocurrency/go-chi++chi/middleware/throttle_test.go,1,Goroutine,129,
/Users/nicolasdilley/go/src/github.com/nicolasdilley/gocurrency_tool/projects-gocurrency/go-chi++chi/middleware/throttle_test.go,26,Waitgroup Done(),130,
/Users/nicolasdilley/go/src/github.com/nicolasdilley/gocurrency_tool/projects-gocurrency/go-chi++chi/middleware/throttle_test.go,31,Waitgroup Wait(),143,
/Users/nicolasdilley/go/src/github.com/nicolasdilley/gocurrency_tool/projects-gocurrency/go-chi++chi/middleware/throttle_test.go,27,Mutex,157,
/Users/nicolasdilley/go/src/github.com/nicolasdilley/gocurrency_tool/projects-gocurrency/go-chi++chi/middleware/throttle_test.go,27,Mutex,157,
/Users/nicolasdilley/go/src/github.com/nicolasdilley/gocurrency_tool/projects-gocurrency/go-chi++chi/middleware/throttle_test.go,27,Mutex,157,
/Users/nicolasdilley/go/src/github.com/nicolasdilley/gocurrency_tool/projects-gocurrency/go-chi++chi/middleware/throttle_test.go,27,Mutex,157,
/Users/nicolasdilley/go/src/github.com/nicolasdilley/gocurrency_tool/projects-gocurrency/go-chi++chi/middleware/throttle_test.go,30,Waitgroup,157,
/Users/nicolasdilley/go/src/github.com/nicolasdilley/gocurrency_tool/projects-gocurrency/go-chi++chi/middleware/throttle_test.go,27,Mutex,157,
/Users/nicolasdilley/go/src/github.com/nicolasdilley/gocurrency_tool/projects-gocurrency/go-chi++chi/middleware/throttle_test.go,30,Waitgroup,164,
/Users/nicolasdilley/go/src/github.com/nicolasdilley/gocurrency_tool/projects-gocurrency/go-chi++chi/middleware/throttle_test.go,5,Go in for,168,
/Users/nicolasdilley/go/src/github.com/nicolasdilley/gocurrency_tool/projects-gocurrency/go-chi++chi/middleware/throttle_test.go,7,Goroutine in for with constant (constant),168,20
/Users/nicolasdilley/go/src/github.com/nicolasdilley/gocurrency_tool/projects-gocurrency/go-chi++chi/middleware/throttle_test.go,24,Waitgroup Add(const),167,&{8851212 INT 1} val is : 1
/Users/nicolasdilley/go/src/github.com/nicolasdilley/gocurrency_tool/projects-gocurrency/go-chi++chi/middleware/throttle_test.go,1,Goroutine,168,
/Users/nicolasdilley/go/src/github.com/nicolasdilley/gocurrency_tool/projects-gocurrency/go-chi++chi/middleware/throttle_test.go,26,Waitgroup Done(),169,
/Users/nicolasdilley/go/src/github.com/nicolasdilley/gocurrency_tool/projects-gocurrency/go-chi++chi/middleware/throttle_test.go,5,Go in for,189,
/Users/nicolasdilley/go/src/github.com/nicolasdilley/gocurrency_tool/projects-gocurrency/go-chi++chi/middleware/throttle_test.go,7,Goroutine in for with constant (constant),189,20
/Users/nicolasdilley/go/src/github.com/nicolasdilley/gocurrency_tool/projects-gocurrency/go-chi++chi/middleware/throttle_test.go,24,Waitgroup Add(const),188,&{8851718 INT 1} val is : 1
/Users/nicolasdilley/go/src/github.com/nicolasdilley/gocurrency_tool/projects-gocurrency/go-chi++chi/middleware/throttle_test.go,1,Goroutine,189,
/Users/nicolasdilley/go/src/github.com/nicolasdilley/gocurrency_tool/projects-gocurrency/go-chi++chi/middleware/throttle_test.go,26,Waitgroup Done(),190,
/Users/nicolasdilley/go/src/github.com/nicolasdilley/gocurrency_tool/projects-gocurrency/go-chi++chi/middleware/throttle_test.go,31,Waitgroup Wait(),203,
/Users/nicolasdilley/go/src/github.com/nicolasdilley/gocurrency_tool/projects-gocurrency/go-chi++chi/middleware/strip_test.go,27,Mutex,36,
/Users/nicolasdilley/go/src/github.com/nicolasdilley/gocurrency_tool/projects-gocurrency/go-chi++chi/middleware/strip_test.go,27,Mutex,36,
/Users/nicolasdilley/go/src/github.com/nicolasdilley/gocurrency_tool/projects-gocurrency/go-chi++chi/middleware/strip_test.go,27,Mutex,36,
/Users/nicolasdilley/go/src/github.com/nicolasdilley/gocurrency_tool/projects-gocurrency/go-chi++chi/middleware/strip_test.go,27,Mutex,36,
/Users/nicolasdilley/go/src/github.com/nicolasdilley/gocurrency_tool/projects-gocurrency/go-chi++chi/middleware/strip_test.go,30,Waitgroup,36,
/Users/nicolasdilley/go/src/github.com/nicolasdilley/gocurrency_tool/projects-gocurrency/go-chi++chi/middleware/strip_test.go,27,Mutex,36,
/Users/nicolasdilley/go/src/github.com/nicolasdilley/gocurrency_tool/projects-gocurrency/go-chi++chi/middleware/strip_test.go,27,Mutex,79,
/Users/nicolasdilley/go/src/github.com/nicolasdilley/gocurrency_tool/projects-gocurrency/go-chi++chi/middleware/strip_test.go,27,Mutex,79,
/Users/nicolasdilley/go/src/github.com/nicolasdilley/gocurrency_tool/projects-gocurrency/go-chi++chi/middleware/strip_test.go,27,Mutex,79,
/Users/nicolasdilley/go/src/github.com/nicolasdilley/gocurrency_tool/projects-gocurrency/go-chi++chi/middleware/strip_test.go,27,Mutex,79,
/Users/nicolasdilley/go/src/github.com/nicolasdilley/gocurrency_tool/projects-gocurrency/go-chi++chi/middleware/strip_test.go,30,Waitgroup,79,
/Users/nicolasdilley/go/src/github.com/nicolasdilley/gocurrency_tool/projects-gocurrency/go-chi++chi/middleware/strip_test.go,27,Mutex,79,
/Users/nicolasdilley/go/src/github.com/nicolasdilley/gocurrency_tool/projects-gocurrency/go-chi++chi/middleware/strip_test.go,27,Mutex,125,
/Users/nicolasdilley/go/src/github.com/nicolasdilley/gocurrency_tool/projects-gocurrency/go-chi++chi/middleware/strip_test.go,27,Mutex,125,
/Users/nicolasdilley/go/src/github.com/nicolasdilley/gocurrency_tool/projects-gocurrency/go-chi++chi/middleware/strip_test.go,27,Mutex,125,
/Users/nicolasdilley/go/src/github.com/nicolasdilley/gocurrency_tool/projects-gocurrency/go-chi++chi/middleware/strip_test.go,27,Mutex,125,
/Users/nicolasdilley/go/src/github.com/nicolasdilley/gocurrency_tool/projects-gocurrency/go-chi++chi/middleware/strip_test.go,30,Waitgroup,125,
/Users/nicolasdilley/go/src/github.com/nicolasdilley/gocurrency_tool/projects-gocurrency/go-chi++chi/middleware/strip_test.go,27,Mutex,125,
/Users/nicolasdilley/go/src/github.com/nicolasdilley/gocurrency_tool/projects-gocurrency/go-chi++chi/middleware/strip_test.go,27,Mutex,204,
/Users/nicolasdilley/go/src/github.com/nicolasdilley/gocurrency_tool/projects-gocurrency/go-chi++chi/middleware/strip_test.go,27,Mutex,218,
/Users/nicolasdilley/go/src/github.com/nicolasdilley/gocurrency_tool/projects-gocurrency/go-chi++chi/middleware/strip_test.go,27,Mutex,218,
/Users/nicolasdilley/go/src/github.com/nicolasdilley/gocurrency_tool/projects-gocurrency/go-chi++chi/middleware/strip_test.go,27,Mutex,218,
/Users/nicolasdilley/go/src/github.com/nicolasdilley/gocurrency_tool/projects-gocurrency/go-chi++chi/middleware/strip_test.go,27,Mutex,218,
/Users/nicolasdilley/go/src/github.com/nicolasdilley/gocurrency_tool/projects-gocurrency/go-chi++chi/middleware/strip_test.go,30,Waitgroup,218,
/Users/nicolasdilley/go/src/github.com/nicolasdilley/gocurrency_tool/projects-gocurrency/go-chi++chi/middleware/strip_test.go,27,Mutex,218,
