Line num,4284
packages num,5,6
files num,23,38
Average Line num per featured file,239,1439
,3934
ci,69
hooks/syslog,62
hooks/test,121
hooks/writer,52
internal/testutils,46
Filename, #,Concurrent Type, Line number , Number
/Users/nicolasdilley/go/src/github.com/nicolasdilley/gocurrency_tool/projects-gocurrency/sirupsen++logrus/internal/testutils/testutils.go,27,Mutex,19,
/Users/nicolasdilley/go/src/github.com/nicolasdilley/gocurrency_tool/projects-gocurrency/sirupsen++logrus/internal/testutils/testutils.go,27,Mutex,34,
/Users/nicolasdilley/go/src/github.com/nicolasdilley/gocurrency_tool/projects-gocurrency/sirupsen++logrus/example_global_hook_test.go,27,Mutex,26,
/Users/nicolasdilley/go/src/github.com/nicolasdilley/gocurrency_tool/projects-gocurrency/sirupsen++logrus/example_custom_caller_test.go,27,Mutex,13,
/Users/nicolasdilley/go/src/github.com/nicolasdilley/gocurrency_tool/projects-gocurrency/sirupsen++logrus/writer_test.go,27,Mutex,11,
/Users/nicolasdilley/go/src/github.com/nicolasdilley/gocurrency_tool/projects-gocurrency/sirupsen++logrus/writer_test.go,27,Mutex,12,
/Users/nicolasdilley/go/src/github.com/nicolasdilley/gocurrency_tool/projects-gocurrency/sirupsen++logrus/writer_test.go,27,Mutex,12,
/Users/nicolasdilley/go/src/github.com/nicolasdilley/gocurrency_tool/projects-gocurrency/sirupsen++logrus/writer_test.go,27,Mutex,12,
/Users/nicolasdilley/go/src/github.com/nicolasdilley/gocurrency_tool/projects-gocurrency/sirupsen++logrus/writer_test.go,27,Mutex,12,
/Users/nicolasdilley/go/src/github.com/nicolasdilley/gocurrency_tool/projects-gocurrency/sirupsen++logrus/writer_test.go,27,Mutex,15,
/Users/nicolasdilley/go/src/github.com/nicolasdilley/gocurrency_tool/projects-gocurrency/sirupsen++logrus/writer_test.go,27,Mutex,15,
/Users/nicolasdilley/go/src/github.com/nicolasdilley/gocurrency_tool/projects-gocurrency/sirupsen++logrus/writer_test.go,27,Mutex,15,
/Users/nicolasdilley/go/src/github.com/nicolasdilley/gocurrency_tool/projects-gocurrency/sirupsen++logrus/writer_test.go,27,Mutex,15,
/Users/nicolasdilley/go/src/github.com/nicolasdilley/gocurrency_tool/projects-gocurrency/sirupsen++logrus/writer_test.go,27,Mutex,27,
/Users/nicolasdilley/go/src/github.com/nicolasdilley/gocurrency_tool/projects-gocurrency/sirupsen++logrus/example_default_field_value_test.go,27,Mutex,23,
/Users/nicolasdilley/go/src/github.com/nicolasdilley/gocurrency_tool/projects-gocurrency/sirupsen++logrus/example_basic_test.go,27,Mutex,10,
/Users/nicolasdilley/go/src/github.com/nicolasdilley/gocurrency_tool/projects-gocurrency/sirupsen++logrus/example_basic_test.go,27,Mutex,28,
/Users/nicolasdilley/go/src/github.com/nicolasdilley/gocurrency_tool/projects-gocurrency/sirupsen++logrus/example_hook_test.go,27,Mutex,15,
/Users/nicolasdilley/go/src/github.com/nicolasdilley/gocurrency_tool/projects-gocurrency/sirupsen++logrus/example_hook_test.go,27,Mutex,19,
/Users/nicolasdilley/go/src/github.com/nicolasdilley/gocurrency_tool/projects-gocurrency/sirupsen++logrus/hook_test.go,27,Mutex,107,
/Users/nicolasdilley/go/src/github.com/nicolasdilley/gocurrency_tool/projects-gocurrency/sirupsen++logrus/hook_test.go,30,Waitgroup,176,
/Users/nicolasdilley/go/src/github.com/nicolasdilley/gocurrency_tool/projects-gocurrency/sirupsen++logrus/hook_test.go,24,Waitgroup Add(const),177,&{8767196 INT 2} val is : 2
/Users/nicolasdilley/go/src/github.com/nicolasdilley/gocurrency_tool/projects-gocurrency/sirupsen++logrus/hook_test.go,1,Goroutine,180,
/Users/nicolasdilley/go/src/github.com/nicolasdilley/gocurrency_tool/projects-gocurrency/sirupsen++logrus/hook_test.go,26,Waitgroup Done(),181,
/Users/nicolasdilley/go/src/github.com/nicolasdilley/gocurrency_tool/projects-gocurrency/sirupsen++logrus/hook_test.go,1,Goroutine,184,
/Users/nicolasdilley/go/src/github.com/nicolasdilley/gocurrency_tool/projects-gocurrency/sirupsen++logrus/hook_test.go,26,Waitgroup Done(),185,
/Users/nicolasdilley/go/src/github.com/nicolasdilley/gocurrency_tool/projects-gocurrency/sirupsen++logrus/hook_test.go,31,Waitgroup Wait(),188,
/Users/nicolasdilley/go/src/github.com/nicolasdilley/gocurrency_tool/projects-gocurrency/sirupsen++logrus/logrus_test.go,27,Mutex,73,
/Users/nicolasdilley/go/src/github.com/nicolasdilley/gocurrency_tool/projects-gocurrency/sirupsen++logrus/logrus_test.go,27,Mutex,78,
/Users/nicolasdilley/go/src/github.com/nicolasdilley/gocurrency_tool/projects-gocurrency/sirupsen++logrus/logrus_test.go,27,Mutex,197,
/Users/nicolasdilley/go/src/github.com/nicolasdilley/gocurrency_tool/projects-gocurrency/sirupsen++logrus/logrus_test.go,27,Mutex,201,
/Users/nicolasdilley/go/src/github.com/nicolasdilley/gocurrency_tool/projects-gocurrency/sirupsen++logrus/logrus_test.go,27,Mutex,259,
/Users/nicolasdilley/go/src/github.com/nicolasdilley/gocurrency_tool/projects-gocurrency/sirupsen++logrus/logrus_test.go,27,Mutex,307,
/Users/nicolasdilley/go/src/github.com/nicolasdilley/gocurrency_tool/projects-gocurrency/sirupsen++logrus/logrus_test.go,27,Mutex,313,
/Users/nicolasdilley/go/src/github.com/nicolasdilley/gocurrency_tool/projects-gocurrency/sirupsen++logrus/logrus_test.go,27,Mutex,335,
/Users/nicolasdilley/go/src/github.com/nicolasdilley/gocurrency_tool/projects-gocurrency/sirupsen++logrus/logrus_test.go,27,Mutex,339,
/Users/nicolasdilley/go/src/github.com/nicolasdilley/gocurrency_tool/projects-gocurrency/sirupsen++logrus/logrus_test.go,27,Mutex,366,
/Users/nicolasdilley/go/src/github.com/nicolasdilley/gocurrency_tool/projects-gocurrency/sirupsen++logrus/logrus_test.go,27,Mutex,371,
/Users/nicolasdilley/go/src/github.com/nicolasdilley/gocurrency_tool/projects-gocurrency/sirupsen++logrus/logrus_test.go,27,Mutex,423,
/Users/nicolasdilley/go/src/github.com/nicolasdilley/gocurrency_tool/projects-gocurrency/sirupsen++logrus/logrus_test.go,30,Waitgroup,554,
/Users/nicolasdilley/go/src/github.com/nicolasdilley/gocurrency_tool/projects-gocurrency/sirupsen++logrus/logrus_test.go,5,Go in for,557,
/Users/nicolasdilley/go/src/github.com/nicolasdilley/gocurrency_tool/projects-gocurrency/sirupsen++logrus/logrus_test.go,7,Goroutine in for with constant (constant),557,100
/Users/nicolasdilley/go/src/github.com/nicolasdilley/gocurrency_tool/projects-gocurrency/sirupsen++logrus/logrus_test.go,24,Waitgroup Add(const),556,&{8789426 INT 1} val is : 1
/Users/nicolasdilley/go/src/github.com/nicolasdilley/gocurrency_tool/projects-gocurrency/sirupsen++logrus/logrus_test.go,1,Goroutine,557,
/Users/nicolasdilley/go/src/github.com/nicolasdilley/gocurrency_tool/projects-gocurrency/sirupsen++logrus/logrus_test.go,26,Waitgroup Done(),558,
/Users/nicolasdilley/go/src/github.com/nicolasdilley/gocurrency_tool/projects-gocurrency/sirupsen++logrus/logrus_test.go,31,Waitgroup Wait(),567,
/Users/nicolasdilley/go/src/github.com/nicolasdilley/gocurrency_tool/projects-gocurrency/sirupsen++logrus/logrus_test.go,27,Mutex,571,
/Users/nicolasdilley/go/src/github.com/nicolasdilley/gocurrency_tool/projects-gocurrency/sirupsen++logrus/logrus_test.go,30,Waitgroup,573,
/Users/nicolasdilley/go/src/github.com/nicolasdilley/gocurrency_tool/projects-gocurrency/sirupsen++logrus/logrus_test.go,24,Waitgroup Add(const),574,&{8789651 INT 100} val is : 100
/Users/nicolasdilley/go/src/github.com/nicolasdilley/gocurrency_tool/projects-gocurrency/sirupsen++logrus/logrus_test.go,5,Go in for,577,
/Users/nicolasdilley/go/src/github.com/nicolasdilley/gocurrency_tool/projects-gocurrency/sirupsen++logrus/logrus_test.go,7,Goroutine in for with constant (constant),577,100
/Users/nicolasdilley/go/src/github.com/nicolasdilley/gocurrency_tool/projects-gocurrency/sirupsen++logrus/logrus_test.go,1,Goroutine,577,
/Users/nicolasdilley/go/src/github.com/nicolasdilley/gocurrency_tool/projects-gocurrency/sirupsen++logrus/logrus_test.go,26,Waitgroup Done(),579,
/Users/nicolasdilley/go/src/github.com/nicolasdilley/gocurrency_tool/projects-gocurrency/sirupsen++logrus/logrus_test.go,31,Waitgroup Wait(),582,
/Users/nicolasdilley/go/src/github.com/nicolasdilley/gocurrency_tool/projects-gocurrency/sirupsen++logrus/logrus_test.go,27,Mutex,586,
/Users/nicolasdilley/go/src/github.com/nicolasdilley/gocurrency_tool/projects-gocurrency/sirupsen++logrus/logrus_test.go,27,Mutex,589,
/Users/nicolasdilley/go/src/github.com/nicolasdilley/gocurrency_tool/projects-gocurrency/sirupsen++logrus/logrus_test.go,30,Waitgroup,592,
/Users/nicolasdilley/go/src/github.com/nicolasdilley/gocurrency_tool/projects-gocurrency/sirupsen++logrus/logrus_test.go,27,Mutex,593,
/Users/nicolasdilley/go/src/github.com/nicolasdilley/gocurrency_tool/projects-gocurrency/sirupsen++logrus/logrus_test.go,24,Waitgroup Add(const),599,&{8790025 INT 100} val is : 100
/Users/nicolasdilley/go/src/github.com/nicolasdilley/gocurrency_tool/projects-gocurrency/sirupsen++logrus/logrus_test.go,5,Go in for,602,
/Users/nicolasdilley/go/src/github.com/nicolasdilley/gocurrency_tool/projects-gocurrency/sirupsen++logrus/logrus_test.go,7,Goroutine in for with constant (constant),602,50
/Users/nicolasdilley/go/src/github.com/nicolasdilley/gocurrency_tool/projects-gocurrency/sirupsen++logrus/logrus_test.go,1,Goroutine,602,
/Users/nicolasdilley/go/src/github.com/nicolasdilley/gocurrency_tool/projects-gocurrency/sirupsen++logrus/logrus_test.go,26,Waitgroup Done(),611,
/Users/nicolasdilley/go/src/github.com/nicolasdilley/gocurrency_tool/projects-gocurrency/sirupsen++logrus/logrus_test.go,5,Go in for,616,
/Users/nicolasdilley/go/src/github.com/nicolasdilley/gocurrency_tool/projects-gocurrency/sirupsen++logrus/logrus_test.go,7,Goroutine in for with constant (constant),616,50
/Users/nicolasdilley/go/src/github.com/nicolasdilley/gocurrency_tool/projects-gocurrency/sirupsen++logrus/logrus_test.go,1,Goroutine,616,
/Users/nicolasdilley/go/src/github.com/nicolasdilley/gocurrency_tool/projects-gocurrency/sirupsen++logrus/logrus_test.go,26,Waitgroup Done(),625,
/Users/nicolasdilley/go/src/github.com/nicolasdilley/gocurrency_tool/projects-gocurrency/sirupsen++logrus/logrus_test.go,31,Waitgroup Wait(),633,
/Users/nicolasdilley/go/src/github.com/nicolasdilley/gocurrency_tool/projects-gocurrency/sirupsen++logrus/logrus_test.go,27,Mutex,639,
/Users/nicolasdilley/go/src/github.com/nicolasdilley/gocurrency_tool/projects-gocurrency/sirupsen++logrus/logrus_test.go,27,Mutex,664,
/Users/nicolasdilley/go/src/github.com/nicolasdilley/gocurrency_tool/projects-gocurrency/sirupsen++logrus/logrus_test.go,27,Mutex,668,
/Users/nicolasdilley/go/src/github.com/nicolasdilley/gocurrency_tool/projects-gocurrency/sirupsen++logrus/logrus_test.go,27,Mutex,673,
/Users/nicolasdilley/go/src/github.com/nicolasdilley/gocurrency_tool/projects-gocurrency/sirupsen++logrus/logrus_test.go,3,Send,683,
/Users/nicolasdilley/go/src/github.com/nicolasdilley/gocurrency_tool/projects-gocurrency/sirupsen++logrus/logrus_test.go,27,Mutex,689,
/Users/nicolasdilley/go/src/github.com/nicolasdilley/gocurrency_tool/projects-gocurrency/sirupsen++logrus/logrus_test.go,2,Receive,697,
/Users/nicolasdilley/go/src/github.com/nicolasdilley/gocurrency_tool/projects-gocurrency/sirupsen++logrus/logrus_test.go,27,Mutex,706,
/Users/nicolasdilley/go/src/github.com/nicolasdilley/gocurrency_tool/projects-gocurrency/sirupsen++logrus/logrus_test.go,27,Mutex,772,
/Users/nicolasdilley/go/src/github.com/nicolasdilley/gocurrency_tool/projects-gocurrency/sirupsen++logrus/logrus_test.go,27,Mutex,784,
/Users/nicolasdilley/go/src/github.com/nicolasdilley/gocurrency_tool/projects-gocurrency/sirupsen++logrus/logrus_test.go,30,Waitgroup,788,
/Users/nicolasdilley/go/src/github.com/nicolasdilley/gocurrency_tool/projects-gocurrency/sirupsen++logrus/logrus_test.go,24,Waitgroup Add(const),789,&{8795705 INT 100} val is : 100
/Users/nicolasdilley/go/src/github.com/nicolasdilley/gocurrency_tool/projects-gocurrency/sirupsen++logrus/logrus_test.go,5,Go in for,792,
/Users/nicolasdilley/go/src/github.com/nicolasdilley/gocurrency_tool/projects-gocurrency/sirupsen++logrus/logrus_test.go,7,Goroutine in for with constant (constant),792,100
/Users/nicolasdilley/go/src/github.com/nicolasdilley/gocurrency_tool/projects-gocurrency/sirupsen++logrus/logrus_test.go,1,Goroutine,792,
/Users/nicolasdilley/go/src/github.com/nicolasdilley/gocurrency_tool/projects-gocurrency/sirupsen++logrus/logrus_test.go,26,Waitgroup Done(),794,
/Users/nicolasdilley/go/src/github.com/nicolasdilley/gocurrency_tool/projects-gocurrency/sirupsen++logrus/logrus_test.go,31,Waitgroup Wait(),797,
/Users/nicolasdilley/go/src/github.com/nicolasdilley/gocurrency_tool/projects-gocurrency/sirupsen++logrus/exported.go,27,Mutex,11,
/Users/nicolasdilley/go/src/github.com/nicolasdilley/gocurrency_tool/projects-gocurrency/sirupsen++logrus/formatter_bench_test.go,27,Mutex,83,
/Users/nicolasdilley/go/src/github.com/nicolasdilley/gocurrency_tool/projects-gocurrency/sirupsen++logrus/formatter_bench_test.go,27,Mutex,85,
/Users/nicolasdilley/go/src/github.com/nicolasdilley/gocurrency_tool/projects-gocurrency/sirupsen++logrus/writer.go,27,Mutex,28,
/Users/nicolasdilley/go/src/github.com/nicolasdilley/gocurrency_tool/projects-gocurrency/sirupsen++logrus/writer.go,27,Mutex,28,
/Users/nicolasdilley/go/src/github.com/nicolasdilley/gocurrency_tool/projects-gocurrency/sirupsen++logrus/writer.go,27,Mutex,28,
/Users/nicolasdilley/go/src/github.com/nicolasdilley/gocurrency_tool/projects-gocurrency/sirupsen++logrus/writer.go,27,Mutex,28,
/Users/nicolasdilley/go/src/github.com/nicolasdilley/gocurrency_tool/projects-gocurrency/sirupsen++logrus/writer.go,27,Mutex,28,
/Users/nicolasdilley/go/src/github.com/nicolasdilley/gocurrency_tool/projects-gocurrency/sirupsen++logrus/writer.go,27,Mutex,28,
/Users/nicolasdilley/go/src/github.com/nicolasdilley/gocurrency_tool/projects-gocurrency/sirupsen++logrus/writer.go,27,Mutex,28,
/Users/nicolasdilley/go/src/github.com/nicolasdilley/gocurrency_tool/projects-gocurrency/sirupsen++logrus/writer.go,27,Mutex,28,
/Users/nicolasdilley/go/src/github.com/nicolasdilley/gocurrency_tool/projects-gocurrency/sirupsen++logrus/writer.go,1,Goroutine,51,
/Users/nicolasdilley/go/src/github.com/nicolasdilley/gocurrency_tool/projects-gocurrency/sirupsen++logrus/json_formatter_test.go,27,Mutex,170,
/Users/nicolasdilley/go/src/github.com/nicolasdilley/gocurrency_tool/projects-gocurrency/sirupsen++logrus/json_formatter_test.go,27,Mutex,294,
/Users/nicolasdilley/go/src/github.com/nicolasdilley/gocurrency_tool/projects-gocurrency/sirupsen++logrus/logger_test.go,27,Mutex,15,
/Users/nicolasdilley/go/src/github.com/nicolasdilley/gocurrency_tool/projects-gocurrency/sirupsen++logrus/logger_test.go,27,Mutex,33,
/Users/nicolasdilley/go/src/github.com/nicolasdilley/gocurrency_tool/projects-gocurrency/sirupsen++logrus/logger_test.go,27,Mutex,53,
/Users/nicolasdilley/go/src/github.com/nicolasdilley/gocurrency_tool/projects-gocurrency/sirupsen++logrus/logger_test.go,27,Mutex,57,
/Users/nicolasdilley/go/src/github.com/nicolasdilley/gocurrency_tool/projects-gocurrency/sirupsen++logrus/logger_test.go,27,Mutex,87,
/Users/nicolasdilley/go/src/github.com/nicolasdilley/gocurrency_tool/projects-gocurrency/sirupsen++logrus/logger_bench_test.go,27,Mutex,28,
/Users/nicolasdilley/go/src/github.com/nicolasdilley/gocurrency_tool/projects-gocurrency/sirupsen++logrus/logger_bench_test.go,27,Mutex,33,
/Users/nicolasdilley/go/src/github.com/nicolasdilley/gocurrency_tool/projects-gocurrency/sirupsen++logrus/logger_bench_test.go,27,Mutex,42,
/Users/nicolasdilley/go/src/github.com/nicolasdilley/gocurrency_tool/projects-gocurrency/sirupsen++logrus/logger_bench_test.go,27,Mutex,48,
/Users/nicolasdilley/go/src/github.com/nicolasdilley/gocurrency_tool/projects-gocurrency/sirupsen++logrus/logger_bench_test.go,27,Mutex,66,
/Users/nicolasdilley/go/src/github.com/nicolasdilley/gocurrency_tool/projects-gocurrency/sirupsen++logrus/text_formatter_test.go,27,Mutex,19,
/Users/nicolasdilley/go/src/github.com/nicolasdilley/gocurrency_tool/projects-gocurrency/sirupsen++logrus/text_formatter_test.go,27,Mutex,38,
/Users/nicolasdilley/go/src/github.com/nicolasdilley/gocurrency_tool/projects-gocurrency/sirupsen++logrus/text_formatter_test.go,27,Mutex,101,
/Users/nicolasdilley/go/src/github.com/nicolasdilley/gocurrency_tool/projects-gocurrency/sirupsen++logrus/text_formatter_test.go,27,Mutex,120,
/Users/nicolasdilley/go/src/github.com/nicolasdilley/gocurrency_tool/projects-gocurrency/sirupsen++logrus/text_formatter_test.go,27,Mutex,142,
/Users/nicolasdilley/go/src/github.com/nicolasdilley/gocurrency_tool/projects-gocurrency/sirupsen++logrus/text_formatter_test.go,27,Mutex,162,
/Users/nicolasdilley/go/src/github.com/nicolasdilley/gocurrency_tool/projects-gocurrency/sirupsen++logrus/text_formatter_test.go,27,Mutex,169,
/Users/nicolasdilley/go/src/github.com/nicolasdilley/gocurrency_tool/projects-gocurrency/sirupsen++logrus/text_formatter_test.go,27,Mutex,250,
/Users/nicolasdilley/go/src/github.com/nicolasdilley/gocurrency_tool/projects-gocurrency/sirupsen++logrus/text_formatter_test.go,27,Mutex,251,
/Users/nicolasdilley/go/src/github.com/nicolasdilley/gocurrency_tool/projects-gocurrency/sirupsen++logrus/text_formatter_test.go,27,Mutex,291,
/Users/nicolasdilley/go/src/github.com/nicolasdilley/gocurrency_tool/projects-gocurrency/sirupsen++logrus/text_formatter_test.go,27,Mutex,300,
/Users/nicolasdilley/go/src/github.com/nicolasdilley/gocurrency_tool/projects-gocurrency/sirupsen++logrus/text_formatter_test.go,27,Mutex,303,
/Users/nicolasdilley/go/src/github.com/nicolasdilley/gocurrency_tool/projects-gocurrency/sirupsen++logrus/text_formatter_test.go,27,Mutex,323,
/Users/nicolasdilley/go/src/github.com/nicolasdilley/gocurrency_tool/projects-gocurrency/sirupsen++logrus/text_formatter_test.go,27,Mutex,332,
/Users/nicolasdilley/go/src/github.com/nicolasdilley/gocurrency_tool/projects-gocurrency/sirupsen++logrus/text_formatter_test.go,27,Mutex,548,
/Users/nicolasdilley/go/src/github.com/nicolasdilley/gocurrency_tool/projects-gocurrency/sirupsen++logrus/text_formatter_test.go,27,Mutex,572,
/Users/nicolasdilley/go/src/github.com/nicolasdilley/gocurrency_tool/projects-gocurrency/sirupsen++logrus/text_formatter_test.go,27,Mutex,587,
/Users/nicolasdilley/go/src/github.com/nicolasdilley/gocurrency_tool/projects-gocurrency/sirupsen++logrus/entry.go,27,Mutex,24,
/Users/nicolasdilley/go/src/github.com/nicolasdilley/gocurrency_tool/projects-gocurrency/sirupsen++logrus/entry.go,27,Mutex,224,
/Users/nicolasdilley/go/src/github.com/nicolasdilley/gocurrency_tool/projects-gocurrency/sirupsen++logrus/logger.go,29,Mutex Lock(),61,
/Users/nicolasdilley/go/src/github.com/nicolasdilley/gocurrency_tool/projects-gocurrency/sirupsen++logrus/logger.go,28,Mutex Unlock(),67,
/Users/nicolasdilley/go/src/github.com/nicolasdilley/gocurrency_tool/projects-gocurrency/sirupsen++logrus/logger.go,27,Mutex,99,
/Users/nicolasdilley/go/src/github.com/nicolasdilley/gocurrency_tool/projects-gocurrency/sirupsen++logrus/logger.go,27,Mutex,116,
/Users/nicolasdilley/go/src/github.com/nicolasdilley/gocurrency_tool/projects-gocurrency/sirupsen++logrus/logger.go,27,Mutex,124,
/Users/nicolasdilley/go/src/github.com/nicolasdilley/gocurrency_tool/projects-gocurrency/sirupsen++logrus/logger.go,27,Mutex,132,
/Users/nicolasdilley/go/src/github.com/nicolasdilley/gocurrency_tool/projects-gocurrency/sirupsen++logrus/logger.go,27,Mutex,139,
/Users/nicolasdilley/go/src/github.com/nicolasdilley/gocurrency_tool/projects-gocurrency/sirupsen++logrus/logger.go,27,Mutex,146,
/Users/nicolasdilley/go/src/github.com/nicolasdilley/gocurrency_tool/projects-gocurrency/sirupsen++logrus/logger.go,27,Mutex,153,
/Users/nicolasdilley/go/src/github.com/nicolasdilley/gocurrency_tool/projects-gocurrency/sirupsen++logrus/logger.go,27,Mutex,172,
/Users/nicolasdilley/go/src/github.com/nicolasdilley/gocurrency_tool/projects-gocurrency/sirupsen++logrus/logger.go,27,Mutex,200,
/Users/nicolasdilley/go/src/github.com/nicolasdilley/gocurrency_tool/projects-gocurrency/sirupsen++logrus/logger.go,27,Mutex,208,
/Users/nicolasdilley/go/src/github.com/nicolasdilley/gocurrency_tool/projects-gocurrency/sirupsen++logrus/logger.go,27,Mutex,227,
/Users/nicolasdilley/go/src/github.com/nicolasdilley/gocurrency_tool/projects-gocurrency/sirupsen++logrus/logger.go,27,Mutex,266,
/Users/nicolasdilley/go/src/github.com/nicolasdilley/gocurrency_tool/projects-gocurrency/sirupsen++logrus/logger.go,27,Mutex,294,
/Users/nicolasdilley/go/src/github.com/nicolasdilley/gocurrency_tool/projects-gocurrency/sirupsen++logrus/logger.go,27,Mutex,313,
/Users/nicolasdilley/go/src/github.com/nicolasdilley/gocurrency_tool/projects-gocurrency/sirupsen++logrus/entry_test.go,27,Mutex,25,
/Users/nicolasdilley/go/src/github.com/nicolasdilley/gocurrency_tool/projects-gocurrency/sirupsen++logrus/entry_test.go,27,Mutex,27,
/Users/nicolasdilley/go/src/github.com/nicolasdilley/gocurrency_tool/projects-gocurrency/sirupsen++logrus/entry_test.go,27,Mutex,43,
/Users/nicolasdilley/go/src/github.com/nicolasdilley/gocurrency_tool/projects-gocurrency/sirupsen++logrus/entry_test.go,27,Mutex,45,
/Users/nicolasdilley/go/src/github.com/nicolasdilley/gocurrency_tool/projects-gocurrency/sirupsen++logrus/entry_test.go,27,Mutex,54,
/Users/nicolasdilley/go/src/github.com/nicolasdilley/gocurrency_tool/projects-gocurrency/sirupsen++logrus/entry_test.go,27,Mutex,56,
/Users/nicolasdilley/go/src/github.com/nicolasdilley/gocurrency_tool/projects-gocurrency/sirupsen++logrus/entry_test.go,27,Mutex,60,
/Users/nicolasdilley/go/src/github.com/nicolasdilley/gocurrency_tool/projects-gocurrency/sirupsen++logrus/entry_test.go,27,Mutex,64,
/Users/nicolasdilley/go/src/github.com/nicolasdilley/gocurrency_tool/projects-gocurrency/sirupsen++logrus/entry_test.go,27,Mutex,95,
/Users/nicolasdilley/go/src/github.com/nicolasdilley/gocurrency_tool/projects-gocurrency/sirupsen++logrus/entry_test.go,27,Mutex,97,
/Users/nicolasdilley/go/src/github.com/nicolasdilley/gocurrency_tool/projects-gocurrency/sirupsen++logrus/entry_test.go,27,Mutex,100,
/Users/nicolasdilley/go/src/github.com/nicolasdilley/gocurrency_tool/projects-gocurrency/sirupsen++logrus/entry_test.go,27,Mutex,101,
/Users/nicolasdilley/go/src/github.com/nicolasdilley/gocurrency_tool/projects-gocurrency/sirupsen++logrus/entry_test.go,27,Mutex,142,
/Users/nicolasdilley/go/src/github.com/nicolasdilley/gocurrency_tool/projects-gocurrency/sirupsen++logrus/entry_test.go,27,Mutex,144,
/Users/nicolasdilley/go/src/github.com/nicolasdilley/gocurrency_tool/projects-gocurrency/sirupsen++logrus/entry_test.go,27,Mutex,164,
/Users/nicolasdilley/go/src/github.com/nicolasdilley/gocurrency_tool/projects-gocurrency/sirupsen++logrus/entry_test.go,27,Mutex,166,
/Users/nicolasdilley/go/src/github.com/nicolasdilley/gocurrency_tool/projects-gocurrency/sirupsen++logrus/entry_test.go,27,Mutex,186,
/Users/nicolasdilley/go/src/github.com/nicolasdilley/gocurrency_tool/projects-gocurrency/sirupsen++logrus/entry_test.go,27,Mutex,188,
/Users/nicolasdilley/go/src/github.com/nicolasdilley/gocurrency_tool/projects-gocurrency/sirupsen++logrus/entry_test.go,27,Mutex,212,
/Users/nicolasdilley/go/src/github.com/nicolasdilley/gocurrency_tool/projects-gocurrency/sirupsen++logrus/entry_test.go,27,Mutex,222,
/Users/nicolasdilley/go/src/github.com/nicolasdilley/gocurrency_tool/projects-gocurrency/sirupsen++logrus/entry_test.go,27,Mutex,226,
/Users/nicolasdilley/go/src/github.com/nicolasdilley/gocurrency_tool/projects-gocurrency/sirupsen++logrus/entry_test.go,27,Mutex,235,
/Users/nicolasdilley/go/src/github.com/nicolasdilley/gocurrency_tool/projects-gocurrency/sirupsen++logrus/entry_test.go,27,Mutex,236,
/Users/nicolasdilley/go/src/github.com/nicolasdilley/gocurrency_tool/projects-gocurrency/sirupsen++logrus/entry_test.go,27,Mutex,237,
/Users/nicolasdilley/go/src/github.com/nicolasdilley/gocurrency_tool/projects-gocurrency/sirupsen++logrus/entry_test.go,27,Mutex,256,
/Users/nicolasdilley/go/src/github.com/nicolasdilley/gocurrency_tool/projects-gocurrency/sirupsen++logrus/entry_test.go,27,Mutex,260,
/Users/nicolasdilley/go/src/github.com/nicolasdilley/gocurrency_tool/projects-gocurrency/sirupsen++logrus/entry_test.go,27,Mutex,270,
/Users/nicolasdilley/go/src/github.com/nicolasdilley/gocurrency_tool/projects-gocurrency/sirupsen++logrus/entry_test.go,27,Mutex,271,
/Users/nicolasdilley/go/src/github.com/nicolasdilley/gocurrency_tool/projects-gocurrency/sirupsen++logrus/entry_test.go,1,Goroutine,272,
/Users/nicolasdilley/go/src/github.com/nicolasdilley/gocurrency_tool/projects-gocurrency/sirupsen++logrus/entry_test.go,1,Goroutine,275,
/Users/nicolasdilley/go/src/github.com/nicolasdilley/gocurrency_tool/projects-gocurrency/sirupsen++logrus/hooks/syslog/syslog.go,27,Mutex,24,
/Users/nicolasdilley/go/src/github.com/nicolasdilley/gocurrency_tool/projects-gocurrency/sirupsen++logrus/hooks/syslog/syslog_test.go,27,Mutex,13,
/Users/nicolasdilley/go/src/github.com/nicolasdilley/gocurrency_tool/projects-gocurrency/sirupsen++logrus/hooks/syslog/syslog_test.go,27,Mutex,14,
/Users/nicolasdilley/go/src/github.com/nicolasdilley/gocurrency_tool/projects-gocurrency/sirupsen++logrus/hooks/test/test.go,27,Mutex,24,
/Users/nicolasdilley/go/src/github.com/nicolasdilley/gocurrency_tool/projects-gocurrency/sirupsen++logrus/hooks/test/test.go,27,Mutex,34,
/Users/nicolasdilley/go/src/github.com/nicolasdilley/gocurrency_tool/projects-gocurrency/sirupsen++logrus/hooks/test/test.go,27,Mutex,44,
/Users/nicolasdilley/go/src/github.com/nicolasdilley/gocurrency_tool/projects-gocurrency/sirupsen++logrus/hooks/test/test_test.go,27,Mutex,16,
/Users/nicolasdilley/go/src/github.com/nicolasdilley/gocurrency_tool/projects-gocurrency/sirupsen++logrus/hooks/test/test_test.go,27,Mutex,16,
/Users/nicolasdilley/go/src/github.com/nicolasdilley/gocurrency_tool/projects-gocurrency/sirupsen++logrus/hooks/test/test_test.go,27,Mutex,48,
/Users/nicolasdilley/go/src/github.com/nicolasdilley/gocurrency_tool/projects-gocurrency/sirupsen++logrus/hooks/test/test_test.go,27,Mutex,48,
/Users/nicolasdilley/go/src/github.com/nicolasdilley/gocurrency_tool/projects-gocurrency/sirupsen++logrus/hooks/test/test_test.go,30,Waitgroup,50,
/Users/nicolasdilley/go/src/github.com/nicolasdilley/gocurrency_tool/projects-gocurrency/sirupsen++logrus/hooks/test/test_test.go,30,Waitgroup,50,
/Users/nicolasdilley/go/src/github.com/nicolasdilley/gocurrency_tool/projects-gocurrency/sirupsen++logrus/hooks/test/test_test.go,24,Waitgroup Add(const),51,&{8604351 INT 1} val is : 1
/Users/nicolasdilley/go/src/github.com/nicolasdilley/gocurrency_tool/projects-gocurrency/sirupsen++logrus/hooks/test/test_test.go,24,Waitgroup Add(const),52,&{8604365 INT 100} val is : 100
/Users/nicolasdilley/go/src/github.com/nicolasdilley/gocurrency_tool/projects-gocurrency/sirupsen++logrus/hooks/test/test_test.go,5,Go in for,55,
/Users/nicolasdilley/go/src/github.com/nicolasdilley/gocurrency_tool/projects-gocurrency/sirupsen++logrus/hooks/test/test_test.go,7,Goroutine in for with constant (constant),55,100
/Users/nicolasdilley/go/src/github.com/nicolasdilley/gocurrency_tool/projects-gocurrency/sirupsen++logrus/hooks/test/test_test.go,1,Goroutine,55,
/Users/nicolasdilley/go/src/github.com/nicolasdilley/gocurrency_tool/projects-gocurrency/sirupsen++logrus/hooks/test/test_test.go,26,Waitgroup Done(),57,
/Users/nicolasdilley/go/src/github.com/nicolasdilley/gocurrency_tool/projects-gocurrency/sirupsen++logrus/hooks/test/test_test.go,26,Waitgroup Done(),59,
/Users/nicolasdilley/go/src/github.com/nicolasdilley/gocurrency_tool/projects-gocurrency/sirupsen++logrus/hooks/test/test_test.go,31,Waitgroup Wait(),64,
/Users/nicolasdilley/go/src/github.com/nicolasdilley/gocurrency_tool/projects-gocurrency/sirupsen++logrus/hooks/test/test_test.go,31,Waitgroup Wait(),69,
/Users/nicolasdilley/go/src/github.com/nicolasdilley/gocurrency_tool/projects-gocurrency/sirupsen++logrus/hooks/test/test_test.go,27,Mutex,78,
/Users/nicolasdilley/go/src/github.com/nicolasdilley/gocurrency_tool/projects-gocurrency/sirupsen++logrus/hooks/test/test_test.go,27,Mutex,78,
