Line num,100610
packages num,22,146
files num,37,633
Average Line num per featured file,305,11304
,311
.git/refs/remotes/origin/dependabot/go_modules,0
bufferpool,30
cache/filecache,964
cache/namedmemcache,94
codegen,445
commands,2609
common/collections,274
common/constants,7
common/herrors,486
common/hexec,20
common/hreflect,103
common/htime,186
common/hugio,138
common/hugo,372
common/loggers,306
common/maps,898
common/math,204
common/para,107
common/paths,614
common/terminal,39
common/text,116
common/types,290
common/urls,5
compare,124
config,1006
config/privacy,123
config/services,88
create,558
deploy,1750
deps,287
docshelper,28
helpers,2860
htesting,125
htesting/hqt,93
hugofs,2876
hugofs/files,194
hugofs/glob,133
hugolib,20406
hugolib/filesystems,886
hugolib/paths,301
identity,173
langs,368
langs/i18n,726
lazy,337
livereload,178
markup,116
markup/asciidocext,651
markup/asciidocext/asciidocext_config,55
markup/blackfriday,399
markup/blackfriday/blackfriday_config,43
markup/converter,82
markup/converter/hooks,89
markup/goldmark,1352
markup/goldmark/goldmark_config,56
markup/goldmark/internal/extensions/attributes,96
markup/highlight,395
markup/internal,47
markup/markup_config,144
markup/mmark,174
markup/org,70
markup/pandoc,73
markup/rst,98
markup/tableofcontents,243
media,560
metrics,243
minifiers,378
modules,1775
modules/npm,241
navigation,503
output,1761
parser,160
parser/metadecoders,555
parser/pageparser,1516
publisher,610
related,552
releaser,956
resources,3462
resources/images,1185
resources/images/exif,306
resources/images/webp,26
resources/internal,33
resources/jsconfig,73
resources/page,2865
resources/page/page_generate,176
resources/page/pagemeta,618
resources/postpub,196
resources/resource,302
resources/resource_factories/bundler,125
resources/resource_factories/create,88
resources/resource_transformers/babel,163
resources/resource_transformers/htesting,53
resources/resource_transformers/integrity,124
resources/resource_transformers/js,566
resources/resource_transformers/minifier,57
resources/resource_transformers/postcss,399
resources/resource_transformers/templates,48
resources/resource_transformers/tocss/dartsass,229
resources/resource_transformers/tocss/scss,230
scripts/fork_go_templates,183
source,512
tpl,141
tpl/cast,217
tpl/collections,4169
tpl/compare,691
tpl/crypto,236
tpl/data,733
tpl/debug,63
tpl/encoding,194
tpl/fmt,123
tpl/hugo,46
tpl/images,198
tpl/inflect,144
tpl/internal,219
tpl/internal/go_templates/cfg,55
tpl/internal/go_templates/fmtsort,411
tpl/internal/go_templates/htmltemplate,8184
tpl/internal/go_templates/testenv,251
tpl/internal/go_templates/texttemplate,4046
tpl/internal/go_templates/texttemplate/parse,2961
tpl/internal/resourcehelpers,43
tpl/js,57
tpl/lang,341
tpl/math,597
tpl/openapi/openapi3,84
tpl/os,247
tpl/partials,238
tpl/path,274
tpl/reflect,103
tpl/resources,292
tpl/safe,263
tpl/site,49
tpl/strings,1537
tpl/templates,64
tpl/time,298
tpl/tplimpl,1744
tpl/tplimpl/embedded,656
tpl/tplimpl/embedded/generate,51
tpl/transform,854
tpl/urls,253
transform,111
transform/livereloadinject,94
transform/metainject,76
transform/urlreplacers,379
watcher,57
watcher/filenotify,516
Filename, #,Concurrent Type, Line number , Number
/Users/nicolasdilley/go/src/github.com/nicolasdilley/gocurrency_tool/projects-gocurrency/gohugoio++hugo/resources/image.go,8,Known chan length (length),252,1
/Users/nicolasdilley/go/src/github.com/nicolasdilley/gocurrency_tool/projects-gocurrency/gohugoio++hugo/resources/image.go,3,Send,256,
/Users/nicolasdilley/go/src/github.com/nicolasdilley/gocurrency_tool/projects-gocurrency/gohugoio++hugo/resources/image.go,2,Receive,258,
/Users/nicolasdilley/go/src/github.com/nicolasdilley/gocurrency_tool/projects-gocurrency/gohugoio++hugo/resources/transform_test.go,30,Waitgroup,405,
/Users/nicolasdilley/go/src/github.com/nicolasdilley/gocurrency_tool/projects-gocurrency/gohugoio++hugo/resources/transform_test.go,5,Go in for,409,
/Users/nicolasdilley/go/src/github.com/nicolasdilley/gocurrency_tool/projects-gocurrency/gohugoio++hugo/resources/transform_test.go,7,Goroutine in for with constant (constant),409,13
/Users/nicolasdilley/go/src/github.com/nicolasdilley/gocurrency_tool/projects-gocurrency/gohugoio++hugo/resources/transform_test.go,24,Waitgroup Add(const),408,&{45892950 INT 1} val is : 1
/Users/nicolasdilley/go/src/github.com/nicolasdilley/gocurrency_tool/projects-gocurrency/gohugoio++hugo/resources/transform_test.go,1,Goroutine,409,
/Users/nicolasdilley/go/src/github.com/nicolasdilley/gocurrency_tool/projects-gocurrency/gohugoio++hugo/resources/transform_test.go,26,Waitgroup Done(),410,
/Users/nicolasdilley/go/src/github.com/nicolasdilley/gocurrency_tool/projects-gocurrency/gohugoio++hugo/resources/transform_test.go,31,Waitgroup Wait(),422,
/Users/nicolasdilley/go/src/github.com/nicolasdilley/gocurrency_tool/projects-gocurrency/gohugoio++hugo/resources/image_test.go,30,Waitgroup,292,
/Users/nicolasdilley/go/src/github.com/nicolasdilley/gocurrency_tool/projects-gocurrency/gohugoio++hugo/resources/image_test.go,5,Go in for,305,
/Users/nicolasdilley/go/src/github.com/nicolasdilley/gocurrency_tool/projects-gocurrency/gohugoio++hugo/resources/image_test.go,7,Goroutine in for with constant (constant),305,4
/Users/nicolasdilley/go/src/github.com/nicolasdilley/gocurrency_tool/projects-gocurrency/gohugoio++hugo/resources/image_test.go,24,Waitgroup Add(const),304,&{45949129 INT 1} val is : 1
/Users/nicolasdilley/go/src/github.com/nicolasdilley/gocurrency_tool/projects-gocurrency/gohugoio++hugo/resources/image_test.go,1,Goroutine,305,
/Users/nicolasdilley/go/src/github.com/nicolasdilley/gocurrency_tool/projects-gocurrency/gohugoio++hugo/resources/image_test.go,26,Waitgroup Done(),306,
/Users/nicolasdilley/go/src/github.com/nicolasdilley/gocurrency_tool/projects-gocurrency/gohugoio++hugo/resources/image_test.go,31,Waitgroup Wait(),330,
/Users/nicolasdilley/go/src/github.com/nicolasdilley/gocurrency_tool/projects-gocurrency/gohugoio++hugo/livereload/connection.go,3,Send,48,
/Users/nicolasdilley/go/src/github.com/nicolasdilley/gocurrency_tool/projects-gocurrency/gohugoio++hugo/livereload/hub.go,4,Synchronous chan,31,
/Users/nicolasdilley/go/src/github.com/nicolasdilley/gocurrency_tool/projects-gocurrency/gohugoio++hugo/livereload/hub.go,4,Synchronous chan,32,
/Users/nicolasdilley/go/src/github.com/nicolasdilley/gocurrency_tool/projects-gocurrency/gohugoio++hugo/livereload/hub.go,4,Synchronous chan,33,
/Users/nicolasdilley/go/src/github.com/nicolasdilley/gocurrency_tool/projects-gocurrency/gohugoio++hugo/livereload/hub.go,16,Select (number of branch),39,3
/Users/nicolasdilley/go/src/github.com/nicolasdilley/gocurrency_tool/projects-gocurrency/gohugoio++hugo/livereload/hub.go,2,Receive,40,
/Users/nicolasdilley/go/src/github.com/nicolasdilley/gocurrency_tool/projects-gocurrency/gohugoio++hugo/livereload/hub.go,2,Receive,42,
/Users/nicolasdilley/go/src/github.com/nicolasdilley/gocurrency_tool/projects-gocurrency/gohugoio++hugo/livereload/hub.go,2,Receive,45,
/Users/nicolasdilley/go/src/github.com/nicolasdilley/gocurrency_tool/projects-gocurrency/gohugoio++hugo/livereload/hub.go,17,Select with default (number of branch),47,2
/Users/nicolasdilley/go/src/github.com/nicolasdilley/gocurrency_tool/projects-gocurrency/gohugoio++hugo/livereload/hub.go,3,Send,48,
/Users/nicolasdilley/go/src/github.com/nicolasdilley/gocurrency_tool/projects-gocurrency/gohugoio++hugo/livereload/livereload.go,8,Known chan length (length),90,256
/Users/nicolasdilley/go/src/github.com/nicolasdilley/gocurrency_tool/projects-gocurrency/gohugoio++hugo/livereload/livereload.go,3,Send,91,
/Users/nicolasdilley/go/src/github.com/nicolasdilley/gocurrency_tool/projects-gocurrency/gohugoio++hugo/livereload/livereload.go,3,Send,92,
/Users/nicolasdilley/go/src/github.com/nicolasdilley/gocurrency_tool/projects-gocurrency/gohugoio++hugo/livereload/livereload.go,1,Goroutine,93,
/Users/nicolasdilley/go/src/github.com/nicolasdilley/gocurrency_tool/projects-gocurrency/gohugoio++hugo/livereload/livereload.go,1,Goroutine,99,
/Users/nicolasdilley/go/src/github.com/nicolasdilley/gocurrency_tool/projects-gocurrency/gohugoio++hugo/livereload/livereload.go,3,Send,134,
/Users/nicolasdilley/go/src/github.com/nicolasdilley/gocurrency_tool/projects-gocurrency/gohugoio++hugo/commands/commandeer.go,2,Receive,113,
/Users/nicolasdilley/go/src/github.com/nicolasdilley/gocurrency_tool/projects-gocurrency/gohugoio++hugo/commands/server_test.go,4,Synchronous chan,48,
/Users/nicolasdilley/go/src/github.com/nicolasdilley/gocurrency_tool/projects-gocurrency/gohugoio++hugo/commands/server_test.go,1,Goroutine,56,
/Users/nicolasdilley/go/src/github.com/nicolasdilley/gocurrency_tool/projects-gocurrency/gohugoio++hugo/commands/server_test.go,3,Send,75,
/Users/nicolasdilley/go/src/github.com/nicolasdilley/gocurrency_tool/projects-gocurrency/gohugoio++hugo/commands/hugo.go,4,Synchronous chan,421,
/Users/nicolasdilley/go/src/github.com/nicolasdilley/gocurrency_tool/projects-gocurrency/gohugoio++hugo/commands/hugo.go,1,Goroutine,428,
/Users/nicolasdilley/go/src/github.com/nicolasdilley/gocurrency_tool/projects-gocurrency/gohugoio++hugo/commands/hugo.go,16,Select (number of branch),430,2
/Users/nicolasdilley/go/src/github.com/nicolasdilley/gocurrency_tool/projects-gocurrency/gohugoio++hugo/commands/hugo.go,2,Receive,431,
/Users/nicolasdilley/go/src/github.com/nicolasdilley/gocurrency_tool/projects-gocurrency/gohugoio++hugo/commands/hugo.go,2,Receive,433,
/Users/nicolasdilley/go/src/github.com/nicolasdilley/gocurrency_tool/projects-gocurrency/gohugoio++hugo/commands/hugo.go,15,Close chan,442,
/Users/nicolasdilley/go/src/github.com/nicolasdilley/gocurrency_tool/projects-gocurrency/gohugoio++hugo/commands/hugo.go,8,Known chan length (length),532,1
/Users/nicolasdilley/go/src/github.com/nicolasdilley/gocurrency_tool/projects-gocurrency/gohugoio++hugo/commands/hugo.go,2,Receive,535,
/Users/nicolasdilley/go/src/github.com/nicolasdilley/gocurrency_tool/projects-gocurrency/gohugoio++hugo/commands/hugo.go,1,Goroutine,780,
/Users/nicolasdilley/go/src/github.com/nicolasdilley/gocurrency_tool/projects-gocurrency/gohugoio++hugo/commands/hugo.go,1,Goroutine,863,
/Users/nicolasdilley/go/src/github.com/nicolasdilley/gocurrency_tool/projects-gocurrency/gohugoio++hugo/commands/hugo.go,16,Select (number of branch),865,2
/Users/nicolasdilley/go/src/github.com/nicolasdilley/gocurrency_tool/projects-gocurrency/gohugoio++hugo/commands/hugo.go,2,Receive,866,
/Users/nicolasdilley/go/src/github.com/nicolasdilley/gocurrency_tool/projects-gocurrency/gohugoio++hugo/commands/hugo.go,2,Receive,872,
/Users/nicolasdilley/go/src/github.com/nicolasdilley/gocurrency_tool/projects-gocurrency/gohugoio++hugo/commands/server.go,20,Receive only chan (<-chan),71,
/Users/nicolasdilley/go/src/github.com/nicolasdilley/gocurrency_tool/projects-gocurrency/gohugoio++hugo/commands/server.go,8,Known chan length (length),507,1
/Users/nicolasdilley/go/src/github.com/nicolasdilley/gocurrency_tool/projects-gocurrency/gohugoio++hugo/commands/server.go,5,Go in for,523,
/Users/nicolasdilley/go/src/github.com/nicolasdilley/gocurrency_tool/projects-gocurrency/gohugoio++hugo/commands/server.go,1,Goroutine,523,
/Users/nicolasdilley/go/src/github.com/nicolasdilley/gocurrency_tool/projects-gocurrency/gohugoio++hugo/commands/server.go,16,Select (number of branch),535,2
/Users/nicolasdilley/go/src/github.com/nicolasdilley/gocurrency_tool/projects-gocurrency/gohugoio++hugo/commands/server.go,2,Receive,536,
/Users/nicolasdilley/go/src/github.com/nicolasdilley/gocurrency_tool/projects-gocurrency/gohugoio++hugo/commands/server.go,2,Receive,537,
/Users/nicolasdilley/go/src/github.com/nicolasdilley/gocurrency_tool/projects-gocurrency/gohugoio++hugo/commands/server.go,2,Receive,540,
/Users/nicolasdilley/go/src/github.com/nicolasdilley/gocurrency_tool/projects-gocurrency/gohugoio++hugo/commands/server.go,1,Goroutine,615,
/Users/nicolasdilley/go/src/github.com/nicolasdilley/gocurrency_tool/projects-gocurrency/gohugoio++hugo/navigation/menu_cache_test.go,30,Waitgroup,45,
/Users/nicolasdilley/go/src/github.com/nicolasdilley/gocurrency_tool/projects-gocurrency/gohugoio++hugo/navigation/menu_cache_test.go,27,Mutex,47,
/Users/nicolasdilley/go/src/github.com/nicolasdilley/gocurrency_tool/projects-gocurrency/gohugoio++hugo/navigation/menu_cache_test.go,27,Mutex,48,
/Users/nicolasdilley/go/src/github.com/nicolasdilley/gocurrency_tool/projects-gocurrency/gohugoio++hugo/navigation/menu_cache_test.go,5,Go in for,58,
/Users/nicolasdilley/go/src/github.com/nicolasdilley/gocurrency_tool/projects-gocurrency/gohugoio++hugo/navigation/menu_cache_test.go,7,Goroutine in for with constant (constant),58,100
/Users/nicolasdilley/go/src/github.com/nicolasdilley/gocurrency_tool/projects-gocurrency/gohugoio++hugo/navigation/menu_cache_test.go,24,Waitgroup Add(const),57,&{25631776 INT 1} val is : 1
/Users/nicolasdilley/go/src/github.com/nicolasdilley/gocurrency_tool/projects-gocurrency/gohugoio++hugo/navigation/menu_cache_test.go,1,Goroutine,58,
/Users/nicolasdilley/go/src/github.com/nicolasdilley/gocurrency_tool/projects-gocurrency/gohugoio++hugo/navigation/menu_cache_test.go,26,Waitgroup Done(),59,
/Users/nicolasdilley/go/src/github.com/nicolasdilley/gocurrency_tool/projects-gocurrency/gohugoio++hugo/navigation/menu_cache_test.go,29,Mutex Lock(),61,
/Users/nicolasdilley/go/src/github.com/nicolasdilley/gocurrency_tool/projects-gocurrency/gohugoio++hugo/navigation/menu_cache_test.go,28,Mutex Unlock(),64,
/Users/nicolasdilley/go/src/github.com/nicolasdilley/gocurrency_tool/projects-gocurrency/gohugoio++hugo/navigation/menu_cache_test.go,29,Mutex Lock(),71,
/Users/nicolasdilley/go/src/github.com/nicolasdilley/gocurrency_tool/projects-gocurrency/gohugoio++hugo/navigation/menu_cache_test.go,28,Mutex Unlock(),74,
/Users/nicolasdilley/go/src/github.com/nicolasdilley/gocurrency_tool/projects-gocurrency/gohugoio++hugo/navigation/menu_cache_test.go,31,Waitgroup Wait(),80,
/Users/nicolasdilley/go/src/github.com/nicolasdilley/gocurrency_tool/projects-gocurrency/gohugoio++hugo/deps/deps.go,17,Select with default (number of branch),117,2
/Users/nicolasdilley/go/src/github.com/nicolasdilley/gocurrency_tool/projects-gocurrency/gohugoio++hugo/deps/deps.go,3,Send,118,
/Users/nicolasdilley/go/src/github.com/nicolasdilley/gocurrency_tool/projects-gocurrency/gohugoio++hugo/deps/deps.go,8,Known chan length (length),128,10
/Users/nicolasdilley/go/src/github.com/nicolasdilley/gocurrency_tool/projects-gocurrency/gohugoio++hugo/common/types/evictingqueue_test.go,30,Waitgroup,53,
/Users/nicolasdilley/go/src/github.com/nicolasdilley/gocurrency_tool/projects-gocurrency/gohugoio++hugo/common/types/evictingqueue_test.go,5,Go in for,60,
/Users/nicolasdilley/go/src/github.com/nicolasdilley/gocurrency_tool/projects-gocurrency/gohugoio++hugo/common/types/evictingqueue_test.go,7,Goroutine in for with constant (constant),60,100
/Users/nicolasdilley/go/src/github.com/nicolasdilley/gocurrency_tool/projects-gocurrency/gohugoio++hugo/common/types/evictingqueue_test.go,24,Waitgroup Add(const),59,&{24506516 INT 1} val is : 1
/Users/nicolasdilley/go/src/github.com/nicolasdilley/gocurrency_tool/projects-gocurrency/gohugoio++hugo/common/types/evictingqueue_test.go,1,Goroutine,60,
/Users/nicolasdilley/go/src/github.com/nicolasdilley/gocurrency_tool/projects-gocurrency/gohugoio++hugo/common/types/evictingqueue_test.go,26,Waitgroup Done(),61,
/Users/nicolasdilley/go/src/github.com/nicolasdilley/gocurrency_tool/projects-gocurrency/gohugoio++hugo/common/types/evictingqueue_test.go,31,Waitgroup Wait(),73,
/Users/nicolasdilley/go/src/github.com/nicolasdilley/gocurrency_tool/projects-gocurrency/gohugoio++hugo/hugolib/site_render.go,4,Synchronous chan,63,
/Users/nicolasdilley/go/src/github.com/nicolasdilley/gocurrency_tool/projects-gocurrency/gohugoio++hugo/hugolib/site_render.go,9,Unknown chan length,64,
/Users/nicolasdilley/go/src/github.com/nicolasdilley/gocurrency_tool/projects-gocurrency/gohugoio++hugo/hugolib/site_render.go,4,Synchronous chan,65,
/Users/nicolasdilley/go/src/github.com/nicolasdilley/gocurrency_tool/projects-gocurrency/gohugoio++hugo/hugolib/site_render.go,1,Goroutine,67,
/Users/nicolasdilley/go/src/github.com/nicolasdilley/gocurrency_tool/projects-gocurrency/gohugoio++hugo/hugolib/site_render.go,30,Waitgroup,69,
/Users/nicolasdilley/go/src/github.com/nicolasdilley/gocurrency_tool/projects-gocurrency/gohugoio++hugo/hugolib/site_render.go,5,Go in for,73,
/Users/nicolasdilley/go/src/github.com/nicolasdilley/gocurrency_tool/projects-gocurrency/gohugoio++hugo/hugolib/site_render.go,24,Waitgroup Add(const),72,&{46712534 INT 1} val is : 1
/Users/nicolasdilley/go/src/github.com/nicolasdilley/gocurrency_tool/projects-gocurrency/gohugoio++hugo/hugolib/site_render.go,1,Goroutine,73,
/Users/nicolasdilley/go/src/github.com/nicolasdilley/gocurrency_tool/projects-gocurrency/gohugoio++hugo/hugolib/site_render.go,17,Select with default (number of branch),80,2
/Users/nicolasdilley/go/src/github.com/nicolasdilley/gocurrency_tool/projects-gocurrency/gohugoio++hugo/hugolib/site_render.go,2,Receive,81,
/Users/nicolasdilley/go/src/github.com/nicolasdilley/gocurrency_tool/projects-gocurrency/gohugoio++hugo/hugolib/site_render.go,3,Send,84,
/Users/nicolasdilley/go/src/github.com/nicolasdilley/gocurrency_tool/projects-gocurrency/gohugoio++hugo/hugolib/site_render.go,15,Close chan,90,
/Users/nicolasdilley/go/src/github.com/nicolasdilley/gocurrency_tool/projects-gocurrency/gohugoio++hugo/hugolib/site_render.go,31,Waitgroup Wait(),92,
/Users/nicolasdilley/go/src/github.com/nicolasdilley/gocurrency_tool/projects-gocurrency/gohugoio++hugo/hugolib/site_render.go,15,Close chan,94,
/Users/nicolasdilley/go/src/github.com/nicolasdilley/gocurrency_tool/projects-gocurrency/gohugoio++hugo/hugolib/site_render.go,2,Receive,96,
/Users/nicolasdilley/go/src/github.com/nicolasdilley/gocurrency_tool/projects-gocurrency/gohugoio++hugo/hugolib/site_render.go,20,Receive only chan (<-chan),106,
/Users/nicolasdilley/go/src/github.com/nicolasdilley/gocurrency_tool/projects-gocurrency/gohugoio++hugo/hugolib/site_render.go,21,Send only chan (chan<-),107,
/Users/nicolasdilley/go/src/github.com/nicolasdilley/gocurrency_tool/projects-gocurrency/gohugoio++hugo/hugolib/site_render.go,26,Waitgroup Done(),109,
/Users/nicolasdilley/go/src/github.com/nicolasdilley/gocurrency_tool/projects-gocurrency/gohugoio++hugo/hugolib/site_render.go,3,Send,138,
/Users/nicolasdilley/go/src/github.com/nicolasdilley/gocurrency_tool/projects-gocurrency/gohugoio++hugo/hugolib/site_render.go,3,Send,143,
/Users/nicolasdilley/go/src/github.com/nicolasdilley/gocurrency_tool/projects-gocurrency/gohugoio++hugo/hugolib/hugo_sites_build.go,4,Synchronous chan,61,
/Users/nicolasdilley/go/src/github.com/nicolasdilley/gocurrency_tool/projects-gocurrency/gohugoio++hugo/hugolib/hugo_sites_build.go,1,Goroutine,63,
/Users/nicolasdilley/go/src/github.com/nicolasdilley/gocurrency_tool/projects-gocurrency/gohugoio++hugo/hugolib/hugo_sites_build.go,3,Send,73,
/Users/nicolasdilley/go/src/github.com/nicolasdilley/gocurrency_tool/projects-gocurrency/gohugoio++hugo/hugolib/hugo_sites_build.go,17,Select with default (number of branch),169,2
/Users/nicolasdilley/go/src/github.com/nicolasdilley/gocurrency_tool/projects-gocurrency/gohugoio++hugo/hugolib/hugo_sites_build.go,3,Send,171,
/Users/nicolasdilley/go/src/github.com/nicolasdilley/gocurrency_tool/projects-gocurrency/gohugoio++hugo/hugolib/hugo_sites_build.go,2,Receive,176,
/Users/nicolasdilley/go/src/github.com/nicolasdilley/gocurrency_tool/projects-gocurrency/gohugoio++hugo/hugolib/hugo_sites_build.go,17,Select with default (number of branch),299,2
/Users/nicolasdilley/go/src/github.com/nicolasdilley/gocurrency_tool/projects-gocurrency/gohugoio++hugo/hugolib/hugo_sites_build.go,2,Receive,300,
/Users/nicolasdilley/go/src/github.com/nicolasdilley/gocurrency_tool/projects-gocurrency/gohugoio++hugo/hugolib/pages_process.go,3,Send,123,
/Users/nicolasdilley/go/src/github.com/nicolasdilley/gocurrency_tool/projects-gocurrency/gohugoio++hugo/hugolib/site.go,20,Receive only chan (<-chan),1604,
/Users/nicolasdilley/go/src/github.com/nicolasdilley/gocurrency_tool/projects-gocurrency/gohugoio++hugo/hugolib/site.go,21,Send only chan (chan<-),1604,
/Users/nicolasdilley/go/src/github.com/nicolasdilley/gocurrency_tool/projects-gocurrency/gohugoio++hugo/hugolib/site.go,3,Send,1610,
/Users/nicolasdilley/go/src/github.com/nicolasdilley/gocurrency_tool/projects-gocurrency/gohugoio++hugo/lazy/init.go,27,Mutex,138,
/Users/nicolasdilley/go/src/github.com/nicolasdilley/gocurrency_tool/projects-gocurrency/gohugoio++hugo/lazy/init.go,28,Mutex Unlock(),139,
/Users/nicolasdilley/go/src/github.com/nicolasdilley/gocurrency_tool/projects-gocurrency/gohugoio++hugo/lazy/init.go,8,Known chan length (length),173,1
/Users/nicolasdilley/go/src/github.com/nicolasdilley/gocurrency_tool/projects-gocurrency/gohugoio++hugo/lazy/init.go,1,Goroutine,175,
/Users/nicolasdilley/go/src/github.com/nicolasdilley/gocurrency_tool/projects-gocurrency/gohugoio++hugo/lazy/init.go,17,Select with default (number of branch),177,2
/Users/nicolasdilley/go/src/github.com/nicolasdilley/gocurrency_tool/projects-gocurrency/gohugoio++hugo/lazy/init.go,2,Receive,178,
/Users/nicolasdilley/go/src/github.com/nicolasdilley/gocurrency_tool/projects-gocurrency/gohugoio++hugo/lazy/init.go,3,Send,181,
/Users/nicolasdilley/go/src/github.com/nicolasdilley/gocurrency_tool/projects-gocurrency/gohugoio++hugo/lazy/init.go,16,Select (number of branch),185,2
/Users/nicolasdilley/go/src/github.com/nicolasdilley/gocurrency_tool/projects-gocurrency/gohugoio++hugo/lazy/init.go,2,Receive,186,
/Users/nicolasdilley/go/src/github.com/nicolasdilley/gocurrency_tool/projects-gocurrency/gohugoio++hugo/lazy/init.go,2,Receive,188,
/Users/nicolasdilley/go/src/github.com/nicolasdilley/gocurrency_tool/projects-gocurrency/gohugoio++hugo/lazy/init_test.go,30,Waitgroup,76,
/Users/nicolasdilley/go/src/github.com/nicolasdilley/gocurrency_tool/projects-gocurrency/gohugoio++hugo/lazy/init_test.go,5,Go in for,82,
/Users/nicolasdilley/go/src/github.com/nicolasdilley/gocurrency_tool/projects-gocurrency/gohugoio++hugo/lazy/init_test.go,7,Goroutine in for with constant (constant),82,100
/Users/nicolasdilley/go/src/github.com/nicolasdilley/gocurrency_tool/projects-gocurrency/gohugoio++hugo/lazy/init_test.go,24,Waitgroup Add(const),81,&{22622496 INT 1} val is : 1
/Users/nicolasdilley/go/src/github.com/nicolasdilley/gocurrency_tool/projects-gocurrency/gohugoio++hugo/lazy/init_test.go,1,Goroutine,82,
/Users/nicolasdilley/go/src/github.com/nicolasdilley/gocurrency_tool/projects-gocurrency/gohugoio++hugo/lazy/init_test.go,26,Waitgroup Done(),83,
/Users/nicolasdilley/go/src/github.com/nicolasdilley/gocurrency_tool/projects-gocurrency/gohugoio++hugo/lazy/init_test.go,31,Waitgroup Wait(),103,
/Users/nicolasdilley/go/src/github.com/nicolasdilley/gocurrency_tool/projects-gocurrency/gohugoio++hugo/lazy/init_test.go,17,Select with default (number of branch),127,2
/Users/nicolasdilley/go/src/github.com/nicolasdilley/gocurrency_tool/projects-gocurrency/gohugoio++hugo/lazy/init_test.go,2,Receive,128,
/Users/nicolasdilley/go/src/github.com/nicolasdilley/gocurrency_tool/projects-gocurrency/gohugoio++hugo/lazy/init_test.go,30,Waitgroup,207,
/Users/nicolasdilley/go/src/github.com/nicolasdilley/gocurrency_tool/projects-gocurrency/gohugoio++hugo/lazy/init_test.go,5,Go in for,212,
/Users/nicolasdilley/go/src/github.com/nicolasdilley/gocurrency_tool/projects-gocurrency/gohugoio++hugo/lazy/init_test.go,24,Waitgroup Add(const),211,&{22624789 INT 1} val is : 1
/Users/nicolasdilley/go/src/github.com/nicolasdilley/gocurrency_tool/projects-gocurrency/gohugoio++hugo/lazy/init_test.go,1,Goroutine,212,
/Users/nicolasdilley/go/src/github.com/nicolasdilley/gocurrency_tool/projects-gocurrency/gohugoio++hugo/lazy/init_test.go,26,Waitgroup Done(),213,
/Users/nicolasdilley/go/src/github.com/nicolasdilley/gocurrency_tool/projects-gocurrency/gohugoio++hugo/lazy/init_test.go,31,Waitgroup Wait(),219,
/Users/nicolasdilley/go/src/github.com/nicolasdilley/gocurrency_tool/projects-gocurrency/gohugoio++hugo/tpl/internal/go_templates/texttemplate/exec_test.go,4,Synchronous chan,706,
/Users/nicolasdilley/go/src/github.com/nicolasdilley/gocurrency_tool/projects-gocurrency/gohugoio++hugo/tpl/internal/go_templates/texttemplate/exec_test.go,1,Goroutine,707,
/Users/nicolasdilley/go/src/github.com/nicolasdilley/gocurrency_tool/projects-gocurrency/gohugoio++hugo/tpl/internal/go_templates/texttemplate/exec_test.go,3,Send,709,
/Users/nicolasdilley/go/src/github.com/nicolasdilley/gocurrency_tool/projects-gocurrency/gohugoio++hugo/tpl/internal/go_templates/texttemplate/exec_test.go,15,Close chan,711,
/Users/nicolasdilley/go/src/github.com/nicolasdilley/gocurrency_tool/projects-gocurrency/gohugoio++hugo/tpl/internal/go_templates/texttemplate/exec_test.go,4,Synchronous chan,1707,
/Users/nicolasdilley/go/src/github.com/nicolasdilley/gocurrency_tool/projects-gocurrency/gohugoio++hugo/deploy/deploy.go,27,Mutex,190,
/Users/nicolasdilley/go/src/github.com/nicolasdilley/gocurrency_tool/projects-gocurrency/gohugoio++hugo/deploy/deploy.go,10,Make chan in for,199,
/Users/nicolasdilley/go/src/github.com/nicolasdilley/gocurrency_tool/projects-gocurrency/gohugoio++hugo/deploy/deploy.go,8,Known chan length (length),199,10
/Users/nicolasdilley/go/src/github.com/nicolasdilley/gocurrency_tool/projects-gocurrency/gohugoio++hugo/deploy/deploy.go,5,Go in for,209,
/Users/nicolasdilley/go/src/github.com/nicolasdilley/gocurrency_tool/projects-gocurrency/gohugoio++hugo/deploy/deploy.go,3,Send,208,
/Users/nicolasdilley/go/src/github.com/nicolasdilley/gocurrency_tool/projects-gocurrency/gohugoio++hugo/deploy/deploy.go,1,Goroutine,209,
/Users/nicolasdilley/go/src/github.com/nicolasdilley/gocurrency_tool/projects-gocurrency/gohugoio++hugo/deploy/deploy.go,29,Mutex Lock(),211,
/Users/nicolasdilley/go/src/github.com/nicolasdilley/gocurrency_tool/projects-gocurrency/gohugoio++hugo/deploy/deploy.go,28,Mutex Unlock(),212,
/Users/nicolasdilley/go/src/github.com/nicolasdilley/gocurrency_tool/projects-gocurrency/gohugoio++hugo/deploy/deploy.go,2,Receive,215,
/Users/nicolasdilley/go/src/github.com/nicolasdilley/gocurrency_tool/projects-gocurrency/gohugoio++hugo/deploy/deploy.go,3,Send,220,
/Users/nicolasdilley/go/src/github.com/nicolasdilley/gocurrency_tool/projects-gocurrency/gohugoio++hugo/deploy/deploy.go,8,Known chan length (length),230,10
/Users/nicolasdilley/go/src/github.com/nicolasdilley/gocurrency_tool/projects-gocurrency/gohugoio++hugo/deploy/deploy.go,5,Go in for,239,
/Users/nicolasdilley/go/src/github.com/nicolasdilley/gocurrency_tool/projects-gocurrency/gohugoio++hugo/deploy/deploy.go,3,Send,238,
/Users/nicolasdilley/go/src/github.com/nicolasdilley/gocurrency_tool/projects-gocurrency/gohugoio++hugo/deploy/deploy.go,1,Goroutine,239,
/Users/nicolasdilley/go/src/github.com/nicolasdilley/gocurrency_tool/projects-gocurrency/gohugoio++hugo/deploy/deploy.go,29,Mutex Lock(),245,
/Users/nicolasdilley/go/src/github.com/nicolasdilley/gocurrency_tool/projects-gocurrency/gohugoio++hugo/deploy/deploy.go,28,Mutex Unlock(),246,
/Users/nicolasdilley/go/src/github.com/nicolasdilley/gocurrency_tool/projects-gocurrency/gohugoio++hugo/deploy/deploy.go,2,Receive,250,
/Users/nicolasdilley/go/src/github.com/nicolasdilley/gocurrency_tool/projects-gocurrency/gohugoio++hugo/deploy/deploy.go,3,Send,255,
/Users/nicolasdilley/go/src/github.com/nicolasdilley/gocurrency_tool/projects-gocurrency/gohugoio++hugo/tpl/internal/go_templates/fmtsort/sort_test.go,12,Constant array of chans (length),191,3
/Users/nicolasdilley/go/src/github.com/nicolasdilley/gocurrency_tool/projects-gocurrency/gohugoio++hugo/cache/filecache/filecache_test.go,30,Waitgroup,222,
/Users/nicolasdilley/go/src/github.com/nicolasdilley/gocurrency_tool/projects-gocurrency/gohugoio++hugo/cache/filecache/filecache_test.go,5,Go in for,226,
/Users/nicolasdilley/go/src/github.com/nicolasdilley/gocurrency_tool/projects-gocurrency/gohugoio++hugo/cache/filecache/filecache_test.go,7,Goroutine in for with constant (constant),226,50
/Users/nicolasdilley/go/src/github.com/nicolasdilley/gocurrency_tool/projects-gocurrency/gohugoio++hugo/cache/filecache/filecache_test.go,24,Waitgroup Add(const),225,&{45427308 INT 1} val is : 1
/Users/nicolasdilley/go/src/github.com/nicolasdilley/gocurrency_tool/projects-gocurrency/gohugoio++hugo/cache/filecache/filecache_test.go,1,Goroutine,226,
/Users/nicolasdilley/go/src/github.com/nicolasdilley/gocurrency_tool/projects-gocurrency/gohugoio++hugo/cache/filecache/filecache_test.go,26,Waitgroup Done(),227,
/Users/nicolasdilley/go/src/github.com/nicolasdilley/gocurrency_tool/projects-gocurrency/gohugoio++hugo/cache/filecache/filecache_test.go,31,Waitgroup Wait(),245,
/Users/nicolasdilley/go/src/github.com/nicolasdilley/gocurrency_tool/projects-gocurrency/gohugoio++hugo/resources/resource_transformers/postcss/postcss.go,1,Goroutine,226,
/Users/nicolasdilley/go/src/github.com/nicolasdilley/gocurrency_tool/projects-gocurrency/gohugoio++hugo/cache/namedmemcache/named_cache_test.go,30,Waitgroup,57,
/Users/nicolasdilley/go/src/github.com/nicolasdilley/gocurrency_tool/projects-gocurrency/gohugoio++hugo/cache/namedmemcache/named_cache_test.go,5,Go in for,69,
/Users/nicolasdilley/go/src/github.com/nicolasdilley/gocurrency_tool/projects-gocurrency/gohugoio++hugo/cache/namedmemcache/named_cache_test.go,7,Goroutine in for with constant (constant),69,10
/Users/nicolasdilley/go/src/github.com/nicolasdilley/gocurrency_tool/projects-gocurrency/gohugoio++hugo/cache/namedmemcache/named_cache_test.go,24,Waitgroup Add(const),68,&{22604986 INT 1} val is : 1
/Users/nicolasdilley/go/src/github.com/nicolasdilley/gocurrency_tool/projects-gocurrency/gohugoio++hugo/cache/namedmemcache/named_cache_test.go,1,Goroutine,69,
/Users/nicolasdilley/go/src/github.com/nicolasdilley/gocurrency_tool/projects-gocurrency/gohugoio++hugo/cache/namedmemcache/named_cache_test.go,26,Waitgroup Done(),70,
/Users/nicolasdilley/go/src/github.com/nicolasdilley/gocurrency_tool/projects-gocurrency/gohugoio++hugo/cache/namedmemcache/named_cache_test.go,31,Waitgroup Wait(),79,
/Users/nicolasdilley/go/src/github.com/nicolasdilley/gocurrency_tool/projects-gocurrency/gohugoio++hugo/resources/page/pages_cache_test.go,30,Waitgroup,37,
/Users/nicolasdilley/go/src/github.com/nicolasdilley/gocurrency_tool/projects-gocurrency/gohugoio++hugo/resources/page/pages_cache_test.go,27,Mutex,39,
/Users/nicolasdilley/go/src/github.com/nicolasdilley/gocurrency_tool/projects-gocurrency/gohugoio++hugo/resources/page/pages_cache_test.go,27,Mutex,40,
/Users/nicolasdilley/go/src/github.com/nicolasdilley/gocurrency_tool/projects-gocurrency/gohugoio++hugo/resources/page/pages_cache_test.go,5,Go in for,50,
/Users/nicolasdilley/go/src/github.com/nicolasdilley/gocurrency_tool/projects-gocurrency/gohugoio++hugo/resources/page/pages_cache_test.go,7,Goroutine in for with constant (constant),50,100
/Users/nicolasdilley/go/src/github.com/nicolasdilley/gocurrency_tool/projects-gocurrency/gohugoio++hugo/resources/page/pages_cache_test.go,24,Waitgroup Add(const),49,&{45824478 INT 1} val is : 1
/Users/nicolasdilley/go/src/github.com/nicolasdilley/gocurrency_tool/projects-gocurrency/gohugoio++hugo/resources/page/pages_cache_test.go,1,Goroutine,50,
/Users/nicolasdilley/go/src/github.com/nicolasdilley/gocurrency_tool/projects-gocurrency/gohugoio++hugo/resources/page/pages_cache_test.go,26,Waitgroup Done(),51,
/Users/nicolasdilley/go/src/github.com/nicolasdilley/gocurrency_tool/projects-gocurrency/gohugoio++hugo/resources/page/pages_cache_test.go,29,Mutex Lock(),53,
/Users/nicolasdilley/go/src/github.com/nicolasdilley/gocurrency_tool/projects-gocurrency/gohugoio++hugo/resources/page/pages_cache_test.go,28,Mutex Unlock(),56,
/Users/nicolasdilley/go/src/github.com/nicolasdilley/gocurrency_tool/projects-gocurrency/gohugoio++hugo/resources/page/pages_cache_test.go,29,Mutex Lock(),63,
/Users/nicolasdilley/go/src/github.com/nicolasdilley/gocurrency_tool/projects-gocurrency/gohugoio++hugo/resources/page/pages_cache_test.go,28,Mutex Unlock(),66,
/Users/nicolasdilley/go/src/github.com/nicolasdilley/gocurrency_tool/projects-gocurrency/gohugoio++hugo/resources/page/pages_cache_test.go,31,Waitgroup Wait(),72,
/Users/nicolasdilley/go/src/github.com/nicolasdilley/gocurrency_tool/projects-gocurrency/gohugoio++hugo/resources/page/permalinks_test.go,30,Waitgroup,140,
/Users/nicolasdilley/go/src/github.com/nicolasdilley/gocurrency_tool/projects-gocurrency/gohugoio++hugo/resources/page/permalinks_test.go,5,Go in for,144,
/Users/nicolasdilley/go/src/github.com/nicolasdilley/gocurrency_tool/projects-gocurrency/gohugoio++hugo/resources/page/permalinks_test.go,7,Goroutine in for with constant (constant),144,20
/Users/nicolasdilley/go/src/github.com/nicolasdilley/gocurrency_tool/projects-gocurrency/gohugoio++hugo/resources/page/permalinks_test.go,24,Waitgroup Add(const),143,&{45786997 INT 1} val is : 1
/Users/nicolasdilley/go/src/github.com/nicolasdilley/gocurrency_tool/projects-gocurrency/gohugoio++hugo/resources/page/permalinks_test.go,1,Goroutine,144,
/Users/nicolasdilley/go/src/github.com/nicolasdilley/gocurrency_tool/projects-gocurrency/gohugoio++hugo/resources/page/permalinks_test.go,26,Waitgroup Done(),145,
/Users/nicolasdilley/go/src/github.com/nicolasdilley/gocurrency_tool/projects-gocurrency/gohugoio++hugo/resources/page/permalinks_test.go,31,Waitgroup Wait(),156,
/Users/nicolasdilley/go/src/github.com/nicolasdilley/gocurrency_tool/projects-gocurrency/gohugoio++hugo/watcher/batcher.go,8,Known chan length (length),52,1
/Users/nicolasdilley/go/src/github.com/nicolasdilley/gocurrency_tool/projects-gocurrency/gohugoio++hugo/watcher/batcher.go,8,Known chan length (length),53,1
/Users/nicolasdilley/go/src/github.com/nicolasdilley/gocurrency_tool/projects-gocurrency/gohugoio++hugo/watcher/batcher.go,1,Goroutine,56,
/Users/nicolasdilley/go/src/github.com/nicolasdilley/gocurrency_tool/projects-gocurrency/gohugoio++hugo/watcher/batcher.go,16,Select (number of branch),67,3
/Users/nicolasdilley/go/src/github.com/nicolasdilley/gocurrency_tool/projects-gocurrency/gohugoio++hugo/watcher/batcher.go,2,Receive,68,
/Users/nicolasdilley/go/src/github.com/nicolasdilley/gocurrency_tool/projects-gocurrency/gohugoio++hugo/watcher/batcher.go,2,Receive,70,
/Users/nicolasdilley/go/src/github.com/nicolasdilley/gocurrency_tool/projects-gocurrency/gohugoio++hugo/watcher/batcher.go,3,Send,74,
/Users/nicolasdilley/go/src/github.com/nicolasdilley/gocurrency_tool/projects-gocurrency/gohugoio++hugo/watcher/batcher.go,2,Receive,76,
/Users/nicolasdilley/go/src/github.com/nicolasdilley/gocurrency_tool/projects-gocurrency/gohugoio++hugo/watcher/batcher.go,3,Send,85,
/Users/nicolasdilley/go/src/github.com/nicolasdilley/gocurrency_tool/projects-gocurrency/gohugoio++hugo/resources/resource_transformers/babel/babel.go,1,Goroutine,197,
/Users/nicolasdilley/go/src/github.com/nicolasdilley/gocurrency_tool/projects-gocurrency/gohugoio++hugo/tpl/data/resources_test.go,30,Waitgroup,154,
/Users/nicolasdilley/go/src/github.com/nicolasdilley/gocurrency_tool/projects-gocurrency/gohugoio++hugo/tpl/data/resources_test.go,5,Go in for,158,
/Users/nicolasdilley/go/src/github.com/nicolasdilley/gocurrency_tool/projects-gocurrency/gohugoio++hugo/tpl/data/resources_test.go,7,Goroutine in for with constant (constant),158,1
/Users/nicolasdilley/go/src/github.com/nicolasdilley/gocurrency_tool/projects-gocurrency/gohugoio++hugo/tpl/data/resources_test.go,24,Waitgroup Add(const),157,&{46548862 INT 1} val is : 1
/Users/nicolasdilley/go/src/github.com/nicolasdilley/gocurrency_tool/projects-gocurrency/gohugoio++hugo/tpl/data/resources_test.go,1,Goroutine,158,
/Users/nicolasdilley/go/src/github.com/nicolasdilley/gocurrency_tool/projects-gocurrency/gohugoio++hugo/tpl/data/resources_test.go,26,Waitgroup Done(),159,
/Users/nicolasdilley/go/src/github.com/nicolasdilley/gocurrency_tool/projects-gocurrency/gohugoio++hugo/tpl/data/resources_test.go,31,Waitgroup Wait(),178,
/Users/nicolasdilley/go/src/github.com/nicolasdilley/gocurrency_tool/projects-gocurrency/gohugoio++hugo/tpl/internal/go_templates/texttemplate/parse/lex_test.go,2,Receive,543,
/Users/nicolasdilley/go/src/github.com/nicolasdilley/gocurrency_tool/projects-gocurrency/gohugoio++hugo/tpl/internal/go_templates/texttemplate/parse/lex.go,3,Send,157,
/Users/nicolasdilley/go/src/github.com/nicolasdilley/gocurrency_tool/projects-gocurrency/gohugoio++hugo/tpl/internal/go_templates/texttemplate/parse/lex.go,3,Send,188,
/Users/nicolasdilley/go/src/github.com/nicolasdilley/gocurrency_tool/projects-gocurrency/gohugoio++hugo/tpl/internal/go_templates/texttemplate/parse/lex.go,2,Receive,195,
/Users/nicolasdilley/go/src/github.com/nicolasdilley/gocurrency_tool/projects-gocurrency/gohugoio++hugo/tpl/internal/go_templates/texttemplate/parse/lex.go,4,Synchronous chan,219,
/Users/nicolasdilley/go/src/github.com/nicolasdilley/gocurrency_tool/projects-gocurrency/gohugoio++hugo/tpl/internal/go_templates/texttemplate/parse/lex.go,1,Goroutine,223,
/Users/nicolasdilley/go/src/github.com/nicolasdilley/gocurrency_tool/projects-gocurrency/gohugoio++hugo/common/maps/scratch_test.go,30,Waitgroup,135,
/Users/nicolasdilley/go/src/github.com/nicolasdilley/gocurrency_tool/projects-gocurrency/gohugoio++hugo/common/maps/scratch_test.go,5,Go in for,142,
/Users/nicolasdilley/go/src/github.com/nicolasdilley/gocurrency_tool/projects-gocurrency/gohugoio++hugo/common/maps/scratch_test.go,7,Goroutine in for with constant (constant),142,10
/Users/nicolasdilley/go/src/github.com/nicolasdilley/gocurrency_tool/projects-gocurrency/gohugoio++hugo/common/maps/scratch_test.go,24,Waitgroup Add(const),141,&{24560524 INT 1} val is : 1
/Users/nicolasdilley/go/src/github.com/nicolasdilley/gocurrency_tool/projects-gocurrency/gohugoio++hugo/common/maps/scratch_test.go,1,Goroutine,142,
/Users/nicolasdilley/go/src/github.com/nicolasdilley/gocurrency_tool/projects-gocurrency/gohugoio++hugo/common/maps/scratch_test.go,26,Waitgroup Done(),163,
/Users/nicolasdilley/go/src/github.com/nicolasdilley/gocurrency_tool/projects-gocurrency/gohugoio++hugo/common/maps/scratch_test.go,31,Waitgroup Wait(),166,
/Users/nicolasdilley/go/src/github.com/nicolasdilley/gocurrency_tool/projects-gocurrency/gohugoio++hugo/watcher/filenotify/poller.go,1,Goroutine,69,
/Users/nicolasdilley/go/src/github.com/nicolasdilley/gocurrency_tool/projects-gocurrency/gohugoio++hugo/watcher/filenotify/poller.go,16,Select (number of branch),125,2
/Users/nicolasdilley/go/src/github.com/nicolasdilley/gocurrency_tool/projects-gocurrency/gohugoio++hugo/watcher/filenotify/poller.go,3,Send,126,
/Users/nicolasdilley/go/src/github.com/nicolasdilley/gocurrency_tool/projects-gocurrency/gohugoio++hugo/watcher/filenotify/poller.go,2,Receive,127,
/Users/nicolasdilley/go/src/github.com/nicolasdilley/gocurrency_tool/projects-gocurrency/gohugoio++hugo/watcher/filenotify/poller.go,16,Select (number of branch),135,2
/Users/nicolasdilley/go/src/github.com/nicolasdilley/gocurrency_tool/projects-gocurrency/gohugoio++hugo/watcher/filenotify/poller.go,3,Send,136,
/Users/nicolasdilley/go/src/github.com/nicolasdilley/gocurrency_tool/projects-gocurrency/gohugoio++hugo/watcher/filenotify/poller.go,2,Receive,137,
/Users/nicolasdilley/go/src/github.com/nicolasdilley/gocurrency_tool/projects-gocurrency/gohugoio++hugo/watcher/filenotify/poller.go,16,Select (number of branch),149,2
/Users/nicolasdilley/go/src/github.com/nicolasdilley/gocurrency_tool/projects-gocurrency/gohugoio++hugo/watcher/filenotify/poller.go,2,Receive,150,
/Users/nicolasdilley/go/src/github.com/nicolasdilley/gocurrency_tool/projects-gocurrency/gohugoio++hugo/watcher/filenotify/poller.go,2,Receive,151,
/Users/nicolasdilley/go/src/github.com/nicolasdilley/gocurrency_tool/projects-gocurrency/gohugoio++hugo/watcher/filenotify/poller_test.go,16,Select (number of branch),267,3
/Users/nicolasdilley/go/src/github.com/nicolasdilley/gocurrency_tool/projects-gocurrency/gohugoio++hugo/watcher/filenotify/poller_test.go,2,Receive,268,
/Users/nicolasdilley/go/src/github.com/nicolasdilley/gocurrency_tool/projects-gocurrency/gohugoio++hugo/watcher/filenotify/poller_test.go,2,Receive,279,
/Users/nicolasdilley/go/src/github.com/nicolasdilley/gocurrency_tool/projects-gocurrency/gohugoio++hugo/watcher/filenotify/poller_test.go,2,Receive,281,
/Users/nicolasdilley/go/src/github.com/nicolasdilley/gocurrency_tool/projects-gocurrency/gohugoio++hugo/watcher/filenotify/poller_test.go,16,Select (number of branch),294,3
/Users/nicolasdilley/go/src/github.com/nicolasdilley/gocurrency_tool/projects-gocurrency/gohugoio++hugo/watcher/filenotify/poller_test.go,2,Receive,295,
/Users/nicolasdilley/go/src/github.com/nicolasdilley/gocurrency_tool/projects-gocurrency/gohugoio++hugo/watcher/filenotify/poller_test.go,2,Receive,296,
/Users/nicolasdilley/go/src/github.com/nicolasdilley/gocurrency_tool/projects-gocurrency/gohugoio++hugo/watcher/filenotify/poller_test.go,2,Receive,298,
/Users/nicolasdilley/go/src/github.com/nicolasdilley/gocurrency_tool/projects-gocurrency/gohugoio++hugo/common/para/para.go,16,Select (number of branch),45,2
/Users/nicolasdilley/go/src/github.com/nicolasdilley/gocurrency_tool/projects-gocurrency/gohugoio++hugo/common/para/para.go,3,Send,46,
/Users/nicolasdilley/go/src/github.com/nicolasdilley/gocurrency_tool/projects-gocurrency/gohugoio++hugo/common/para/para.go,2,Receive,47,
/Users/nicolasdilley/go/src/github.com/nicolasdilley/gocurrency_tool/projects-gocurrency/gohugoio++hugo/common/para/para.go,2,Receive,53,
/Users/nicolasdilley/go/src/github.com/nicolasdilley/gocurrency_tool/projects-gocurrency/gohugoio++hugo/common/para/para_test.go,27,Mutex,52,
/Users/nicolasdilley/go/src/github.com/nicolasdilley/gocurrency_tool/projects-gocurrency/gohugoio++hugo/common/para/para_test.go,29,Mutex Lock(),56,
/Users/nicolasdilley/go/src/github.com/nicolasdilley/gocurrency_tool/projects-gocurrency/gohugoio++hugo/common/para/para_test.go,28,Mutex Unlock(),57,
