Line num,22839
packages num,5,14
files num,21,69
Average Line num per featured file,627,13173
,19670
example/otel,56
example/scan-struct,37
extra/rediscensus,38
extra/rediscmd,175
extra/redisotel,62
fuzz,41
internal,191
internal/hashtag,123
internal/hscan,377
internal/pool,1254
internal/proto,752
internal/rand,27
internal/util,36
Filename, #,Concurrent Type, Line number , Number
/Users/nicolasdilley/go/src/github.com/nicolasdilley/gocurrency_tool/projects-gocurrency/go-redis++redis/internal/util.go,16,Select (number of branch),14,2
/Users/nicolasdilley/go/src/github.com/nicolasdilley/gocurrency_tool/projects-gocurrency/go-redis++redis/internal/util.go,2,Receive,15,
/Users/nicolasdilley/go/src/github.com/nicolasdilley/gocurrency_tool/projects-gocurrency/go-redis++redis/internal/util.go,2,Receive,17,
/Users/nicolasdilley/go/src/github.com/nicolasdilley/gocurrency_tool/projects-gocurrency/go-redis++redis/internal/pool/pool_sticky.go,8,Known chan length (length),53,1
/Users/nicolasdilley/go/src/github.com/nicolasdilley/gocurrency_tool/projects-gocurrency/go-redis++redis/internal/pool/pool_sticky.go,2,Receive,85,
/Users/nicolasdilley/go/src/github.com/nicolasdilley/gocurrency_tool/projects-gocurrency/go-redis++redis/internal/pool/pool_sticky.go,3,Send,105,
/Users/nicolasdilley/go/src/github.com/nicolasdilley/gocurrency_tool/projects-gocurrency/go-redis++redis/internal/pool/pool_sticky.go,3,Send,123,
/Users/nicolasdilley/go/src/github.com/nicolasdilley/gocurrency_tool/projects-gocurrency/go-redis++redis/internal/pool/pool_sticky.go,2,Receive,138,
/Users/nicolasdilley/go/src/github.com/nicolasdilley/gocurrency_tool/projects-gocurrency/go-redis++redis/internal/pool/pool_sticky.go,17,Select with default (number of branch),154,2
/Users/nicolasdilley/go/src/github.com/nicolasdilley/gocurrency_tool/projects-gocurrency/go-redis++redis/internal/pool/pool_sticky.go,2,Receive,155,
/Users/nicolasdilley/go/src/github.com/nicolasdilley/gocurrency_tool/projects-gocurrency/go-redis++redis/internal/pool/pool.go,9,Unknown chan length,100,
/Users/nicolasdilley/go/src/github.com/nicolasdilley/gocurrency_tool/projects-gocurrency/go-redis++redis/internal/pool/pool.go,4,Synchronous chan,103,
/Users/nicolasdilley/go/src/github.com/nicolasdilley/gocurrency_tool/projects-gocurrency/go-redis++redis/internal/pool/pool.go,1,Goroutine,111,
/Users/nicolasdilley/go/src/github.com/nicolasdilley/gocurrency_tool/projects-gocurrency/go-redis++redis/internal/pool/pool.go,5,Go in for,125,
/Users/nicolasdilley/go/src/github.com/nicolasdilley/gocurrency_tool/projects-gocurrency/go-redis++redis/internal/pool/pool.go,1,Goroutine,125,
/Users/nicolasdilley/go/src/github.com/nicolasdilley/gocurrency_tool/projects-gocurrency/go-redis++redis/internal/pool/pool.go,1,Goroutine,202,
/Users/nicolasdilley/go/src/github.com/nicolasdilley/gocurrency_tool/projects-gocurrency/go-redis++redis/internal/pool/pool.go,3,Send,287,
/Users/nicolasdilley/go/src/github.com/nicolasdilley/gocurrency_tool/projects-gocurrency/go-redis++redis/internal/pool/pool.go,17,Select with default (number of branch),291,2
/Users/nicolasdilley/go/src/github.com/nicolasdilley/gocurrency_tool/projects-gocurrency/go-redis++redis/internal/pool/pool.go,2,Receive,292,
/Users/nicolasdilley/go/src/github.com/nicolasdilley/gocurrency_tool/projects-gocurrency/go-redis++redis/internal/pool/pool.go,17,Select with default (number of branch),297,2
/Users/nicolasdilley/go/src/github.com/nicolasdilley/gocurrency_tool/projects-gocurrency/go-redis++redis/internal/pool/pool.go,3,Send,298,
/Users/nicolasdilley/go/src/github.com/nicolasdilley/gocurrency_tool/projects-gocurrency/go-redis++redis/internal/pool/pool.go,16,Select (number of branch),306,3
/Users/nicolasdilley/go/src/github.com/nicolasdilley/gocurrency_tool/projects-gocurrency/go-redis++redis/internal/pool/pool.go,2,Receive,307,
/Users/nicolasdilley/go/src/github.com/nicolasdilley/gocurrency_tool/projects-gocurrency/go-redis++redis/internal/pool/pool.go,2,Receive,309,
/Users/nicolasdilley/go/src/github.com/nicolasdilley/gocurrency_tool/projects-gocurrency/go-redis++redis/internal/pool/pool.go,3,Send,313,
/Users/nicolasdilley/go/src/github.com/nicolasdilley/gocurrency_tool/projects-gocurrency/go-redis++redis/internal/pool/pool.go,2,Receive,315,
/Users/nicolasdilley/go/src/github.com/nicolasdilley/gocurrency_tool/projects-gocurrency/go-redis++redis/internal/pool/pool.go,2,Receive,319,
/Users/nicolasdilley/go/src/github.com/nicolasdilley/gocurrency_tool/projects-gocurrency/go-redis++redis/internal/pool/pool.go,2,Receive,327,
/Users/nicolasdilley/go/src/github.com/nicolasdilley/gocurrency_tool/projects-gocurrency/go-redis++redis/internal/pool/pool.go,16,Select (number of branch),485,2
/Users/nicolasdilley/go/src/github.com/nicolasdilley/gocurrency_tool/projects-gocurrency/go-redis++redis/internal/pool/pool.go,2,Receive,486,
/Users/nicolasdilley/go/src/github.com/nicolasdilley/gocurrency_tool/projects-gocurrency/go-redis++redis/internal/pool/pool.go,2,Receive,498,
/Users/nicolasdilley/go/src/github.com/nicolasdilley/gocurrency_tool/projects-gocurrency/go-redis++redis/cluster_commands.go,27,Mutex,34,
/Users/nicolasdilley/go/src/github.com/nicolasdilley/gocurrency_tool/projects-gocurrency/go-redis++redis/cluster_commands.go,29,Mutex Lock(),41,
/Users/nicolasdilley/go/src/github.com/nicolasdilley/gocurrency_tool/projects-gocurrency/go-redis++redis/cluster_commands.go,28,Mutex Unlock(),45,
/Users/nicolasdilley/go/src/github.com/nicolasdilley/gocurrency_tool/projects-gocurrency/go-redis++redis/cluster_commands.go,27,Mutex,86,
/Users/nicolasdilley/go/src/github.com/nicolasdilley/gocurrency_tool/projects-gocurrency/go-redis++redis/cluster_commands.go,29,Mutex Lock(),93,
/Users/nicolasdilley/go/src/github.com/nicolasdilley/gocurrency_tool/projects-gocurrency/go-redis++redis/cluster_commands.go,28,Mutex Unlock(),97,
/Users/nicolasdilley/go/src/github.com/nicolasdilley/gocurrency_tool/projects-gocurrency/go-redis++redis/bench_decode_test.go,9,Unknown chan length,270,
/Users/nicolasdilley/go/src/github.com/nicolasdilley/gocurrency_tool/projects-gocurrency/go-redis++redis/bench_decode_test.go,5,Go in for,275,
/Users/nicolasdilley/go/src/github.com/nicolasdilley/gocurrency_tool/projects-gocurrency/go-redis++redis/bench_decode_test.go,3,Send,274,
/Users/nicolasdilley/go/src/github.com/nicolasdilley/gocurrency_tool/projects-gocurrency/go-redis++redis/bench_decode_test.go,1,Goroutine,275,
/Users/nicolasdilley/go/src/github.com/nicolasdilley/gocurrency_tool/projects-gocurrency/go-redis++redis/bench_decode_test.go,2,Receive,279,
/Users/nicolasdilley/go/src/github.com/nicolasdilley/gocurrency_tool/projects-gocurrency/go-redis++redis/bench_decode_test.go,15,Close chan,283,
/Users/nicolasdilley/go/src/github.com/nicolasdilley/gocurrency_tool/projects-gocurrency/go-redis++redis/bench_decode_test.go,9,Unknown chan length,288,
/Users/nicolasdilley/go/src/github.com/nicolasdilley/gocurrency_tool/projects-gocurrency/go-redis++redis/bench_decode_test.go,5,Go in for,293,
/Users/nicolasdilley/go/src/github.com/nicolasdilley/gocurrency_tool/projects-gocurrency/go-redis++redis/bench_decode_test.go,1,Goroutine,293,
/Users/nicolasdilley/go/src/github.com/nicolasdilley/gocurrency_tool/projects-gocurrency/go-redis++redis/bench_decode_test.go,2,Receive,295,
/Users/nicolasdilley/go/src/github.com/nicolasdilley/gocurrency_tool/projects-gocurrency/go-redis++redis/bench_decode_test.go,3,Send,306,
/Users/nicolasdilley/go/src/github.com/nicolasdilley/gocurrency_tool/projects-gocurrency/go-redis++redis/bench_decode_test.go,15,Close chan,308,
/Users/nicolasdilley/go/src/github.com/nicolasdilley/gocurrency_tool/projects-gocurrency/go-redis++redis/ring.go,1,Goroutine,429,
/Users/nicolasdilley/go/src/github.com/nicolasdilley/gocurrency_tool/projects-gocurrency/go-redis++redis/ring.go,30,Waitgroup,524,
/Users/nicolasdilley/go/src/github.com/nicolasdilley/gocurrency_tool/projects-gocurrency/go-redis++redis/ring.go,8,Known chan length (length),525,1
/Users/nicolasdilley/go/src/github.com/nicolasdilley/gocurrency_tool/projects-gocurrency/go-redis++redis/ring.go,5,Go in for,532,
/Users/nicolasdilley/go/src/github.com/nicolasdilley/gocurrency_tool/projects-gocurrency/go-redis++redis/ring.go,24,Waitgroup Add(const),531,&{12153027 INT 1} val is : 1
/Users/nicolasdilley/go/src/github.com/nicolasdilley/gocurrency_tool/projects-gocurrency/go-redis++redis/ring.go,1,Goroutine,532,
/Users/nicolasdilley/go/src/github.com/nicolasdilley/gocurrency_tool/projects-gocurrency/go-redis++redis/ring.go,26,Waitgroup Done(),533,
/Users/nicolasdilley/go/src/github.com/nicolasdilley/gocurrency_tool/projects-gocurrency/go-redis++redis/ring.go,17,Select with default (number of branch),536,2
/Users/nicolasdilley/go/src/github.com/nicolasdilley/gocurrency_tool/projects-gocurrency/go-redis++redis/ring.go,3,Send,537,
/Users/nicolasdilley/go/src/github.com/nicolasdilley/gocurrency_tool/projects-gocurrency/go-redis++redis/ring.go,31,Waitgroup Wait(),543,
/Users/nicolasdilley/go/src/github.com/nicolasdilley/gocurrency_tool/projects-gocurrency/go-redis++redis/ring.go,17,Select with default (number of branch),545,2
/Users/nicolasdilley/go/src/github.com/nicolasdilley/gocurrency_tool/projects-gocurrency/go-redis++redis/ring.go,2,Receive,546,
/Users/nicolasdilley/go/src/github.com/nicolasdilley/gocurrency_tool/projects-gocurrency/go-redis++redis/ring.go,30,Waitgroup,666,
/Users/nicolasdilley/go/src/github.com/nicolasdilley/gocurrency_tool/projects-gocurrency/go-redis++redis/ring.go,5,Go in for,669,
/Users/nicolasdilley/go/src/github.com/nicolasdilley/gocurrency_tool/projects-gocurrency/go-redis++redis/ring.go,24,Waitgroup Add(const),668,&{12156133 INT 1} val is : 1
/Users/nicolasdilley/go/src/github.com/nicolasdilley/gocurrency_tool/projects-gocurrency/go-redis++redis/ring.go,1,Goroutine,669,
/Users/nicolasdilley/go/src/github.com/nicolasdilley/gocurrency_tool/projects-gocurrency/go-redis++redis/ring.go,26,Waitgroup Done(),670,
/Users/nicolasdilley/go/src/github.com/nicolasdilley/gocurrency_tool/projects-gocurrency/go-redis++redis/ring.go,31,Waitgroup Wait(),676,
/Users/nicolasdilley/go/src/github.com/nicolasdilley/gocurrency_tool/projects-gocurrency/go-redis++redis/sentinel.go,1,Goroutine,669,
/Users/nicolasdilley/go/src/github.com/nicolasdilley/gocurrency_tool/projects-gocurrency/go-redis++redis/redis.go,8,Known chan length (length),302,1
/Users/nicolasdilley/go/src/github.com/nicolasdilley/gocurrency_tool/projects-gocurrency/go-redis++redis/redis.go,1,Goroutine,303,
/Users/nicolasdilley/go/src/github.com/nicolasdilley/gocurrency_tool/projects-gocurrency/go-redis++redis/redis.go,3,Send,303,
/Users/nicolasdilley/go/src/github.com/nicolasdilley/gocurrency_tool/projects-gocurrency/go-redis++redis/redis.go,16,Select (number of branch),305,2
/Users/nicolasdilley/go/src/github.com/nicolasdilley/gocurrency_tool/projects-gocurrency/go-redis++redis/redis.go,2,Receive,306,
/Users/nicolasdilley/go/src/github.com/nicolasdilley/gocurrency_tool/projects-gocurrency/go-redis++redis/redis.go,2,Receive,309,
/Users/nicolasdilley/go/src/github.com/nicolasdilley/gocurrency_tool/projects-gocurrency/go-redis++redis/redis.go,2,Receive,313,
/Users/nicolasdilley/go/src/github.com/nicolasdilley/gocurrency_tool/projects-gocurrency/go-redis++redis/pubsub.go,4,Synchronous chan,43,
/Users/nicolasdilley/go/src/github.com/nicolasdilley/gocurrency_tool/projects-gocurrency/go-redis++redis/pubsub.go,8,Known chan length (length),528,1
/Users/nicolasdilley/go/src/github.com/nicolasdilley/gocurrency_tool/projects-gocurrency/go-redis++redis/pubsub.go,1,Goroutine,530,
/Users/nicolasdilley/go/src/github.com/nicolasdilley/gocurrency_tool/projects-gocurrency/go-redis++redis/pubsub.go,16,Select (number of branch),536,3
/Users/nicolasdilley/go/src/github.com/nicolasdilley/gocurrency_tool/projects-gocurrency/go-redis++redis/pubsub.go,2,Receive,537,
/Users/nicolasdilley/go/src/github.com/nicolasdilley/gocurrency_tool/projects-gocurrency/go-redis++redis/pubsub.go,2,Receive,539,
/Users/nicolasdilley/go/src/github.com/nicolasdilley/gocurrency_tool/projects-gocurrency/go-redis++redis/pubsub.go,2,Receive,541,
/Users/nicolasdilley/go/src/github.com/nicolasdilley/gocurrency_tool/projects-gocurrency/go-redis++redis/pubsub.go,2,Receive,547,
/Users/nicolasdilley/go/src/github.com/nicolasdilley/gocurrency_tool/projects-gocurrency/go-redis++redis/pubsub.go,9,Unknown chan length,557,
/Users/nicolasdilley/go/src/github.com/nicolasdilley/gocurrency_tool/projects-gocurrency/go-redis++redis/pubsub.go,1,Goroutine,559,
/Users/nicolasdilley/go/src/github.com/nicolasdilley/gocurrency_tool/projects-gocurrency/go-redis++redis/pubsub.go,17,Select with default (number of branch),581,2
/Users/nicolasdilley/go/src/github.com/nicolasdilley/gocurrency_tool/projects-gocurrency/go-redis++redis/pubsub.go,3,Send,582,
/Users/nicolasdilley/go/src/github.com/nicolasdilley/gocurrency_tool/projects-gocurrency/go-redis++redis/pubsub.go,16,Select (number of branch),593,2
/Users/nicolasdilley/go/src/github.com/nicolasdilley/gocurrency_tool/projects-gocurrency/go-redis++redis/pubsub.go,3,Send,594,
/Users/nicolasdilley/go/src/github.com/nicolasdilley/gocurrency_tool/projects-gocurrency/go-redis++redis/pubsub.go,2,Receive,596,
/Users/nicolasdilley/go/src/github.com/nicolasdilley/gocurrency_tool/projects-gocurrency/go-redis++redis/pubsub.go,2,Receive,598,
/Users/nicolasdilley/go/src/github.com/nicolasdilley/gocurrency_tool/projects-gocurrency/go-redis++redis/pubsub.go,9,Unknown chan length,613,
/Users/nicolasdilley/go/src/github.com/nicolasdilley/gocurrency_tool/projects-gocurrency/go-redis++redis/pubsub.go,1,Goroutine,615,
/Users/nicolasdilley/go/src/github.com/nicolasdilley/gocurrency_tool/projects-gocurrency/go-redis++redis/pubsub.go,17,Select with default (number of branch),637,2
/Users/nicolasdilley/go/src/github.com/nicolasdilley/gocurrency_tool/projects-gocurrency/go-redis++redis/pubsub.go,3,Send,638,
/Users/nicolasdilley/go/src/github.com/nicolasdilley/gocurrency_tool/projects-gocurrency/go-redis++redis/pubsub.go,16,Select (number of branch),647,2
/Users/nicolasdilley/go/src/github.com/nicolasdilley/gocurrency_tool/projects-gocurrency/go-redis++redis/pubsub.go,3,Send,648,
/Users/nicolasdilley/go/src/github.com/nicolasdilley/gocurrency_tool/projects-gocurrency/go-redis++redis/pubsub.go,2,Receive,650,
/Users/nicolasdilley/go/src/github.com/nicolasdilley/gocurrency_tool/projects-gocurrency/go-redis++redis/pubsub.go,2,Receive,652,
/Users/nicolasdilley/go/src/github.com/nicolasdilley/gocurrency_tool/projects-gocurrency/go-redis++redis/cluster.go,1,Goroutine,189,
/Users/nicolasdilley/go/src/github.com/nicolasdilley/gocurrency_tool/projects-gocurrency/go-redis++redis/cluster.go,1,Goroutine,339,
/Users/nicolasdilley/go/src/github.com/nicolasdilley/gocurrency_tool/projects-gocurrency/go-redis++redis/cluster.go,1,Goroutine,652,
/Users/nicolasdilley/go/src/github.com/nicolasdilley/gocurrency_tool/projects-gocurrency/go-redis++redis/cluster.go,1,Goroutine,720,
/Users/nicolasdilley/go/src/github.com/nicolasdilley/gocurrency_tool/projects-gocurrency/go-redis++redis/cluster.go,30,Waitgroup,863,
/Users/nicolasdilley/go/src/github.com/nicolasdilley/gocurrency_tool/projects-gocurrency/go-redis++redis/cluster.go,8,Known chan length (length),864,1
/Users/nicolasdilley/go/src/github.com/nicolasdilley/gocurrency_tool/projects-gocurrency/go-redis++redis/cluster.go,5,Go in for,868,
/Users/nicolasdilley/go/src/github.com/nicolasdilley/gocurrency_tool/projects-gocurrency/go-redis++redis/cluster.go,24,Waitgroup Add(const),867,&{12019388 INT 1} val is : 1
/Users/nicolasdilley/go/src/github.com/nicolasdilley/gocurrency_tool/projects-gocurrency/go-redis++redis/cluster.go,1,Goroutine,868,
/Users/nicolasdilley/go/src/github.com/nicolasdilley/gocurrency_tool/projects-gocurrency/go-redis++redis/cluster.go,26,Waitgroup Done(),869,
/Users/nicolasdilley/go/src/github.com/nicolasdilley/gocurrency_tool/projects-gocurrency/go-redis++redis/cluster.go,17,Select with default (number of branch),872,2
/Users/nicolasdilley/go/src/github.com/nicolasdilley/gocurrency_tool/projects-gocurrency/go-redis++redis/cluster.go,3,Send,873,
/Users/nicolasdilley/go/src/github.com/nicolasdilley/gocurrency_tool/projects-gocurrency/go-redis++redis/cluster.go,31,Waitgroup Wait(),880,
/Users/nicolasdilley/go/src/github.com/nicolasdilley/gocurrency_tool/projects-gocurrency/go-redis++redis/cluster.go,17,Select with default (number of branch),882,2
/Users/nicolasdilley/go/src/github.com/nicolasdilley/gocurrency_tool/projects-gocurrency/go-redis++redis/cluster.go,2,Receive,883,
/Users/nicolasdilley/go/src/github.com/nicolasdilley/gocurrency_tool/projects-gocurrency/go-redis++redis/cluster.go,30,Waitgroup,901,
/Users/nicolasdilley/go/src/github.com/nicolasdilley/gocurrency_tool/projects-gocurrency/go-redis++redis/cluster.go,8,Known chan length (length),902,1
/Users/nicolasdilley/go/src/github.com/nicolasdilley/gocurrency_tool/projects-gocurrency/go-redis++redis/cluster.go,5,Go in for,906,
/Users/nicolasdilley/go/src/github.com/nicolasdilley/gocurrency_tool/projects-gocurrency/go-redis++redis/cluster.go,24,Waitgroup Add(const),905,&{12020066 INT 1} val is : 1
/Users/nicolasdilley/go/src/github.com/nicolasdilley/gocurrency_tool/projects-gocurrency/go-redis++redis/cluster.go,1,Goroutine,906,
/Users/nicolasdilley/go/src/github.com/nicolasdilley/gocurrency_tool/projects-gocurrency/go-redis++redis/cluster.go,26,Waitgroup Done(),907,
/Users/nicolasdilley/go/src/github.com/nicolasdilley/gocurrency_tool/projects-gocurrency/go-redis++redis/cluster.go,17,Select with default (number of branch),910,2
/Users/nicolasdilley/go/src/github.com/nicolasdilley/gocurrency_tool/projects-gocurrency/go-redis++redis/cluster.go,3,Send,911,
/Users/nicolasdilley/go/src/github.com/nicolasdilley/gocurrency_tool/projects-gocurrency/go-redis++redis/cluster.go,31,Waitgroup Wait(),918,
/Users/nicolasdilley/go/src/github.com/nicolasdilley/gocurrency_tool/projects-gocurrency/go-redis++redis/cluster.go,17,Select with default (number of branch),920,2
/Users/nicolasdilley/go/src/github.com/nicolasdilley/gocurrency_tool/projects-gocurrency/go-redis++redis/cluster.go,2,Receive,921,
/Users/nicolasdilley/go/src/github.com/nicolasdilley/gocurrency_tool/projects-gocurrency/go-redis++redis/cluster.go,30,Waitgroup,939,
/Users/nicolasdilley/go/src/github.com/nicolasdilley/gocurrency_tool/projects-gocurrency/go-redis++redis/cluster.go,8,Known chan length (length),940,1
/Users/nicolasdilley/go/src/github.com/nicolasdilley/gocurrency_tool/projects-gocurrency/go-redis++redis/cluster.go,26,Waitgroup Done(),943,
/Users/nicolasdilley/go/src/github.com/nicolasdilley/gocurrency_tool/projects-gocurrency/go-redis++redis/cluster.go,17,Select with default (number of branch),946,2
/Users/nicolasdilley/go/src/github.com/nicolasdilley/gocurrency_tool/projects-gocurrency/go-redis++redis/cluster.go,3,Send,947,
/Users/nicolasdilley/go/src/github.com/nicolasdilley/gocurrency_tool/projects-gocurrency/go-redis++redis/cluster.go,5,Go in for,955,
/Users/nicolasdilley/go/src/github.com/nicolasdilley/gocurrency_tool/projects-gocurrency/go-redis++redis/cluster.go,24,Waitgroup Add(const),954,&{12020905 INT 1} val is : 1
/Users/nicolasdilley/go/src/github.com/nicolasdilley/gocurrency_tool/projects-gocurrency/go-redis++redis/cluster.go,1,Goroutine,955,
/Users/nicolasdilley/go/src/github.com/nicolasdilley/gocurrency_tool/projects-gocurrency/go-redis++redis/cluster.go,5,Go in for,959,
/Users/nicolasdilley/go/src/github.com/nicolasdilley/gocurrency_tool/projects-gocurrency/go-redis++redis/cluster.go,24,Waitgroup Add(const),958,&{12020975 INT 1} val is : 1
/Users/nicolasdilley/go/src/github.com/nicolasdilley/gocurrency_tool/projects-gocurrency/go-redis++redis/cluster.go,1,Goroutine,959,
/Users/nicolasdilley/go/src/github.com/nicolasdilley/gocurrency_tool/projects-gocurrency/go-redis++redis/cluster.go,31,Waitgroup Wait(),962,
/Users/nicolasdilley/go/src/github.com/nicolasdilley/gocurrency_tool/projects-gocurrency/go-redis++redis/cluster.go,17,Select with default (number of branch),964,2
/Users/nicolasdilley/go/src/github.com/nicolasdilley/gocurrency_tool/projects-gocurrency/go-redis++redis/cluster.go,2,Receive,965,
/Users/nicolasdilley/go/src/github.com/nicolasdilley/gocurrency_tool/projects-gocurrency/go-redis++redis/cluster.go,30,Waitgroup,1111,
/Users/nicolasdilley/go/src/github.com/nicolasdilley/gocurrency_tool/projects-gocurrency/go-redis++redis/cluster.go,5,Go in for,1115,
/Users/nicolasdilley/go/src/github.com/nicolasdilley/gocurrency_tool/projects-gocurrency/go-redis++redis/cluster.go,24,Waitgroup Add(const),1114,&{12024366 INT 1} val is : 1
/Users/nicolasdilley/go/src/github.com/nicolasdilley/gocurrency_tool/projects-gocurrency/go-redis++redis/cluster.go,1,Goroutine,1115,
/Users/nicolasdilley/go/src/github.com/nicolasdilley/gocurrency_tool/projects-gocurrency/go-redis++redis/cluster.go,26,Waitgroup Done(),1116,
/Users/nicolasdilley/go/src/github.com/nicolasdilley/gocurrency_tool/projects-gocurrency/go-redis++redis/cluster.go,31,Waitgroup Wait(),1132,
/Users/nicolasdilley/go/src/github.com/nicolasdilley/gocurrency_tool/projects-gocurrency/go-redis++redis/cluster.go,30,Waitgroup,1304,
/Users/nicolasdilley/go/src/github.com/nicolasdilley/gocurrency_tool/projects-gocurrency/go-redis++redis/cluster.go,5,Go in for,1308,
/Users/nicolasdilley/go/src/github.com/nicolasdilley/gocurrency_tool/projects-gocurrency/go-redis++redis/cluster.go,24,Waitgroup Add(const),1307,&{12028495 INT 1} val is : 1
/Users/nicolasdilley/go/src/github.com/nicolasdilley/gocurrency_tool/projects-gocurrency/go-redis++redis/cluster.go,1,Goroutine,1308,
/Users/nicolasdilley/go/src/github.com/nicolasdilley/gocurrency_tool/projects-gocurrency/go-redis++redis/cluster.go,26,Waitgroup Done(),1309,
/Users/nicolasdilley/go/src/github.com/nicolasdilley/gocurrency_tool/projects-gocurrency/go-redis++redis/cluster.go,31,Waitgroup Wait(),1326,
/Users/nicolasdilley/go/src/github.com/nicolasdilley/gocurrency_tool/projects-gocurrency/go-redis++redis/bench_test.go,30,Waitgroup,51,
/Users/nicolasdilley/go/src/github.com/nicolasdilley/gocurrency_tool/projects-gocurrency/go-redis++redis/bench_test.go,5,Go in for,55,
/Users/nicolasdilley/go/src/github.com/nicolasdilley/gocurrency_tool/projects-gocurrency/go-redis++redis/bench_test.go,7,Goroutine in for with constant (constant),55,1000
/Users/nicolasdilley/go/src/github.com/nicolasdilley/gocurrency_tool/projects-gocurrency/go-redis++redis/bench_test.go,24,Waitgroup Add(const),54,&{13677505 INT 1} val is : 1
/Users/nicolasdilley/go/src/github.com/nicolasdilley/gocurrency_tool/projects-gocurrency/go-redis++redis/bench_test.go,1,Goroutine,55,
/Users/nicolasdilley/go/src/github.com/nicolasdilley/gocurrency_tool/projects-gocurrency/go-redis++redis/bench_test.go,26,Waitgroup Done(),56,
/Users/nicolasdilley/go/src/github.com/nicolasdilley/gocurrency_tool/projects-gocurrency/go-redis++redis/bench_test.go,31,Waitgroup Wait(),65,
/Users/nicolasdilley/go/src/github.com/nicolasdilley/gocurrency_tool/projects-gocurrency/go-redis++redis/tx_test.go,30,Waitgroup,49,
/Users/nicolasdilley/go/src/github.com/nicolasdilley/gocurrency_tool/projects-gocurrency/go-redis++redis/tx_test.go,5,Go in for,52,
/Users/nicolasdilley/go/src/github.com/nicolasdilley/gocurrency_tool/projects-gocurrency/go-redis++redis/tx_test.go,7,Goroutine in for with constant (constant),52,100
/Users/nicolasdilley/go/src/github.com/nicolasdilley/gocurrency_tool/projects-gocurrency/go-redis++redis/tx_test.go,24,Waitgroup Add(const),51,&{13742714 INT 1} val is : 1
/Users/nicolasdilley/go/src/github.com/nicolasdilley/gocurrency_tool/projects-gocurrency/go-redis++redis/tx_test.go,1,Goroutine,52,
/Users/nicolasdilley/go/src/github.com/nicolasdilley/gocurrency_tool/projects-gocurrency/go-redis++redis/tx_test.go,26,Waitgroup Done(),54,
/Users/nicolasdilley/go/src/github.com/nicolasdilley/gocurrency_tool/projects-gocurrency/go-redis++redis/tx_test.go,31,Waitgroup Wait(),60,
/Users/nicolasdilley/go/src/github.com/nicolasdilley/gocurrency_tool/projects-gocurrency/go-redis++redis/pubsub_test.go,8,Known chan length (length),296,3
/Users/nicolasdilley/go/src/github.com/nicolasdilley/gocurrency_tool/projects-gocurrency/go-redis++redis/pubsub_test.go,1,Goroutine,298,
/Users/nicolasdilley/go/src/github.com/nicolasdilley/gocurrency_tool/projects-gocurrency/go-redis++redis/pubsub_test.go,3,Send,304,
/Users/nicolasdilley/go/src/github.com/nicolasdilley/gocurrency_tool/projects-gocurrency/go-redis++redis/pubsub_test.go,3,Send,309,
/Users/nicolasdilley/go/src/github.com/nicolasdilley/gocurrency_tool/projects-gocurrency/go-redis++redis/pubsub_test.go,30,Waitgroup,353,
/Users/nicolasdilley/go/src/github.com/nicolasdilley/gocurrency_tool/projects-gocurrency/go-redis++redis/pubsub_test.go,24,Waitgroup Add(const),354,&{13732694 INT 1} val is : 1
/Users/nicolasdilley/go/src/github.com/nicolasdilley/gocurrency_tool/projects-gocurrency/go-redis++redis/pubsub_test.go,1,Goroutine,355,
/Users/nicolasdilley/go/src/github.com/nicolasdilley/gocurrency_tool/projects-gocurrency/go-redis++redis/pubsub_test.go,26,Waitgroup Done(),358,
/Users/nicolasdilley/go/src/github.com/nicolasdilley/gocurrency_tool/projects-gocurrency/go-redis++redis/pubsub_test.go,26,Waitgroup Done(),359,
/Users/nicolasdilley/go/src/github.com/nicolasdilley/gocurrency_tool/projects-gocurrency/go-redis++redis/pubsub_test.go,31,Waitgroup Wait(),369,
/Users/nicolasdilley/go/src/github.com/nicolasdilley/gocurrency_tool/projects-gocurrency/go-redis++redis/pubsub_test.go,24,Waitgroup Add(const),370,&{13733012 INT 1} val is : 1
/Users/nicolasdilley/go/src/github.com/nicolasdilley/gocurrency_tool/projects-gocurrency/go-redis++redis/pubsub_test.go,31,Waitgroup Wait(),374,
/Users/nicolasdilley/go/src/github.com/nicolasdilley/gocurrency_tool/projects-gocurrency/go-redis++redis/pubsub_test.go,30,Waitgroup,383,
/Users/nicolasdilley/go/src/github.com/nicolasdilley/gocurrency_tool/projects-gocurrency/go-redis++redis/pubsub_test.go,24,Waitgroup Add(const),384,&{13733270 INT 1} val is : 1
/Users/nicolasdilley/go/src/github.com/nicolasdilley/gocurrency_tool/projects-gocurrency/go-redis++redis/pubsub_test.go,1,Goroutine,385,
/Users/nicolasdilley/go/src/github.com/nicolasdilley/gocurrency_tool/projects-gocurrency/go-redis++redis/pubsub_test.go,26,Waitgroup Done(),387,
/Users/nicolasdilley/go/src/github.com/nicolasdilley/gocurrency_tool/projects-gocurrency/go-redis++redis/pubsub_test.go,31,Waitgroup Wait(),405,
/Users/nicolasdilley/go/src/github.com/nicolasdilley/gocurrency_tool/projects-gocurrency/go-redis++redis/pubsub_test.go,4,Synchronous chan,454,
/Users/nicolasdilley/go/src/github.com/nicolasdilley/gocurrency_tool/projects-gocurrency/go-redis++redis/pubsub_test.go,1,Goroutine,455,
/Users/nicolasdilley/go/src/github.com/nicolasdilley/gocurrency_tool/projects-gocurrency/go-redis++redis/pubsub_test.go,15,Close chan,462,
/Users/nicolasdilley/go/src/github.com/nicolasdilley/gocurrency_tool/projects-gocurrency/go-redis++redis/pubsub_test.go,16,Select (number of branch),470,2
/Users/nicolasdilley/go/src/github.com/nicolasdilley/gocurrency_tool/projects-gocurrency/go-redis++redis/pubsub_test.go,2,Receive,471,
/Users/nicolasdilley/go/src/github.com/nicolasdilley/gocurrency_tool/projects-gocurrency/go-redis++redis/pubsub_test.go,2,Receive,472,
/Users/nicolasdilley/go/src/github.com/nicolasdilley/gocurrency_tool/projects-gocurrency/go-redis++redis/main_test.go,30,Waitgroup,176,
/Users/nicolasdilley/go/src/github.com/nicolasdilley/gocurrency_tool/projects-gocurrency/go-redis++redis/main_test.go,25,Waitgroup Add(var),178,
/Users/nicolasdilley/go/src/github.com/nicolasdilley/gocurrency_tool/projects-gocurrency/go-redis++redis/main_test.go,5,Go in for,180,
/Users/nicolasdilley/go/src/github.com/nicolasdilley/gocurrency_tool/projects-gocurrency/go-redis++redis/main_test.go,1,Goroutine,180,
/Users/nicolasdilley/go/src/github.com/nicolasdilley/gocurrency_tool/projects-gocurrency/go-redis++redis/main_test.go,26,Waitgroup Done(),182,
/Users/nicolasdilley/go/src/github.com/nicolasdilley/gocurrency_tool/projects-gocurrency/go-redis++redis/main_test.go,30,Waitgroup,192,
/Users/nicolasdilley/go/src/github.com/nicolasdilley/gocurrency_tool/projects-gocurrency/go-redis++redis/main_test.go,31,Waitgroup Wait(),193,
/Users/nicolasdilley/go/src/github.com/nicolasdilley/gocurrency_tool/projects-gocurrency/go-redis++redis/main_test.go,8,Known chan length (length),197,1
/Users/nicolasdilley/go/src/github.com/nicolasdilley/gocurrency_tool/projects-gocurrency/go-redis++redis/main_test.go,4,Synchronous chan,198,
/Users/nicolasdilley/go/src/github.com/nicolasdilley/gocurrency_tool/projects-gocurrency/go-redis++redis/main_test.go,4,Synchronous chan,199,
/Users/nicolasdilley/go/src/github.com/nicolasdilley/gocurrency_tool/projects-gocurrency/go-redis++redis/main_test.go,1,Goroutine,201,
/Users/nicolasdilley/go/src/github.com/nicolasdilley/gocurrency_tool/projects-gocurrency/go-redis++redis/main_test.go,15,Close chan,205,
/Users/nicolasdilley/go/src/github.com/nicolasdilley/gocurrency_tool/projects-gocurrency/go-redis++redis/main_test.go,17,Select with default (number of branch),209,2
/Users/nicolasdilley/go/src/github.com/nicolasdilley/gocurrency_tool/projects-gocurrency/go-redis++redis/main_test.go,3,Send,210,
/Users/nicolasdilley/go/src/github.com/nicolasdilley/gocurrency_tool/projects-gocurrency/go-redis++redis/main_test.go,16,Select (number of branch),214,2
/Users/nicolasdilley/go/src/github.com/nicolasdilley/gocurrency_tool/projects-gocurrency/go-redis++redis/main_test.go,2,Receive,215,
/Users/nicolasdilley/go/src/github.com/nicolasdilley/gocurrency_tool/projects-gocurrency/go-redis++redis/main_test.go,2,Receive,217,
/Users/nicolasdilley/go/src/github.com/nicolasdilley/gocurrency_tool/projects-gocurrency/go-redis++redis/main_test.go,16,Select (number of branch),222,2
/Users/nicolasdilley/go/src/github.com/nicolasdilley/gocurrency_tool/projects-gocurrency/go-redis++redis/main_test.go,2,Receive,223,
/Users/nicolasdilley/go/src/github.com/nicolasdilley/gocurrency_tool/projects-gocurrency/go-redis++redis/main_test.go,2,Receive,225,
/Users/nicolasdilley/go/src/github.com/nicolasdilley/gocurrency_tool/projects-gocurrency/go-redis++redis/main_test.go,15,Close chan,226,
/Users/nicolasdilley/go/src/github.com/nicolasdilley/gocurrency_tool/projects-gocurrency/go-redis++redis/main_test.go,17,Select with default (number of branch),227,2
/Users/nicolasdilley/go/src/github.com/nicolasdilley/gocurrency_tool/projects-gocurrency/go-redis++redis/main_test.go,2,Receive,228,
/Users/nicolasdilley/go/src/github.com/nicolasdilley/gocurrency_tool/projects-gocurrency/go-redis++redis/race_test.go,30,Waitgroup,268,
/Users/nicolasdilley/go/src/github.com/nicolasdilley/gocurrency_tool/projects-gocurrency/go-redis++redis/race_test.go,31,Waitgroup Wait(),289,
/Users/nicolasdilley/go/src/github.com/nicolasdilley/gocurrency_tool/projects-gocurrency/go-redis++redis/race_test.go,30,Waitgroup,306,
/Users/nicolasdilley/go/src/github.com/nicolasdilley/gocurrency_tool/projects-gocurrency/go-redis++redis/race_test.go,31,Waitgroup Wait(),317,
/Users/nicolasdilley/go/src/github.com/nicolasdilley/gocurrency_tool/projects-gocurrency/go-redis++redis/ring_test.go,30,Waitgroup,418,
/Users/nicolasdilley/go/src/github.com/nicolasdilley/gocurrency_tool/projects-gocurrency/go-redis++redis/ring_test.go,5,Go in for,421,
/Users/nicolasdilley/go/src/github.com/nicolasdilley/gocurrency_tool/projects-gocurrency/go-redis++redis/ring_test.go,7,Goroutine in for with constant (constant),421,100
/Users/nicolasdilley/go/src/github.com/nicolasdilley/gocurrency_tool/projects-gocurrency/go-redis++redis/ring_test.go,24,Waitgroup Add(const),420,&{13717262 INT 1} val is : 1
/Users/nicolasdilley/go/src/github.com/nicolasdilley/gocurrency_tool/projects-gocurrency/go-redis++redis/ring_test.go,1,Goroutine,421,
/Users/nicolasdilley/go/src/github.com/nicolasdilley/gocurrency_tool/projects-gocurrency/go-redis++redis/ring_test.go,26,Waitgroup Done(),423,
/Users/nicolasdilley/go/src/github.com/nicolasdilley/gocurrency_tool/projects-gocurrency/go-redis++redis/ring_test.go,31,Waitgroup Wait(),429,
/Users/nicolasdilley/go/src/github.com/nicolasdilley/gocurrency_tool/projects-gocurrency/go-redis++redis/example_test.go,5,Go in for,165,
/Users/nicolasdilley/go/src/github.com/nicolasdilley/gocurrency_tool/projects-gocurrency/go-redis++redis/example_test.go,7,Goroutine in for with constant (constant),165,10
/Users/nicolasdilley/go/src/github.com/nicolasdilley/gocurrency_tool/projects-gocurrency/go-redis++redis/example_test.go,1,Goroutine,165,
/Users/nicolasdilley/go/src/github.com/nicolasdilley/gocurrency_tool/projects-gocurrency/go-redis++redis/example_test.go,30,Waitgroup,445,
/Users/nicolasdilley/go/src/github.com/nicolasdilley/gocurrency_tool/projects-gocurrency/go-redis++redis/example_test.go,5,Go in for,448,
/Users/nicolasdilley/go/src/github.com/nicolasdilley/gocurrency_tool/projects-gocurrency/go-redis++redis/example_test.go,7,Goroutine in for with constant (constant),448,100
/Users/nicolasdilley/go/src/github.com/nicolasdilley/gocurrency_tool/projects-gocurrency/go-redis++redis/example_test.go,24,Waitgroup Add(const),447,&{13973039 INT 1} val is : 1
/Users/nicolasdilley/go/src/github.com/nicolasdilley/gocurrency_tool/projects-gocurrency/go-redis++redis/example_test.go,1,Goroutine,448,
/Users/nicolasdilley/go/src/github.com/nicolasdilley/gocurrency_tool/projects-gocurrency/go-redis++redis/example_test.go,26,Waitgroup Done(),449,
/Users/nicolasdilley/go/src/github.com/nicolasdilley/gocurrency_tool/projects-gocurrency/go-redis++redis/example_test.go,31,Waitgroup Wait(),456,
/Users/nicolasdilley/go/src/github.com/nicolasdilley/gocurrency_tool/projects-gocurrency/go-redis++redis/cluster_test.go,30,Waitgroup,414,
/Users/nicolasdilley/go/src/github.com/nicolasdilley/gocurrency_tool/projects-gocurrency/go-redis++redis/cluster_test.go,5,Go in for,417,
/Users/nicolasdilley/go/src/github.com/nicolasdilley/gocurrency_tool/projects-gocurrency/go-redis++redis/cluster_test.go,7,Goroutine in for with constant (constant),417,100
/Users/nicolasdilley/go/src/github.com/nicolasdilley/gocurrency_tool/projects-gocurrency/go-redis++redis/cluster_test.go,24,Waitgroup Add(const),416,&{13922053 INT 1} val is : 1
/Users/nicolasdilley/go/src/github.com/nicolasdilley/gocurrency_tool/projects-gocurrency/go-redis++redis/cluster_test.go,1,Goroutine,417,
/Users/nicolasdilley/go/src/github.com/nicolasdilley/gocurrency_tool/projects-gocurrency/go-redis++redis/cluster_test.go,26,Waitgroup Done(),419,
/Users/nicolasdilley/go/src/github.com/nicolasdilley/gocurrency_tool/projects-gocurrency/go-redis++redis/cluster_test.go,31,Waitgroup Wait(),425,
/Users/nicolasdilley/go/src/github.com/nicolasdilley/gocurrency_tool/projects-gocurrency/go-redis++redis/commands_test.go,4,Synchronous chan,1893,
/Users/nicolasdilley/go/src/github.com/nicolasdilley/gocurrency_tool/projects-gocurrency/go-redis++redis/commands_test.go,4,Synchronous chan,1894,
/Users/nicolasdilley/go/src/github.com/nicolasdilley/gocurrency_tool/projects-gocurrency/go-redis++redis/commands_test.go,1,Goroutine,1895,
/Users/nicolasdilley/go/src/github.com/nicolasdilley/gocurrency_tool/projects-gocurrency/go-redis++redis/commands_test.go,3,Send,1898,
/Users/nicolasdilley/go/src/github.com/nicolasdilley/gocurrency_tool/projects-gocurrency/go-redis++redis/commands_test.go,3,Send,1902,
/Users/nicolasdilley/go/src/github.com/nicolasdilley/gocurrency_tool/projects-gocurrency/go-redis++redis/commands_test.go,2,Receive,1904,
/Users/nicolasdilley/go/src/github.com/nicolasdilley/gocurrency_tool/projects-gocurrency/go-redis++redis/commands_test.go,16,Select (number of branch),1906,2
/Users/nicolasdilley/go/src/github.com/nicolasdilley/gocurrency_tool/projects-gocurrency/go-redis++redis/commands_test.go,2,Receive,1907,
/Users/nicolasdilley/go/src/github.com/nicolasdilley/gocurrency_tool/projects-gocurrency/go-redis++redis/commands_test.go,2,Receive,1909,
/Users/nicolasdilley/go/src/github.com/nicolasdilley/gocurrency_tool/projects-gocurrency/go-redis++redis/commands_test.go,16,Select (number of branch),1916,2
/Users/nicolasdilley/go/src/github.com/nicolasdilley/gocurrency_tool/projects-gocurrency/go-redis++redis/commands_test.go,2,Receive,1917,
/Users/nicolasdilley/go/src/github.com/nicolasdilley/gocurrency_tool/projects-gocurrency/go-redis++redis/commands_test.go,2,Receive,1919,
/Users/nicolasdilley/go/src/github.com/nicolasdilley/gocurrency_tool/projects-gocurrency/go-redis++redis/commands_test.go,4,Synchronous chan,1947,
/Users/nicolasdilley/go/src/github.com/nicolasdilley/gocurrency_tool/projects-gocurrency/go-redis++redis/commands_test.go,4,Synchronous chan,1948,
/Users/nicolasdilley/go/src/github.com/nicolasdilley/gocurrency_tool/projects-gocurrency/go-redis++redis/commands_test.go,1,Goroutine,1949,
/Users/nicolasdilley/go/src/github.com/nicolasdilley/gocurrency_tool/projects-gocurrency/go-redis++redis/commands_test.go,3,Send,1952,
/Users/nicolasdilley/go/src/github.com/nicolasdilley/gocurrency_tool/projects-gocurrency/go-redis++redis/commands_test.go,3,Send,1956,
/Users/nicolasdilley/go/src/github.com/nicolasdilley/gocurrency_tool/projects-gocurrency/go-redis++redis/commands_test.go,2,Receive,1958,
/Users/nicolasdilley/go/src/github.com/nicolasdilley/gocurrency_tool/projects-gocurrency/go-redis++redis/commands_test.go,16,Select (number of branch),1960,2
/Users/nicolasdilley/go/src/github.com/nicolasdilley/gocurrency_tool/projects-gocurrency/go-redis++redis/commands_test.go,2,Receive,1961,
/Users/nicolasdilley/go/src/github.com/nicolasdilley/gocurrency_tool/projects-gocurrency/go-redis++redis/commands_test.go,2,Receive,1963,
/Users/nicolasdilley/go/src/github.com/nicolasdilley/gocurrency_tool/projects-gocurrency/go-redis++redis/commands_test.go,16,Select (number of branch),1970,2
/Users/nicolasdilley/go/src/github.com/nicolasdilley/gocurrency_tool/projects-gocurrency/go-redis++redis/commands_test.go,2,Receive,1971,
/Users/nicolasdilley/go/src/github.com/nicolasdilley/gocurrency_tool/projects-gocurrency/go-redis++redis/commands_test.go,2,Receive,1973,
/Users/nicolasdilley/go/src/github.com/nicolasdilley/gocurrency_tool/projects-gocurrency/go-redis++redis/commands_test.go,4,Synchronous chan,2736,
/Users/nicolasdilley/go/src/github.com/nicolasdilley/gocurrency_tool/projects-gocurrency/go-redis++redis/commands_test.go,4,Synchronous chan,2737,
/Users/nicolasdilley/go/src/github.com/nicolasdilley/gocurrency_tool/projects-gocurrency/go-redis++redis/commands_test.go,1,Goroutine,2738,
/Users/nicolasdilley/go/src/github.com/nicolasdilley/gocurrency_tool/projects-gocurrency/go-redis++redis/commands_test.go,3,Send,2741,
/Users/nicolasdilley/go/src/github.com/nicolasdilley/gocurrency_tool/projects-gocurrency/go-redis++redis/commands_test.go,3,Send,2751,
/Users/nicolasdilley/go/src/github.com/nicolasdilley/gocurrency_tool/projects-gocurrency/go-redis++redis/commands_test.go,2,Receive,2753,
/Users/nicolasdilley/go/src/github.com/nicolasdilley/gocurrency_tool/projects-gocurrency/go-redis++redis/commands_test.go,16,Select (number of branch),2755,2
/Users/nicolasdilley/go/src/github.com/nicolasdilley/gocurrency_tool/projects-gocurrency/go-redis++redis/commands_test.go,2,Receive,2756,
/Users/nicolasdilley/go/src/github.com/nicolasdilley/gocurrency_tool/projects-gocurrency/go-redis++redis/commands_test.go,2,Receive,2758,
/Users/nicolasdilley/go/src/github.com/nicolasdilley/gocurrency_tool/projects-gocurrency/go-redis++redis/commands_test.go,16,Select (number of branch),2768,2
/Users/nicolasdilley/go/src/github.com/nicolasdilley/gocurrency_tool/projects-gocurrency/go-redis++redis/commands_test.go,2,Receive,2769,
/Users/nicolasdilley/go/src/github.com/nicolasdilley/gocurrency_tool/projects-gocurrency/go-redis++redis/commands_test.go,2,Receive,2771,
/Users/nicolasdilley/go/src/github.com/nicolasdilley/gocurrency_tool/projects-gocurrency/go-redis++redis/commands_test.go,4,Synchronous chan,2818,
/Users/nicolasdilley/go/src/github.com/nicolasdilley/gocurrency_tool/projects-gocurrency/go-redis++redis/commands_test.go,4,Synchronous chan,2819,
/Users/nicolasdilley/go/src/github.com/nicolasdilley/gocurrency_tool/projects-gocurrency/go-redis++redis/commands_test.go,1,Goroutine,2820,
/Users/nicolasdilley/go/src/github.com/nicolasdilley/gocurrency_tool/projects-gocurrency/go-redis++redis/commands_test.go,3,Send,2823,
/Users/nicolasdilley/go/src/github.com/nicolasdilley/gocurrency_tool/projects-gocurrency/go-redis++redis/commands_test.go,3,Send,2833,
/Users/nicolasdilley/go/src/github.com/nicolasdilley/gocurrency_tool/projects-gocurrency/go-redis++redis/commands_test.go,2,Receive,2835,
/Users/nicolasdilley/go/src/github.com/nicolasdilley/gocurrency_tool/projects-gocurrency/go-redis++redis/commands_test.go,16,Select (number of branch),2837,2
/Users/nicolasdilley/go/src/github.com/nicolasdilley/gocurrency_tool/projects-gocurrency/go-redis++redis/commands_test.go,2,Receive,2838,
/Users/nicolasdilley/go/src/github.com/nicolasdilley/gocurrency_tool/projects-gocurrency/go-redis++redis/commands_test.go,2,Receive,2840,
/Users/nicolasdilley/go/src/github.com/nicolasdilley/gocurrency_tool/projects-gocurrency/go-redis++redis/commands_test.go,16,Select (number of branch),2850,2
/Users/nicolasdilley/go/src/github.com/nicolasdilley/gocurrency_tool/projects-gocurrency/go-redis++redis/commands_test.go,2,Receive,2851,
/Users/nicolasdilley/go/src/github.com/nicolasdilley/gocurrency_tool/projects-gocurrency/go-redis++redis/commands_test.go,2,Receive,2853,
/Users/nicolasdilley/go/src/github.com/nicolasdilley/gocurrency_tool/projects-gocurrency/go-redis++redis/internal/pool/main_test.go,30,Waitgroup,19,
/Users/nicolasdilley/go/src/github.com/nicolasdilley/gocurrency_tool/projects-gocurrency/go-redis++redis/internal/pool/main_test.go,5,Go in for,23,
/Users/nicolasdilley/go/src/github.com/nicolasdilley/gocurrency_tool/projects-gocurrency/go-redis++redis/internal/pool/main_test.go,24,Waitgroup Add(const),22,&{13651841 INT 1} val is : 1
/Users/nicolasdilley/go/src/github.com/nicolasdilley/gocurrency_tool/projects-gocurrency/go-redis++redis/internal/pool/main_test.go,1,Goroutine,23,
/Users/nicolasdilley/go/src/github.com/nicolasdilley/gocurrency_tool/projects-gocurrency/go-redis++redis/internal/pool/main_test.go,26,Waitgroup Done(),25,
/Users/nicolasdilley/go/src/github.com/nicolasdilley/gocurrency_tool/projects-gocurrency/go-redis++redis/internal/pool/main_test.go,31,Waitgroup Wait(),31,
/Users/nicolasdilley/go/src/github.com/nicolasdilley/gocurrency_tool/projects-gocurrency/go-redis++redis/internal/pool/pool_test.go,4,Synchronous chan,39,
/Users/nicolasdilley/go/src/github.com/nicolasdilley/gocurrency_tool/projects-gocurrency/go-redis++redis/internal/pool/pool_test.go,30,Waitgroup,38,
/Users/nicolasdilley/go/src/github.com/nicolasdilley/gocurrency_tool/projects-gocurrency/go-redis++redis/internal/pool/pool_test.go,4,Synchronous chan,39,
/Users/nicolasdilley/go/src/github.com/nicolasdilley/gocurrency_tool/projects-gocurrency/go-redis++redis/internal/pool/pool_test.go,24,Waitgroup Add(const),41,minIdleConns val is : 10
/Users/nicolasdilley/go/src/github.com/nicolasdilley/gocurrency_tool/projects-gocurrency/go-redis++redis/internal/pool/pool_test.go,26,Waitgroup Done(),44,
/Users/nicolasdilley/go/src/github.com/nicolasdilley/gocurrency_tool/projects-gocurrency/go-redis++redis/internal/pool/pool_test.go,2,Receive,45,
/Users/nicolasdilley/go/src/github.com/nicolasdilley/gocurrency_tool/projects-gocurrency/go-redis++redis/internal/pool/pool_test.go,31,Waitgroup Wait(),54,
/Users/nicolasdilley/go/src/github.com/nicolasdilley/gocurrency_tool/projects-gocurrency/go-redis++redis/internal/pool/pool_test.go,15,Close chan,56,
/Users/nicolasdilley/go/src/github.com/nicolasdilley/gocurrency_tool/projects-gocurrency/go-redis++redis/internal/pool/pool_test.go,8,Known chan length (length),84,1
/Users/nicolasdilley/go/src/github.com/nicolasdilley/gocurrency_tool/projects-gocurrency/go-redis++redis/internal/pool/pool_test.go,8,Known chan length (length),85,1
/Users/nicolasdilley/go/src/github.com/nicolasdilley/gocurrency_tool/projects-gocurrency/go-redis++redis/internal/pool/pool_test.go,1,Goroutine,86,
/Users/nicolasdilley/go/src/github.com/nicolasdilley/gocurrency_tool/projects-gocurrency/go-redis++redis/internal/pool/pool_test.go,3,Send,89,
/Users/nicolasdilley/go/src/github.com/nicolasdilley/gocurrency_tool/projects-gocurrency/go-redis++redis/internal/pool/pool_test.go,3,Send,92,
/Users/nicolasdilley/go/src/github.com/nicolasdilley/gocurrency_tool/projects-gocurrency/go-redis++redis/internal/pool/pool_test.go,2,Receive,96,
/Users/nicolasdilley/go/src/github.com/nicolasdilley/gocurrency_tool/projects-gocurrency/go-redis++redis/internal/pool/pool_test.go,16,Select (number of branch),99,2
/Users/nicolasdilley/go/src/github.com/nicolasdilley/gocurrency_tool/projects-gocurrency/go-redis++redis/internal/pool/pool_test.go,2,Receive,100,
/Users/nicolasdilley/go/src/github.com/nicolasdilley/gocurrency_tool/projects-gocurrency/go-redis++redis/internal/pool/pool_test.go,2,Receive,102,
/Users/nicolasdilley/go/src/github.com/nicolasdilley/gocurrency_tool/projects-gocurrency/go-redis++redis/internal/pool/pool_test.go,16,Select (number of branch),109,2
/Users/nicolasdilley/go/src/github.com/nicolasdilley/gocurrency_tool/projects-gocurrency/go-redis++redis/internal/pool/pool_test.go,2,Receive,110,
/Users/nicolasdilley/go/src/github.com/nicolasdilley/gocurrency_tool/projects-gocurrency/go-redis++redis/internal/pool/pool_test.go,2,Receive,112,
/Users/nicolasdilley/go/src/github.com/nicolasdilley/gocurrency_tool/projects-gocurrency/go-redis++redis/internal/pool/pool_test.go,4,Synchronous chan,202,
/Users/nicolasdilley/go/src/github.com/nicolasdilley/gocurrency_tool/projects-gocurrency/go-redis++redis/internal/pool/pool_test.go,1,Goroutine,203,
/Users/nicolasdilley/go/src/github.com/nicolasdilley/gocurrency_tool/projects-gocurrency/go-redis++redis/internal/pool/pool_test.go,15,Close chan,205,
/Users/nicolasdilley/go/src/github.com/nicolasdilley/gocurrency_tool/projects-gocurrency/go-redis++redis/internal/pool/pool_test.go,16,Select (number of branch),208,2
/Users/nicolasdilley/go/src/github.com/nicolasdilley/gocurrency_tool/projects-gocurrency/go-redis++redis/internal/pool/pool_test.go,2,Receive,209,
/Users/nicolasdilley/go/src/github.com/nicolasdilley/gocurrency_tool/projects-gocurrency/go-redis++redis/internal/pool/pool_test.go,2,Receive,211,
/Users/nicolasdilley/go/src/github.com/nicolasdilley/gocurrency_tool/projects-gocurrency/go-redis++redis/internal/pool/pool_test.go,16,Select (number of branch),215,2
/Users/nicolasdilley/go/src/github.com/nicolasdilley/gocurrency_tool/projects-gocurrency/go-redis++redis/internal/pool/pool_test.go,2,Receive,216,
/Users/nicolasdilley/go/src/github.com/nicolasdilley/gocurrency_tool/projects-gocurrency/go-redis++redis/internal/pool/pool_test.go,2,Receive,218,
