Line num,95747
packages num,34,120
files num,71,397
Average Line num per featured file,325,23088
,2
cmd,27
cmd/healthcheck,56
cmd/internal/gen,355
cmd/traefik,605
cmd/version,51
integration,5050
integration/helloworld,193
integration/try,255
internal,156
pkg/anonymize,1336
pkg/api,4139
pkg/cli,103
pkg/collector,66
pkg/config/dynamic,2238
pkg/config/kv,526
pkg/config/label,1358
pkg/config/runtime,1813
pkg/config/static,410
pkg/healthcheck,773
pkg/ip,554
pkg/job,75
pkg/log,247
pkg/metrics,2620
pkg/middlewares,90
pkg/middlewares/accesslog,1670
pkg/middlewares/addprefix,150
pkg/middlewares/auth,1353
pkg/middlewares/buffering,45
pkg/middlewares/chain,20
pkg/middlewares/circuitbreaker,47
pkg/middlewares/compress,399
pkg/middlewares/connectionheader,96
pkg/middlewares/customerrors,475
pkg/middlewares/emptybackendhandler,90
pkg/middlewares/forwardedheaders,509
pkg/middlewares/headers,1113
pkg/middlewares/inflightreq,45
pkg/middlewares/ipwhitelist,155
pkg/middlewares/metrics,270
pkg/middlewares/passtlsclientcert,943
pkg/middlewares/pipelining,109
pkg/middlewares/ratelimiter,417
pkg/middlewares/recovery,64
pkg/middlewares/redirect,668
pkg/middlewares/replacepath,134
pkg/middlewares/replacepathregex,200
pkg/middlewares/requestdecorator,336
pkg/middlewares/retry,438
pkg/middlewares/stripprefix,273
pkg/middlewares/stripprefixregex,205
pkg/middlewares/tcp/ipwhitelist,166
pkg/middlewares/tracing,444
pkg/pilot,380
pkg/ping,30
pkg/plugins,783
pkg/provider,358
pkg/provider/acme,1737
pkg/provider/aggregator,174
pkg/provider/constraints,458
pkg/provider/consulcatalog,3411
pkg/provider/docker,4909
pkg/provider/ecs,3665
pkg/provider/file,745
pkg/provider/http,358
pkg/provider/kubernetes/crd,7250
pkg/provider/kubernetes/crd/generated/clientset/versioned,58
pkg/provider/kubernetes/crd/generated/clientset/versioned/fake,67
pkg/provider/kubernetes/crd/generated/clientset/versioned/scheme,21
pkg/provider/kubernetes/crd/generated/clientset/versioned/typed/traefik/v1alpha1,1293
pkg/provider/kubernetes/crd/generated/clientset/versioned/typed/traefik/v1alpha1/fake,770
pkg/provider/kubernetes/crd/generated/informers/externalversions,161
pkg/provider/kubernetes/crd/generated/informers/externalversions/internalinterfaces,14
pkg/provider/kubernetes/crd/generated/informers/externalversions/traefik,19
pkg/provider/kubernetes/crd/generated/informers/externalversions/traefik/v1alpha1,545
pkg/provider/kubernetes/crd/generated/listers/traefik/v1alpha1,487
pkg/provider/kubernetes/crd/traefik/v1alpha1,1692
pkg/provider/kubernetes/gateway,5129
pkg/provider/kubernetes/ingress,3702
pkg/provider/kubernetes/k8s,622
pkg/provider/kv,1297
pkg/provider/kv/consul,17
pkg/provider/kv/etcd,17
pkg/provider/kv/redis,17
pkg/provider/kv/zk,17
pkg/provider/marathon,3393
pkg/provider/marathon/mocks,989
pkg/provider/rancher,1585
pkg/provider/rest,48
pkg/provider/traefik,539
pkg/rules,1333
pkg/safe,233
pkg/server,2749
pkg/server/cookie,113
pkg/server/middleware,802
pkg/server/middleware/tcp,83
pkg/server/provider,137
pkg/server/router,1003
pkg/server/router/tcp,799
pkg/server/router/udp,209
pkg/server/service,1946
pkg/server/service/loadbalancer/mirror,383
pkg/server/service/loadbalancer/wrr,398
pkg/server/service/tcp,266
pkg/server/service/udp,260
pkg/tcp,882
pkg/testhelpers,176
pkg/tls,1235
pkg/tls/generate,76
pkg/tracing,300
pkg/tracing/datadog,59
pkg/tracing/elastic,50
pkg/tracing/haystack,68
pkg/tracing/instana,37
pkg/tracing/jaeger,116
pkg/tracing/zipkin,48
pkg/types,535
pkg/udp,676
pkg/version,86
script,0
Filename, #,Concurrent Type, Line number , Number
/Users/nicolasdilley/go/src/github.com/nicolasdilley/gocurrency_tool/projects-gocurrency/traefik++traefik/pkg/provider/ecs/ecs.go,21,Send only chan (chan<-),146,
/Users/nicolasdilley/go/src/github.com/nicolasdilley/gocurrency_tool/projects-gocurrency/traefik++traefik/pkg/provider/ecs/ecs.go,16,Select (number of branch),166,2
/Users/nicolasdilley/go/src/github.com/nicolasdilley/gocurrency_tool/projects-gocurrency/traefik++traefik/pkg/provider/ecs/ecs.go,2,Receive,167,
/Users/nicolasdilley/go/src/github.com/nicolasdilley/gocurrency_tool/projects-gocurrency/traefik++traefik/pkg/provider/ecs/ecs.go,2,Receive,173,
/Users/nicolasdilley/go/src/github.com/nicolasdilley/gocurrency_tool/projects-gocurrency/traefik++traefik/pkg/provider/ecs/ecs.go,21,Send only chan (chan<-),191,
/Users/nicolasdilley/go/src/github.com/nicolasdilley/gocurrency_tool/projects-gocurrency/traefik++traefik/pkg/provider/ecs/ecs.go,3,Send,197,
/Users/nicolasdilley/go/src/github.com/nicolasdilley/gocurrency_tool/projects-gocurrency/traefik++traefik/pkg/healthcheck/healthcheck.go,16,Select (number of branch),149,2
/Users/nicolasdilley/go/src/github.com/nicolasdilley/gocurrency_tool/projects-gocurrency/traefik++traefik/pkg/healthcheck/healthcheck.go,2,Receive,150,
/Users/nicolasdilley/go/src/github.com/nicolasdilley/gocurrency_tool/projects-gocurrency/traefik++traefik/pkg/healthcheck/healthcheck.go,2,Receive,153,
/Users/nicolasdilley/go/src/github.com/nicolasdilley/gocurrency_tool/projects-gocurrency/traefik++traefik/pkg/healthcheck/healthcheck_test.go,30,Waitgroup,129,
/Users/nicolasdilley/go/src/github.com/nicolasdilley/gocurrency_tool/projects-gocurrency/traefik++traefik/pkg/healthcheck/healthcheck_test.go,24,Waitgroup Add(const),130,&{50559722 INT 1} val is : 1
/Users/nicolasdilley/go/src/github.com/nicolasdilley/gocurrency_tool/projects-gocurrency/traefik++traefik/pkg/healthcheck/healthcheck_test.go,1,Goroutine,132,
/Users/nicolasdilley/go/src/github.com/nicolasdilley/gocurrency_tool/projects-gocurrency/traefik++traefik/pkg/healthcheck/healthcheck_test.go,26,Waitgroup Done(),134,
/Users/nicolasdilley/go/src/github.com/nicolasdilley/gocurrency_tool/projects-gocurrency/traefik++traefik/pkg/healthcheck/healthcheck_test.go,16,Select (number of branch),140,2
/Users/nicolasdilley/go/src/github.com/nicolasdilley/gocurrency_tool/projects-gocurrency/traefik++traefik/pkg/healthcheck/healthcheck_test.go,2,Receive,141,
/Users/nicolasdilley/go/src/github.com/nicolasdilley/gocurrency_tool/projects-gocurrency/traefik++traefik/pkg/healthcheck/healthcheck_test.go,2,Receive,143,
/Users/nicolasdilley/go/src/github.com/nicolasdilley/gocurrency_tool/projects-gocurrency/traefik++traefik/pkg/healthcheck/healthcheck_test.go,31,Waitgroup Wait(),144,
/Users/nicolasdilley/go/src/github.com/nicolasdilley/gocurrency_tool/projects-gocurrency/traefik++traefik/pkg/healthcheck/healthcheck_test.go,30,Waitgroup,510,
/Users/nicolasdilley/go/src/github.com/nicolasdilley/gocurrency_tool/projects-gocurrency/traefik++traefik/pkg/healthcheck/healthcheck_test.go,24,Waitgroup Add(const),511,&{50568835 INT 1} val is : 1
/Users/nicolasdilley/go/src/github.com/nicolasdilley/gocurrency_tool/projects-gocurrency/traefik++traefik/pkg/healthcheck/healthcheck_test.go,1,Goroutine,513,
/Users/nicolasdilley/go/src/github.com/nicolasdilley/gocurrency_tool/projects-gocurrency/traefik++traefik/pkg/healthcheck/healthcheck_test.go,26,Waitgroup Done(),515,
/Users/nicolasdilley/go/src/github.com/nicolasdilley/gocurrency_tool/projects-gocurrency/traefik++traefik/pkg/healthcheck/healthcheck_test.go,16,Select (number of branch),519,2
/Users/nicolasdilley/go/src/github.com/nicolasdilley/gocurrency_tool/projects-gocurrency/traefik++traefik/pkg/healthcheck/healthcheck_test.go,2,Receive,520,
/Users/nicolasdilley/go/src/github.com/nicolasdilley/gocurrency_tool/projects-gocurrency/traefik++traefik/pkg/healthcheck/healthcheck_test.go,2,Receive,522,
/Users/nicolasdilley/go/src/github.com/nicolasdilley/gocurrency_tool/projects-gocurrency/traefik++traefik/pkg/healthcheck/healthcheck_test.go,31,Waitgroup Wait(),523,
/Users/nicolasdilley/go/src/github.com/nicolasdilley/gocurrency_tool/projects-gocurrency/traefik++traefik/pkg/provider/http/http.go,21,Send only chan (chan<-),70,
/Users/nicolasdilley/go/src/github.com/nicolasdilley/gocurrency_tool/projects-gocurrency/traefik++traefik/pkg/provider/http/http.go,16,Select (number of branch),80,2
/Users/nicolasdilley/go/src/github.com/nicolasdilley/gocurrency_tool/projects-gocurrency/traefik++traefik/pkg/provider/http/http.go,2,Receive,81,
/Users/nicolasdilley/go/src/github.com/nicolasdilley/gocurrency_tool/projects-gocurrency/traefik++traefik/pkg/provider/http/http.go,3,Send,106,
/Users/nicolasdilley/go/src/github.com/nicolasdilley/gocurrency_tool/projects-gocurrency/traefik++traefik/pkg/provider/http/http.go,2,Receive,111,
/Users/nicolasdilley/go/src/github.com/nicolasdilley/gocurrency_tool/projects-gocurrency/traefik++traefik/pkg/provider/http/http_test.go,4,Synchronous chan,192,
/Users/nicolasdilley/go/src/github.com/nicolasdilley/gocurrency_tool/projects-gocurrency/traefik++traefik/pkg/provider/http/http_test.go,16,Select (number of branch),220,2
/Users/nicolasdilley/go/src/github.com/nicolasdilley/gocurrency_tool/projects-gocurrency/traefik++traefik/pkg/provider/http/http_test.go,2,Receive,221,
/Users/nicolasdilley/go/src/github.com/nicolasdilley/gocurrency_tool/projects-gocurrency/traefik++traefik/pkg/provider/http/http_test.go,2,Receive,224,
/Users/nicolasdilley/go/src/github.com/nicolasdilley/gocurrency_tool/projects-gocurrency/traefik++traefik/pkg/provider/http/http_test.go,8,Known chan length (length),247,10
/Users/nicolasdilley/go/src/github.com/nicolasdilley/gocurrency_tool/projects-gocurrency/traefik++traefik/pkg/provider/kubernetes/crd/client_test.go,4,Synchronous chan,37,
/Users/nicolasdilley/go/src/github.com/nicolasdilley/gocurrency_tool/projects-gocurrency/traefik++traefik/pkg/provider/kubernetes/crd/client_test.go,16,Select (number of branch),42,2
/Users/nicolasdilley/go/src/github.com/nicolasdilley/gocurrency_tool/projects-gocurrency/traefik++traefik/pkg/provider/kubernetes/crd/client_test.go,2,Receive,43,
/Users/nicolasdilley/go/src/github.com/nicolasdilley/gocurrency_tool/projects-gocurrency/traefik++traefik/pkg/provider/kubernetes/crd/client_test.go,2,Receive,48,
/Users/nicolasdilley/go/src/github.com/nicolasdilley/gocurrency_tool/projects-gocurrency/traefik++traefik/pkg/provider/kubernetes/crd/client_test.go,16,Select (number of branch),52,2
/Users/nicolasdilley/go/src/github.com/nicolasdilley/gocurrency_tool/projects-gocurrency/traefik++traefik/pkg/provider/kubernetes/crd/client_test.go,2,Receive,53,
/Users/nicolasdilley/go/src/github.com/nicolasdilley/gocurrency_tool/projects-gocurrency/traefik++traefik/pkg/provider/kubernetes/crd/client_test.go,2,Receive,55,
/Users/nicolasdilley/go/src/github.com/nicolasdilley/gocurrency_tool/projects-gocurrency/traefik++traefik/pkg/provider/kubernetes/crd/client_mock_test.go,20,Receive only chan (<-chan),187,
/Users/nicolasdilley/go/src/github.com/nicolasdilley/gocurrency_tool/projects-gocurrency/traefik++traefik/pkg/provider/kubernetes/crd/client.go,20,Receive only chan (<-chan),147,
/Users/nicolasdilley/go/src/github.com/nicolasdilley/gocurrency_tool/projects-gocurrency/traefik++traefik/pkg/provider/kubernetes/crd/client.go,8,Known chan length (length),148,1
/Users/nicolasdilley/go/src/github.com/nicolasdilley/gocurrency_tool/projects-gocurrency/traefik++traefik/pkg/provider/kubernetes/crd/kubernetes.go,21,Send only chan (chan<-),96,
/Users/nicolasdilley/go/src/github.com/nicolasdilley/gocurrency_tool/projects-gocurrency/traefik++traefik/pkg/provider/kubernetes/crd/kubernetes.go,16,Select (number of branch),119,2
/Users/nicolasdilley/go/src/github.com/nicolasdilley/gocurrency_tool/projects-gocurrency/traefik++traefik/pkg/provider/kubernetes/crd/kubernetes.go,2,Receive,120,
/Users/nicolasdilley/go/src/github.com/nicolasdilley/gocurrency_tool/projects-gocurrency/traefik++traefik/pkg/provider/kubernetes/crd/kubernetes.go,2,Receive,122,
/Users/nicolasdilley/go/src/github.com/nicolasdilley/gocurrency_tool/projects-gocurrency/traefik++traefik/pkg/provider/kubernetes/crd/kubernetes.go,16,Select (number of branch),134,2
/Users/nicolasdilley/go/src/github.com/nicolasdilley/gocurrency_tool/projects-gocurrency/traefik++traefik/pkg/provider/kubernetes/crd/kubernetes.go,2,Receive,135,
/Users/nicolasdilley/go/src/github.com/nicolasdilley/gocurrency_tool/projects-gocurrency/traefik++traefik/pkg/provider/kubernetes/crd/kubernetes.go,2,Receive,137,
/Users/nicolasdilley/go/src/github.com/nicolasdilley/gocurrency_tool/projects-gocurrency/traefik++traefik/pkg/provider/kubernetes/crd/kubernetes.go,3,Send,151,
/Users/nicolasdilley/go/src/github.com/nicolasdilley/gocurrency_tool/projects-gocurrency/traefik++traefik/pkg/provider/kubernetes/crd/kubernetes.go,20,Receive only chan (<-chan),899,
/Users/nicolasdilley/go/src/github.com/nicolasdilley/gocurrency_tool/projects-gocurrency/traefik++traefik/pkg/provider/kubernetes/crd/kubernetes.go,8,Known chan length (length),904,1
/Users/nicolasdilley/go/src/github.com/nicolasdilley/gocurrency_tool/projects-gocurrency/traefik++traefik/pkg/provider/kubernetes/crd/kubernetes.go,16,Select (number of branch),911,2
/Users/nicolasdilley/go/src/github.com/nicolasdilley/gocurrency_tool/projects-gocurrency/traefik++traefik/pkg/provider/kubernetes/crd/kubernetes.go,2,Receive,912,
/Users/nicolasdilley/go/src/github.com/nicolasdilley/gocurrency_tool/projects-gocurrency/traefik++traefik/pkg/provider/kubernetes/crd/kubernetes.go,2,Receive,914,
/Users/nicolasdilley/go/src/github.com/nicolasdilley/gocurrency_tool/projects-gocurrency/traefik++traefik/pkg/provider/kubernetes/crd/kubernetes.go,17,Select with default (number of branch),915,2
/Users/nicolasdilley/go/src/github.com/nicolasdilley/gocurrency_tool/projects-gocurrency/traefik++traefik/pkg/provider/kubernetes/crd/kubernetes.go,3,Send,916,
/Users/nicolasdilley/go/src/github.com/nicolasdilley/gocurrency_tool/projects-gocurrency/traefik++traefik/pkg/provider/kubernetes/crd/kubernetes_test.go,4,Synchronous chan,4960,
/Users/nicolasdilley/go/src/github.com/nicolasdilley/gocurrency_tool/projects-gocurrency/traefik++traefik/pkg/provider/kubernetes/crd/kubernetes_test.go,2,Receive,4967,
/Users/nicolasdilley/go/src/github.com/nicolasdilley/gocurrency_tool/projects-gocurrency/traefik++traefik/pkg/provider/kubernetes/crd/kubernetes_test.go,4,Synchronous chan,5251,
/Users/nicolasdilley/go/src/github.com/nicolasdilley/gocurrency_tool/projects-gocurrency/traefik++traefik/pkg/provider/kubernetes/crd/kubernetes_test.go,2,Receive,5258,
/Users/nicolasdilley/go/src/github.com/nicolasdilley/gocurrency_tool/projects-gocurrency/traefik++traefik/pkg/provider/rest/rest.go,3,Send,56,
/Users/nicolasdilley/go/src/github.com/nicolasdilley/gocurrency_tool/projects-gocurrency/traefik++traefik/pkg/provider/rest/rest.go,21,Send only chan (chan<-),64,
/Users/nicolasdilley/go/src/github.com/nicolasdilley/gocurrency_tool/projects-gocurrency/traefik++traefik/pkg/server/service/loadbalancer/mirror/mirror.go,17,Select with default (number of branch),102,2
/Users/nicolasdilley/go/src/github.com/nicolasdilley/gocurrency_tool/projects-gocurrency/traefik++traefik/pkg/server/service/loadbalancer/mirror/mirror.go,2,Receive,103,
/Users/nicolasdilley/go/src/github.com/nicolasdilley/gocurrency_tool/projects-gocurrency/traefik++traefik/pkg/safe/routine.go,1,Goroutine,53,
/Users/nicolasdilley/go/src/github.com/nicolasdilley/gocurrency_tool/projects-gocurrency/traefik++traefik/pkg/safe/routine_test.go,3,Send,46,
/Users/nicolasdilley/go/src/github.com/nicolasdilley/gocurrency_tool/projects-gocurrency/traefik++traefik/pkg/safe/routine_test.go,2,Receive,47,
/Users/nicolasdilley/go/src/github.com/nicolasdilley/gocurrency_tool/projects-gocurrency/traefik++traefik/pkg/safe/routine_test.go,8,Known chan length (length),77,1
/Users/nicolasdilley/go/src/github.com/nicolasdilley/gocurrency_tool/projects-gocurrency/traefik++traefik/pkg/safe/routine_test.go,1,Goroutine,78,
/Users/nicolasdilley/go/src/github.com/nicolasdilley/gocurrency_tool/projects-gocurrency/traefik++traefik/pkg/safe/routine_test.go,2,Receive,79,
/Users/nicolasdilley/go/src/github.com/nicolasdilley/gocurrency_tool/projects-gocurrency/traefik++traefik/pkg/safe/routine_test.go,3,Send,81,
/Users/nicolasdilley/go/src/github.com/nicolasdilley/gocurrency_tool/projects-gocurrency/traefik++traefik/pkg/safe/routine_test.go,16,Select (number of branch),84,2
/Users/nicolasdilley/go/src/github.com/nicolasdilley/gocurrency_tool/projects-gocurrency/traefik++traefik/pkg/safe/routine_test.go,2,Receive,85,
/Users/nicolasdilley/go/src/github.com/nicolasdilley/gocurrency_tool/projects-gocurrency/traefik++traefik/pkg/safe/routine_test.go,2,Receive,89,
/Users/nicolasdilley/go/src/github.com/nicolasdilley/gocurrency_tool/projects-gocurrency/traefik++traefik/pkg/safe/routine_test.go,8,Known chan length (length),106,1
/Users/nicolasdilley/go/src/github.com/nicolasdilley/gocurrency_tool/projects-gocurrency/traefik++traefik/pkg/safe/routine_test.go,1,Goroutine,107,
/Users/nicolasdilley/go/src/github.com/nicolasdilley/gocurrency_tool/projects-gocurrency/traefik++traefik/pkg/safe/routine_test.go,3,Send,109,
/Users/nicolasdilley/go/src/github.com/nicolasdilley/gocurrency_tool/projects-gocurrency/traefik++traefik/pkg/safe/routine_test.go,16,Select (number of branch),112,2
/Users/nicolasdilley/go/src/github.com/nicolasdilley/gocurrency_tool/projects-gocurrency/traefik++traefik/pkg/safe/routine_test.go,2,Receive,113,
/Users/nicolasdilley/go/src/github.com/nicolasdilley/gocurrency_tool/projects-gocurrency/traefik++traefik/pkg/safe/routine_test.go,2,Receive,115,
/Users/nicolasdilley/go/src/github.com/nicolasdilley/gocurrency_tool/projects-gocurrency/traefik++traefik/pkg/middlewares/retry/retry.go,16,Select (number of branch),88,2
/Users/nicolasdilley/go/src/github.com/nicolasdilley/gocurrency_tool/projects-gocurrency/traefik++traefik/pkg/middlewares/retry/retry.go,2,Receive,89,
/Users/nicolasdilley/go/src/github.com/nicolasdilley/gocurrency_tool/projects-gocurrency/traefik++traefik/pkg/middlewares/retry/retry.go,2,Receive,120,
/Users/nicolasdilley/go/src/github.com/nicolasdilley/gocurrency_tool/projects-gocurrency/traefik++traefik/pkg/pilot/pilot_test.go,4,Synchronous chan,22,
/Users/nicolasdilley/go/src/github.com/nicolasdilley/gocurrency_tool/projects-gocurrency/traefik++traefik/pkg/pilot/pilot_test.go,3,Send,47,
/Users/nicolasdilley/go/src/github.com/nicolasdilley/gocurrency_tool/projects-gocurrency/traefik++traefik/pkg/pilot/pilot_test.go,1,Goroutine,57,
/Users/nicolasdilley/go/src/github.com/nicolasdilley/gocurrency_tool/projects-gocurrency/traefik++traefik/pkg/pilot/pilot_test.go,16,Select (number of branch),62,2
/Users/nicolasdilley/go/src/github.com/nicolasdilley/gocurrency_tool/projects-gocurrency/traefik++traefik/pkg/pilot/pilot_test.go,2,Receive,63,
/Users/nicolasdilley/go/src/github.com/nicolasdilley/gocurrency_tool/projects-gocurrency/traefik++traefik/pkg/pilot/pilot_test.go,2,Receive,65,
/Users/nicolasdilley/go/src/github.com/nicolasdilley/gocurrency_tool/projects-gocurrency/traefik++traefik/pkg/pilot/pilot.go,3,Send,78,
/Users/nicolasdilley/go/src/github.com/nicolasdilley/gocurrency_tool/projects-gocurrency/traefik++traefik/pkg/pilot/pilot.go,16,Select (number of branch),107,4
/Users/nicolasdilley/go/src/github.com/nicolasdilley/gocurrency_tool/projects-gocurrency/traefik++traefik/pkg/pilot/pilot.go,2,Receive,108,
/Users/nicolasdilley/go/src/github.com/nicolasdilley/gocurrency_tool/projects-gocurrency/traefik++traefik/pkg/pilot/pilot.go,2,Receive,116,
/Users/nicolasdilley/go/src/github.com/nicolasdilley/gocurrency_tool/projects-gocurrency/traefik++traefik/pkg/pilot/pilot.go,2,Receive,122,
/Users/nicolasdilley/go/src/github.com/nicolasdilley/gocurrency_tool/projects-gocurrency/traefik++traefik/pkg/pilot/pilot.go,2,Receive,124,
/Users/nicolasdilley/go/src/github.com/nicolasdilley/gocurrency_tool/projects-gocurrency/traefik++traefik/pkg/log/deprecated.go,1,Goroutine,106,
/Users/nicolasdilley/go/src/github.com/nicolasdilley/gocurrency_tool/projects-gocurrency/traefik++traefik/pkg/tcp/proxy.go,4,Synchronous chan,64,
/Users/nicolasdilley/go/src/github.com/nicolasdilley/gocurrency_tool/projects-gocurrency/traefik++traefik/pkg/tcp/proxy.go,1,Goroutine,74,
/Users/nicolasdilley/go/src/github.com/nicolasdilley/gocurrency_tool/projects-gocurrency/traefik++traefik/pkg/tcp/proxy.go,1,Goroutine,75,
/Users/nicolasdilley/go/src/github.com/nicolasdilley/gocurrency_tool/projects-gocurrency/traefik++traefik/pkg/tcp/proxy.go,2,Receive,77,
/Users/nicolasdilley/go/src/github.com/nicolasdilley/gocurrency_tool/projects-gocurrency/traefik++traefik/pkg/tcp/proxy.go,2,Receive,82,
/Users/nicolasdilley/go/src/github.com/nicolasdilley/gocurrency_tool/projects-gocurrency/traefik++traefik/pkg/tcp/proxy.go,22,chan used as a param,98,
/Users/nicolasdilley/go/src/github.com/nicolasdilley/gocurrency_tool/projects-gocurrency/traefik++traefik/pkg/tcp/proxy.go,3,Send,100,
/Users/nicolasdilley/go/src/github.com/nicolasdilley/gocurrency_tool/projects-gocurrency/traefik++traefik/pkg/tcp/proxy_test.go,1,Goroutine,53,
/Users/nicolasdilley/go/src/github.com/nicolasdilley/gocurrency_tool/projects-gocurrency/traefik++traefik/pkg/tcp/proxy_test.go,1,Goroutine,63,
/Users/nicolasdilley/go/src/github.com/nicolasdilley/gocurrency_tool/projects-gocurrency/traefik++traefik/pkg/tcp/proxy_test.go,1,Goroutine,131,
/Users/nicolasdilley/go/src/github.com/nicolasdilley/gocurrency_tool/projects-gocurrency/traefik++traefik/pkg/tcp/proxy_test.go,1,Goroutine,142,
/Users/nicolasdilley/go/src/github.com/nicolasdilley/gocurrency_tool/projects-gocurrency/traefik++traefik/integration/fake_dns_server.go,1,Goroutine,111,
/Users/nicolasdilley/go/src/github.com/nicolasdilley/gocurrency_tool/projects-gocurrency/traefik++traefik/integration/keepalive_test.go,4,Synchronous chan,33,
/Users/nicolasdilley/go/src/github.com/nicolasdilley/gocurrency_tool/projects-gocurrency/traefik++traefik/integration/keepalive_test.go,8,Known chan length (length),34,1
/Users/nicolasdilley/go/src/github.com/nicolasdilley/gocurrency_tool/projects-gocurrency/traefik++traefik/integration/keepalive_test.go,8,Known chan length (length),35,1
/Users/nicolasdilley/go/src/github.com/nicolasdilley/gocurrency_tool/projects-gocurrency/traefik++traefik/integration/keepalive_test.go,1,Goroutine,38,
/Users/nicolasdilley/go/src/github.com/nicolasdilley/gocurrency_tool/projects-gocurrency/traefik++traefik/integration/keepalive_test.go,16,Select (number of branch),49,3
/Users/nicolasdilley/go/src/github.com/nicolasdilley/gocurrency_tool/projects-gocurrency/traefik++traefik/integration/keepalive_test.go,2,Receive,50,
/Users/nicolasdilley/go/src/github.com/nicolasdilley/gocurrency_tool/projects-gocurrency/traefik++traefik/integration/keepalive_test.go,2,Receive,59,
/Users/nicolasdilley/go/src/github.com/nicolasdilley/gocurrency_tool/projects-gocurrency/traefik++traefik/integration/keepalive_test.go,2,Receive,61,
/Users/nicolasdilley/go/src/github.com/nicolasdilley/gocurrency_tool/projects-gocurrency/traefik++traefik/integration/keepalive_test.go,15,Close chan,64,
/Users/nicolasdilley/go/src/github.com/nicolasdilley/gocurrency_tool/projects-gocurrency/traefik++traefik/integration/keepalive_test.go,15,Close chan,76,
/Users/nicolasdilley/go/src/github.com/nicolasdilley/gocurrency_tool/projects-gocurrency/traefik++traefik/integration/keepalive_test.go,3,Send,84,
/Users/nicolasdilley/go/src/github.com/nicolasdilley/gocurrency_tool/projects-gocurrency/traefik++traefik/integration/keepalive_test.go,15,Close chan,107,
/Users/nicolasdilley/go/src/github.com/nicolasdilley/gocurrency_tool/projects-gocurrency/traefik++traefik/integration/keepalive_test.go,2,Receive,108,
/Users/nicolasdilley/go/src/github.com/nicolasdilley/gocurrency_tool/projects-gocurrency/traefik++traefik/integration/udp_test.go,4,Synchronous chan,81,
/Users/nicolasdilley/go/src/github.com/nicolasdilley/gocurrency_tool/projects-gocurrency/traefik++traefik/integration/udp_test.go,1,Goroutine,82,
/Users/nicolasdilley/go/src/github.com/nicolasdilley/gocurrency_tool/projects-gocurrency/traefik++traefik/integration/udp_test.go,15,Close chan,99,
/Users/nicolasdilley/go/src/github.com/nicolasdilley/gocurrency_tool/projects-gocurrency/traefik++traefik/integration/udp_test.go,16,Select (number of branch),102,2
/Users/nicolasdilley/go/src/github.com/nicolasdilley/gocurrency_tool/projects-gocurrency/traefik++traefik/integration/udp_test.go,2,Receive,103,
/Users/nicolasdilley/go/src/github.com/nicolasdilley/gocurrency_tool/projects-gocurrency/traefik++traefik/integration/udp_test.go,2,Receive,104,
/Users/nicolasdilley/go/src/github.com/nicolasdilley/gocurrency_tool/projects-gocurrency/traefik++traefik/integration/grpc_test.go,2,Receive,57,
/Users/nicolasdilley/go/src/github.com/nicolasdilley/gocurrency_tool/projects-gocurrency/traefik++traefik/integration/grpc_test.go,1,Goroutine,145,
/Users/nicolasdilley/go/src/github.com/nicolasdilley/gocurrency_tool/projects-gocurrency/traefik++traefik/integration/grpc_test.go,1,Goroutine,188,
/Users/nicolasdilley/go/src/github.com/nicolasdilley/gocurrency_tool/projects-gocurrency/traefik++traefik/integration/grpc_test.go,1,Goroutine,227,
/Users/nicolasdilley/go/src/github.com/nicolasdilley/gocurrency_tool/projects-gocurrency/traefik++traefik/integration/grpc_test.go,1,Goroutine,270,
/Users/nicolasdilley/go/src/github.com/nicolasdilley/gocurrency_tool/projects-gocurrency/traefik++traefik/integration/grpc_test.go,4,Synchronous chan,308,
/Users/nicolasdilley/go/src/github.com/nicolasdilley/gocurrency_tool/projects-gocurrency/traefik++traefik/integration/grpc_test.go,3,Send,309,
/Users/nicolasdilley/go/src/github.com/nicolasdilley/gocurrency_tool/projects-gocurrency/traefik++traefik/integration/grpc_test.go,1,Goroutine,315,
/Users/nicolasdilley/go/src/github.com/nicolasdilley/gocurrency_tool/projects-gocurrency/traefik++traefik/integration/grpc_test.go,4,Synchronous chan,349,
/Users/nicolasdilley/go/src/github.com/nicolasdilley/gocurrency_tool/projects-gocurrency/traefik++traefik/integration/grpc_test.go,1,Goroutine,350,
/Users/nicolasdilley/go/src/github.com/nicolasdilley/gocurrency_tool/projects-gocurrency/traefik++traefik/integration/grpc_test.go,3,Send,354,
/Users/nicolasdilley/go/src/github.com/nicolasdilley/gocurrency_tool/projects-gocurrency/traefik++traefik/integration/grpc_test.go,17,Select with default (number of branch),358,2
/Users/nicolasdilley/go/src/github.com/nicolasdilley/gocurrency_tool/projects-gocurrency/traefik++traefik/integration/grpc_test.go,2,Receive,359,
/Users/nicolasdilley/go/src/github.com/nicolasdilley/gocurrency_tool/projects-gocurrency/traefik++traefik/integration/grpc_test.go,4,Synchronous chan,369,
/Users/nicolasdilley/go/src/github.com/nicolasdilley/gocurrency_tool/projects-gocurrency/traefik++traefik/integration/grpc_test.go,1,Goroutine,375,
/Users/nicolasdilley/go/src/github.com/nicolasdilley/gocurrency_tool/projects-gocurrency/traefik++traefik/integration/grpc_test.go,3,Send,408,
/Users/nicolasdilley/go/src/github.com/nicolasdilley/gocurrency_tool/projects-gocurrency/traefik++traefik/integration/grpc_test.go,4,Synchronous chan,412,
/Users/nicolasdilley/go/src/github.com/nicolasdilley/gocurrency_tool/projects-gocurrency/traefik++traefik/integration/grpc_test.go,1,Goroutine,413,
/Users/nicolasdilley/go/src/github.com/nicolasdilley/gocurrency_tool/projects-gocurrency/traefik++traefik/integration/grpc_test.go,3,Send,417,
/Users/nicolasdilley/go/src/github.com/nicolasdilley/gocurrency_tool/projects-gocurrency/traefik++traefik/integration/grpc_test.go,17,Select with default (number of branch),421,2
/Users/nicolasdilley/go/src/github.com/nicolasdilley/gocurrency_tool/projects-gocurrency/traefik++traefik/integration/grpc_test.go,2,Receive,422,
/Users/nicolasdilley/go/src/github.com/nicolasdilley/gocurrency_tool/projects-gocurrency/traefik++traefik/integration/grpc_test.go,1,Goroutine,437,
/Users/nicolasdilley/go/src/github.com/nicolasdilley/gocurrency_tool/projects-gocurrency/traefik++traefik/integration/simple_test.go,4,Synchronous chan,146,
/Users/nicolasdilley/go/src/github.com/nicolasdilley/gocurrency_tool/projects-gocurrency/traefik++traefik/integration/simple_test.go,1,Goroutine,147,
/Users/nicolasdilley/go/src/github.com/nicolasdilley/gocurrency_tool/projects-gocurrency/traefik++traefik/integration/simple_test.go,3,Send,148,
/Users/nicolasdilley/go/src/github.com/nicolasdilley/gocurrency_tool/projects-gocurrency/traefik++traefik/integration/simple_test.go,16,Select (number of branch),151,2
/Users/nicolasdilley/go/src/github.com/nicolasdilley/gocurrency_tool/projects-gocurrency/traefik++traefik/integration/simple_test.go,2,Receive,152,
/Users/nicolasdilley/go/src/github.com/nicolasdilley/gocurrency_tool/projects-gocurrency/traefik++traefik/integration/simple_test.go,2,Receive,154,
/Users/nicolasdilley/go/src/github.com/nicolasdilley/gocurrency_tool/projects-gocurrency/traefik++traefik/pkg/plugins/providers.go,21,Send only chan (chan<-),36,
/Users/nicolasdilley/go/src/github.com/nicolasdilley/gocurrency_tool/projects-gocurrency/traefik++traefik/pkg/plugins/providers.go,21,Send only chan (chan<-),147,
/Users/nicolasdilley/go/src/github.com/nicolasdilley/gocurrency_tool/projects-gocurrency/traefik++traefik/pkg/plugins/providers.go,4,Synchronous chan,154,
/Users/nicolasdilley/go/src/github.com/nicolasdilley/gocurrency_tool/projects-gocurrency/traefik++traefik/pkg/plugins/providers.go,16,Select (number of branch),165,2
/Users/nicolasdilley/go/src/github.com/nicolasdilley/gocurrency_tool/projects-gocurrency/traefik++traefik/pkg/plugins/providers.go,2,Receive,166,
/Users/nicolasdilley/go/src/github.com/nicolasdilley/gocurrency_tool/projects-gocurrency/traefik++traefik/pkg/plugins/providers.go,2,Receive,174,
/Users/nicolasdilley/go/src/github.com/nicolasdilley/gocurrency_tool/projects-gocurrency/traefik++traefik/pkg/plugins/providers.go,3,Send,188,
/Users/nicolasdilley/go/src/github.com/nicolasdilley/gocurrency_tool/projects-gocurrency/traefik++traefik/pkg/provider/file/file_test.go,4,Synchronous chan,81,
/Users/nicolasdilley/go/src/github.com/nicolasdilley/gocurrency_tool/projects-gocurrency/traefik++traefik/pkg/provider/file/file_test.go,4,Synchronous chan,82,
/Users/nicolasdilley/go/src/github.com/nicolasdilley/gocurrency_tool/projects-gocurrency/traefik++traefik/pkg/provider/file/file_test.go,1,Goroutine,83,
/Users/nicolasdilley/go/src/github.com/nicolasdilley/gocurrency_tool/projects-gocurrency/traefik++traefik/pkg/provider/file/file_test.go,15,Close chan,86,
/Users/nicolasdilley/go/src/github.com/nicolasdilley/gocurrency_tool/projects-gocurrency/traefik++traefik/pkg/provider/file/file_test.go,16,Select (number of branch),90,3
/Users/nicolasdilley/go/src/github.com/nicolasdilley/gocurrency_tool/projects-gocurrency/traefik++traefik/pkg/provider/file/file_test.go,2,Receive,91,
/Users/nicolasdilley/go/src/github.com/nicolasdilley/gocurrency_tool/projects-gocurrency/traefik++traefik/pkg/provider/file/file_test.go,2,Receive,93,
/Users/nicolasdilley/go/src/github.com/nicolasdilley/gocurrency_tool/projects-gocurrency/traefik++traefik/pkg/provider/file/file_test.go,2,Receive,95,
/Users/nicolasdilley/go/src/github.com/nicolasdilley/gocurrency_tool/projects-gocurrency/traefik++traefik/pkg/provider/file/file_test.go,4,Synchronous chan,103,
/Users/nicolasdilley/go/src/github.com/nicolasdilley/gocurrency_tool/projects-gocurrency/traefik++traefik/pkg/provider/file/file_test.go,1,Goroutine,107,
/Users/nicolasdilley/go/src/github.com/nicolasdilley/gocurrency_tool/projects-gocurrency/traefik++traefik/pkg/provider/file/file_test.go,16,Select (number of branch),113,2
/Users/nicolasdilley/go/src/github.com/nicolasdilley/gocurrency_tool/projects-gocurrency/traefik++traefik/pkg/provider/file/file_test.go,2,Receive,114,
/Users/nicolasdilley/go/src/github.com/nicolasdilley/gocurrency_tool/projects-gocurrency/traefik++traefik/pkg/provider/file/file_test.go,2,Receive,124,
/Users/nicolasdilley/go/src/github.com/nicolasdilley/gocurrency_tool/projects-gocurrency/traefik++traefik/pkg/provider/file/file_test.go,4,Synchronous chan,135,
/Users/nicolasdilley/go/src/github.com/nicolasdilley/gocurrency_tool/projects-gocurrency/traefik++traefik/pkg/provider/file/file_test.go,1,Goroutine,137,
/Users/nicolasdilley/go/src/github.com/nicolasdilley/gocurrency_tool/projects-gocurrency/traefik++traefik/pkg/provider/file/file_test.go,16,Select (number of branch),143,2
/Users/nicolasdilley/go/src/github.com/nicolasdilley/gocurrency_tool/projects-gocurrency/traefik++traefik/pkg/provider/file/file_test.go,2,Receive,144,
/Users/nicolasdilley/go/src/github.com/nicolasdilley/gocurrency_tool/projects-gocurrency/traefik++traefik/pkg/provider/file/file_test.go,2,Receive,152,
/Users/nicolasdilley/go/src/github.com/nicolasdilley/gocurrency_tool/projects-gocurrency/traefik++traefik/pkg/provider/file/file_test.go,16,Select (number of branch),171,2
/Users/nicolasdilley/go/src/github.com/nicolasdilley/gocurrency_tool/projects-gocurrency/traefik++traefik/pkg/provider/file/file_test.go,2,Receive,172,
/Users/nicolasdilley/go/src/github.com/nicolasdilley/gocurrency_tool/projects-gocurrency/traefik++traefik/pkg/provider/file/file_test.go,2,Receive,182,
/Users/nicolasdilley/go/src/github.com/nicolasdilley/gocurrency_tool/projects-gocurrency/traefik++traefik/pkg/provider/file/file.go,21,Send only chan (chan<-),48,
/Users/nicolasdilley/go/src/github.com/nicolasdilley/gocurrency_tool/projects-gocurrency/traefik++traefik/pkg/provider/file/file.go,21,Send only chan (chan<-),91,
/Users/nicolasdilley/go/src/github.com/nicolasdilley/gocurrency_tool/projects-gocurrency/traefik++traefik/pkg/provider/file/file.go,16,Select (number of branch),106,3
/Users/nicolasdilley/go/src/github.com/nicolasdilley/gocurrency_tool/projects-gocurrency/traefik++traefik/pkg/provider/file/file.go,2,Receive,107,
/Users/nicolasdilley/go/src/github.com/nicolasdilley/gocurrency_tool/projects-gocurrency/traefik++traefik/pkg/provider/file/file.go,2,Receive,109,
/Users/nicolasdilley/go/src/github.com/nicolasdilley/gocurrency_tool/projects-gocurrency/traefik++traefik/pkg/provider/file/file.go,2,Receive,119,
/Users/nicolasdilley/go/src/github.com/nicolasdilley/gocurrency_tool/projects-gocurrency/traefik++traefik/pkg/provider/file/file.go,21,Send only chan (chan<-),127,
/Users/nicolasdilley/go/src/github.com/nicolasdilley/gocurrency_tool/projects-gocurrency/traefik++traefik/pkg/provider/file/file.go,21,Send only chan (chan<-),149,
/Users/nicolasdilley/go/src/github.com/nicolasdilley/gocurrency_tool/projects-gocurrency/traefik++traefik/pkg/provider/file/file.go,3,Send,150,
/Users/nicolasdilley/go/src/github.com/nicolasdilley/gocurrency_tool/projects-gocurrency/traefik++traefik/pkg/provider/aggregator/aggregator_test.go,4,Synchronous chan,25,
/Users/nicolasdilley/go/src/github.com/nicolasdilley/gocurrency_tool/projects-gocurrency/traefik++traefik/pkg/provider/aggregator/aggregator_test.go,4,Synchronous chan,26,
/Users/nicolasdilley/go/src/github.com/nicolasdilley/gocurrency_tool/projects-gocurrency/traefik++traefik/pkg/provider/aggregator/aggregator_test.go,1,Goroutine,31,
/Users/nicolasdilley/go/src/github.com/nicolasdilley/gocurrency_tool/projects-gocurrency/traefik++traefik/pkg/provider/aggregator/aggregator_test.go,3,Send,32,
/Users/nicolasdilley/go/src/github.com/nicolasdilley/gocurrency_tool/projects-gocurrency/traefik++traefik/pkg/provider/aggregator/aggregator_test.go,2,Receive,41,
/Users/nicolasdilley/go/src/github.com/nicolasdilley/gocurrency_tool/projects-gocurrency/traefik++traefik/pkg/provider/aggregator/aggregator_test.go,20,Receive only chan (<-chan),46,
/Users/nicolasdilley/go/src/github.com/nicolasdilley/gocurrency_tool/projects-gocurrency/traefik++traefik/pkg/provider/aggregator/aggregator_test.go,16,Select (number of branch),53,2
/Users/nicolasdilley/go/src/github.com/nicolasdilley/gocurrency_tool/projects-gocurrency/traefik++traefik/pkg/provider/aggregator/aggregator_test.go,2,Receive,54,
/Users/nicolasdilley/go/src/github.com/nicolasdilley/gocurrency_tool/projects-gocurrency/traefik++traefik/pkg/provider/aggregator/aggregator_test.go,2,Receive,56,
/Users/nicolasdilley/go/src/github.com/nicolasdilley/gocurrency_tool/projects-gocurrency/traefik++traefik/pkg/provider/aggregator/aggregator_test.go,21,Send only chan (chan<-),72,
/Users/nicolasdilley/go/src/github.com/nicolasdilley/gocurrency_tool/projects-gocurrency/traefik++traefik/pkg/provider/aggregator/aggregator_test.go,3,Send,73,
/Users/nicolasdilley/go/src/github.com/nicolasdilley/gocurrency_tool/projects-gocurrency/traefik++traefik/pkg/provider/aggregator/aggregator.go,21,Send only chan (chan<-),121,
/Users/nicolasdilley/go/src/github.com/nicolasdilley/gocurrency_tool/projects-gocurrency/traefik++traefik/pkg/provider/aggregator/aggregator.go,21,Send only chan (chan<-),142,
/Users/nicolasdilley/go/src/github.com/nicolasdilley/gocurrency_tool/projects-gocurrency/traefik++traefik/pkg/provider/kubernetes/gateway/client_mock_test.go,20,Receive only chan (<-chan),207,
/Users/nicolasdilley/go/src/github.com/nicolasdilley/gocurrency_tool/projects-gocurrency/traefik++traefik/pkg/provider/kubernetes/gateway/client.go,20,Receive only chan (<-chan),155,
/Users/nicolasdilley/go/src/github.com/nicolasdilley/gocurrency_tool/projects-gocurrency/traefik++traefik/pkg/provider/kubernetes/gateway/client.go,8,Known chan length (length),156,1
/Users/nicolasdilley/go/src/github.com/nicolasdilley/gocurrency_tool/projects-gocurrency/traefik++traefik/pkg/provider/kubernetes/gateway/client.go,21,Send only chan (chan<-),453,
/Users/nicolasdilley/go/src/github.com/nicolasdilley/gocurrency_tool/projects-gocurrency/traefik++traefik/pkg/provider/kubernetes/gateway/client.go,17,Select with default (number of branch),454,2
/Users/nicolasdilley/go/src/github.com/nicolasdilley/gocurrency_tool/projects-gocurrency/traefik++traefik/pkg/provider/kubernetes/gateway/client.go,3,Send,455,
/Users/nicolasdilley/go/src/github.com/nicolasdilley/gocurrency_tool/projects-gocurrency/traefik++traefik/pkg/provider/kubernetes/gateway/kubernetes.go,21,Send only chan (chan<-),104,
/Users/nicolasdilley/go/src/github.com/nicolasdilley/gocurrency_tool/projects-gocurrency/traefik++traefik/pkg/provider/kubernetes/gateway/kubernetes.go,16,Select (number of branch),119,2
/Users/nicolasdilley/go/src/github.com/nicolasdilley/gocurrency_tool/projects-gocurrency/traefik++traefik/pkg/provider/kubernetes/gateway/kubernetes.go,2,Receive,120,
/Users/nicolasdilley/go/src/github.com/nicolasdilley/gocurrency_tool/projects-gocurrency/traefik++traefik/pkg/provider/kubernetes/gateway/kubernetes.go,2,Receive,122,
/Users/nicolasdilley/go/src/github.com/nicolasdilley/gocurrency_tool/projects-gocurrency/traefik++traefik/pkg/provider/kubernetes/gateway/kubernetes.go,16,Select (number of branch),134,2
/Users/nicolasdilley/go/src/github.com/nicolasdilley/gocurrency_tool/projects-gocurrency/traefik++traefik/pkg/provider/kubernetes/gateway/kubernetes.go,2,Receive,135,
/Users/nicolasdilley/go/src/github.com/nicolasdilley/gocurrency_tool/projects-gocurrency/traefik++traefik/pkg/provider/kubernetes/gateway/kubernetes.go,2,Receive,137,
/Users/nicolasdilley/go/src/github.com/nicolasdilley/gocurrency_tool/projects-gocurrency/traefik++traefik/pkg/provider/kubernetes/gateway/kubernetes.go,3,Send,151,
/Users/nicolasdilley/go/src/github.com/nicolasdilley/gocurrency_tool/projects-gocurrency/traefik++traefik/pkg/provider/kubernetes/gateway/kubernetes.go,20,Receive only chan (<-chan),1389,
/Users/nicolasdilley/go/src/github.com/nicolasdilley/gocurrency_tool/projects-gocurrency/traefik++traefik/pkg/provider/kubernetes/gateway/kubernetes.go,8,Known chan length (length),1394,1
/Users/nicolasdilley/go/src/github.com/nicolasdilley/gocurrency_tool/projects-gocurrency/traefik++traefik/pkg/provider/kubernetes/gateway/kubernetes.go,16,Select (number of branch),1401,2
/Users/nicolasdilley/go/src/github.com/nicolasdilley/gocurrency_tool/projects-gocurrency/traefik++traefik/pkg/provider/kubernetes/gateway/kubernetes.go,2,Receive,1402,
/Users/nicolasdilley/go/src/github.com/nicolasdilley/gocurrency_tool/projects-gocurrency/traefik++traefik/pkg/provider/kubernetes/gateway/kubernetes.go,2,Receive,1404,
/Users/nicolasdilley/go/src/github.com/nicolasdilley/gocurrency_tool/projects-gocurrency/traefik++traefik/pkg/provider/kubernetes/gateway/kubernetes.go,17,Select with default (number of branch),1405,2
/Users/nicolasdilley/go/src/github.com/nicolasdilley/gocurrency_tool/projects-gocurrency/traefik++traefik/pkg/provider/kubernetes/gateway/kubernetes.go,3,Send,1406,
/Users/nicolasdilley/go/src/github.com/nicolasdilley/gocurrency_tool/projects-gocurrency/traefik++traefik/pkg/middlewares/accesslog/logger.go,9,Unknown chan length,86,
/Users/nicolasdilley/go/src/github.com/nicolasdilley/gocurrency_tool/projects-gocurrency/traefik++traefik/pkg/middlewares/accesslog/logger.go,1,Goroutine,135,
/Users/nicolasdilley/go/src/github.com/nicolasdilley/gocurrency_tool/projects-gocurrency/traefik++traefik/pkg/middlewares/accesslog/logger.go,3,Send,243,
/Users/nicolasdilley/go/src/github.com/nicolasdilley/gocurrency_tool/projects-gocurrency/traefik++traefik/pkg/middlewares/accesslog/logger_test.go,4,Synchronous chan,61,
/Users/nicolasdilley/go/src/github.com/nicolasdilley/gocurrency_tool/projects-gocurrency/traefik++traefik/pkg/middlewares/accesslog/logger_test.go,4,Synchronous chan,62,
/Users/nicolasdilley/go/src/github.com/nicolasdilley/gocurrency_tool/projects-gocurrency/traefik++traefik/pkg/middlewares/accesslog/logger_test.go,1,Goroutine,63,
/Users/nicolasdilley/go/src/github.com/nicolasdilley/gocurrency_tool/projects-gocurrency/traefik++traefik/pkg/middlewares/accesslog/logger_test.go,3,Send,67,
/Users/nicolasdilley/go/src/github.com/nicolasdilley/gocurrency_tool/projects-gocurrency/traefik++traefik/pkg/middlewares/accesslog/logger_test.go,3,Send,70,
/Users/nicolasdilley/go/src/github.com/nicolasdilley/gocurrency_tool/projects-gocurrency/traefik++traefik/pkg/middlewares/accesslog/logger_test.go,2,Receive,73,
/Users/nicolasdilley/go/src/github.com/nicolasdilley/gocurrency_tool/projects-gocurrency/traefik++traefik/pkg/middlewares/accesslog/logger_test.go,16,Select (number of branch),84,2
/Users/nicolasdilley/go/src/github.com/nicolasdilley/gocurrency_tool/projects-gocurrency/traefik++traefik/pkg/middlewares/accesslog/logger_test.go,2,Receive,85,
/Users/nicolasdilley/go/src/github.com/nicolasdilley/gocurrency_tool/projects-gocurrency/traefik++traefik/pkg/middlewares/accesslog/logger_test.go,2,Receive,90,
/Users/nicolasdilley/go/src/github.com/nicolasdilley/gocurrency_tool/projects-gocurrency/traefik++traefik/pkg/middlewares/accesslog/logger_test.go,15,Close chan,94,
/Users/nicolasdilley/go/src/github.com/nicolasdilley/gocurrency_tool/projects-gocurrency/traefik++traefik/pkg/middlewares/accesslog/logger_test.go,15,Close chan,95,
/Users/nicolasdilley/go/src/github.com/nicolasdilley/gocurrency_tool/projects-gocurrency/traefik++traefik/pkg/middlewares/ratelimiter/rate_limiter_test.go,2,Receive,273,
/Users/nicolasdilley/go/src/github.com/nicolasdilley/gocurrency_tool/projects-gocurrency/traefik++traefik/integration/try/try.go,16,Select (number of branch),115,2
/Users/nicolasdilley/go/src/github.com/nicolasdilley/gocurrency_tool/projects-gocurrency/traefik++traefik/integration/try/try.go,2,Receive,116,
/Users/nicolasdilley/go/src/github.com/nicolasdilley/gocurrency_tool/projects-gocurrency/traefik++traefik/integration/try/try.go,2,Receive,119,
/Users/nicolasdilley/go/src/github.com/nicolasdilley/gocurrency_tool/projects-gocurrency/traefik++traefik/pkg/ping/ping.go,1,Goroutine,25,
/Users/nicolasdilley/go/src/github.com/nicolasdilley/gocurrency_tool/projects-gocurrency/traefik++traefik/pkg/ping/ping.go,2,Receive,26,
/Users/nicolasdilley/go/src/github.com/nicolasdilley/gocurrency_tool/projects-gocurrency/traefik++traefik/pkg/provider/rancher/rancher.go,21,Send only chan (chan<-),97,
/Users/nicolasdilley/go/src/github.com/nicolasdilley/gocurrency_tool/projects-gocurrency/traefik++traefik/pkg/provider/rancher/rancher.go,3,Send,121,
/Users/nicolasdilley/go/src/github.com/nicolasdilley/gocurrency_tool/projects-gocurrency/traefik++traefik/pkg/provider/rancher/rancher.go,16,Select (number of branch),159,2
/Users/nicolasdilley/go/src/github.com/nicolasdilley/gocurrency_tool/projects-gocurrency/traefik++traefik/pkg/provider/rancher/rancher.go,2,Receive,160,
/Users/nicolasdilley/go/src/github.com/nicolasdilley/gocurrency_tool/projects-gocurrency/traefik++traefik/pkg/provider/rancher/rancher.go,2,Receive,168,
/Users/nicolasdilley/go/src/github.com/nicolasdilley/gocurrency_tool/projects-gocurrency/traefik++traefik/pkg/server/server_signals.go,16,Select (number of branch),19,2
/Users/nicolasdilley/go/src/github.com/nicolasdilley/gocurrency_tool/projects-gocurrency/traefik++traefik/pkg/server/server_signals.go,2,Receive,20,
/Users/nicolasdilley/go/src/github.com/nicolasdilley/gocurrency_tool/projects-gocurrency/traefik++traefik/pkg/server/server_signals.go,2,Receive,22,
/Users/nicolasdilley/go/src/github.com/nicolasdilley/gocurrency_tool/projects-gocurrency/traefik++traefik/pkg/server/server_entrypoint_udp.go,5,Go in for,44,
/Users/nicolasdilley/go/src/github.com/nicolasdilley/gocurrency_tool/projects-gocurrency/traefik++traefik/pkg/server/server_entrypoint_udp.go,1,Goroutine,44,
/Users/nicolasdilley/go/src/github.com/nicolasdilley/gocurrency_tool/projects-gocurrency/traefik++traefik/pkg/server/server_entrypoint_udp.go,30,Waitgroup,50,
/Users/nicolasdilley/go/src/github.com/nicolasdilley/gocurrency_tool/projects-gocurrency/traefik++traefik/pkg/server/server_entrypoint_udp.go,5,Go in for,55,
/Users/nicolasdilley/go/src/github.com/nicolasdilley/gocurrency_tool/projects-gocurrency/traefik++traefik/pkg/server/server_entrypoint_udp.go,24,Waitgroup Add(const),53,&{68303530 INT 1} val is : 1
/Users/nicolasdilley/go/src/github.com/nicolasdilley/gocurrency_tool/projects-gocurrency/traefik++traefik/pkg/server/server_entrypoint_udp.go,1,Goroutine,55,
/Users/nicolasdilley/go/src/github.com/nicolasdilley/gocurrency_tool/projects-gocurrency/traefik++traefik/pkg/server/server_entrypoint_udp.go,26,Waitgroup Done(),56,
/Users/nicolasdilley/go/src/github.com/nicolasdilley/gocurrency_tool/projects-gocurrency/traefik++traefik/pkg/server/server_entrypoint_udp.go,31,Waitgroup Wait(),65,
/Users/nicolasdilley/go/src/github.com/nicolasdilley/gocurrency_tool/projects-gocurrency/traefik++traefik/pkg/server/server_entrypoint_udp.go,5,Go in for,111,
/Users/nicolasdilley/go/src/github.com/nicolasdilley/gocurrency_tool/projects-gocurrency/traefik++traefik/pkg/server/server_entrypoint_udp.go,1,Goroutine,111,
/Users/nicolasdilley/go/src/github.com/nicolasdilley/gocurrency_tool/projects-gocurrency/traefik++traefik/pkg/server/server_entrypoint_udp_test.go,1,Goroutine,30,
/Users/nicolasdilley/go/src/github.com/nicolasdilley/gocurrency_tool/projects-gocurrency/traefik++traefik/pkg/server/server_entrypoint_udp_test.go,4,Synchronous chan,54,
/Users/nicolasdilley/go/src/github.com/nicolasdilley/gocurrency_tool/projects-gocurrency/traefik++traefik/pkg/server/server_entrypoint_udp_test.go,1,Goroutine,55,
/Users/nicolasdilley/go/src/github.com/nicolasdilley/gocurrency_tool/projects-gocurrency/traefik++traefik/pkg/server/server_entrypoint_udp_test.go,15,Close chan,57,
/Users/nicolasdilley/go/src/github.com/nicolasdilley/gocurrency_tool/projects-gocurrency/traefik++traefik/pkg/server/server_entrypoint_udp_test.go,4,Synchronous chan,76,
/Users/nicolasdilley/go/src/github.com/nicolasdilley/gocurrency_tool/projects-gocurrency/traefik++traefik/pkg/server/server_entrypoint_udp_test.go,1,Goroutine,77,
/Users/nicolasdilley/go/src/github.com/nicolasdilley/gocurrency_tool/projects-gocurrency/traefik++traefik/pkg/server/server_entrypoint_udp_test.go,15,Close chan,78,
/Users/nicolasdilley/go/src/github.com/nicolasdilley/gocurrency_tool/projects-gocurrency/traefik++traefik/pkg/server/server_entrypoint_udp_test.go,16,Select (number of branch),87,2
/Users/nicolasdilley/go/src/github.com/nicolasdilley/gocurrency_tool/projects-gocurrency/traefik++traefik/pkg/server/server_entrypoint_udp_test.go,2,Receive,88,
/Users/nicolasdilley/go/src/github.com/nicolasdilley/gocurrency_tool/projects-gocurrency/traefik++traefik/pkg/server/server_entrypoint_udp_test.go,2,Receive,89,
/Users/nicolasdilley/go/src/github.com/nicolasdilley/gocurrency_tool/projects-gocurrency/traefik++traefik/pkg/server/server_entrypoint_udp_test.go,16,Select (number of branch),96,2
/Users/nicolasdilley/go/src/github.com/nicolasdilley/gocurrency_tool/projects-gocurrency/traefik++traefik/pkg/server/server_entrypoint_udp_test.go,2,Receive,97,
/Users/nicolasdilley/go/src/github.com/nicolasdilley/gocurrency_tool/projects-gocurrency/traefik++traefik/pkg/server/server_entrypoint_udp_test.go,2,Receive,98,
/Users/nicolasdilley/go/src/github.com/nicolasdilley/gocurrency_tool/projects-gocurrency/traefik++traefik/pkg/server/server_entrypoint_udp_test.go,4,Synchronous chan,114,
/Users/nicolasdilley/go/src/github.com/nicolasdilley/gocurrency_tool/projects-gocurrency/traefik++traefik/pkg/server/server_entrypoint_udp_test.go,1,Goroutine,115,
/Users/nicolasdilley/go/src/github.com/nicolasdilley/gocurrency_tool/projects-gocurrency/traefik++traefik/pkg/server/server_entrypoint_udp_test.go,15,Close chan,120,
/Users/nicolasdilley/go/src/github.com/nicolasdilley/gocurrency_tool/projects-gocurrency/traefik++traefik/pkg/server/server_entrypoint_udp_test.go,16,Select (number of branch),123,2
/Users/nicolasdilley/go/src/github.com/nicolasdilley/gocurrency_tool/projects-gocurrency/traefik++traefik/pkg/server/server_entrypoint_udp_test.go,2,Receive,124,
/Users/nicolasdilley/go/src/github.com/nicolasdilley/gocurrency_tool/projects-gocurrency/traefik++traefik/pkg/server/server_entrypoint_udp_test.go,2,Receive,125,
/Users/nicolasdilley/go/src/github.com/nicolasdilley/gocurrency_tool/projects-gocurrency/traefik++traefik/pkg/server/server.go,8,Known chan length (length),40,1
/Users/nicolasdilley/go/src/github.com/nicolasdilley/gocurrency_tool/projects-gocurrency/traefik++traefik/pkg/server/server.go,8,Known chan length (length),41,1
/Users/nicolasdilley/go/src/github.com/nicolasdilley/gocurrency_tool/projects-gocurrency/traefik++traefik/pkg/server/server.go,1,Goroutine,53,
/Users/nicolasdilley/go/src/github.com/nicolasdilley/gocurrency_tool/projects-gocurrency/traefik++traefik/pkg/server/server.go,2,Receive,54,
/Users/nicolasdilley/go/src/github.com/nicolasdilley/gocurrency_tool/projects-gocurrency/traefik++traefik/pkg/server/server.go,2,Receive,70,
/Users/nicolasdilley/go/src/github.com/nicolasdilley/gocurrency_tool/projects-gocurrency/traefik++traefik/pkg/server/server.go,3,Send,80,
/Users/nicolasdilley/go/src/github.com/nicolasdilley/gocurrency_tool/projects-gocurrency/traefik++traefik/pkg/server/server.go,1,Goroutine,87,
/Users/nicolasdilley/go/src/github.com/nicolasdilley/gocurrency_tool/projects-gocurrency/traefik++traefik/pkg/server/server.go,2,Receive,88,
/Users/nicolasdilley/go/src/github.com/nicolasdilley/gocurrency_tool/projects-gocurrency/traefik++traefik/pkg/server/configurationwatcher_test.go,21,Send only chan (chan<-),22,
/Users/nicolasdilley/go/src/github.com/nicolasdilley/gocurrency_tool/projects-gocurrency/traefik++traefik/pkg/server/configurationwatcher_test.go,3,Send,24,
/Users/nicolasdilley/go/src/github.com/nicolasdilley/gocurrency_tool/projects-gocurrency/traefik++traefik/pkg/server/configurationwatcher_test.go,4,Synchronous chan,60,
/Users/nicolasdilley/go/src/github.com/nicolasdilley/gocurrency_tool/projects-gocurrency/traefik++traefik/pkg/server/configurationwatcher_test.go,15,Close chan,96,
/Users/nicolasdilley/go/src/github.com/nicolasdilley/gocurrency_tool/projects-gocurrency/traefik++traefik/pkg/server/configurationwatcher_test.go,2,Receive,100,
/Users/nicolasdilley/go/src/github.com/nicolasdilley/gocurrency_tool/projects-gocurrency/traefik++traefik/pkg/server/server_entrypoint_tcp_http3_test.go,1,Goroutine,86,
/Users/nicolasdilley/go/src/github.com/nicolasdilley/gocurrency_tool/projects-gocurrency/traefik++traefik/pkg/server/configurationwatcher.go,8,Known chan length (length),48,100
/Users/nicolasdilley/go/src/github.com/nicolasdilley/gocurrency_tool/projects-gocurrency/traefik++traefik/pkg/server/configurationwatcher.go,8,Known chan length (length),49,100
/Users/nicolasdilley/go/src/github.com/nicolasdilley/gocurrency_tool/projects-gocurrency/traefik++traefik/pkg/server/configurationwatcher.go,16,Select (number of branch),108,2
/Users/nicolasdilley/go/src/github.com/nicolasdilley/gocurrency_tool/projects-gocurrency/traefik++traefik/pkg/server/configurationwatcher.go,2,Receive,109,
/Users/nicolasdilley/go/src/github.com/nicolasdilley/gocurrency_tool/projects-gocurrency/traefik++traefik/pkg/server/configurationwatcher.go,2,Receive,111,
/Users/nicolasdilley/go/src/github.com/nicolasdilley/gocurrency_tool/projects-gocurrency/traefik++traefik/pkg/server/configurationwatcher.go,16,Select (number of branch),129,2
/Users/nicolasdilley/go/src/github.com/nicolasdilley/gocurrency_tool/projects-gocurrency/traefik++traefik/pkg/server/configurationwatcher.go,2,Receive,130,
/Users/nicolasdilley/go/src/github.com/nicolasdilley/gocurrency_tool/projects-gocurrency/traefik++traefik/pkg/server/configurationwatcher.go,2,Receive,132,
/Users/nicolasdilley/go/src/github.com/nicolasdilley/gocurrency_tool/projects-gocurrency/traefik++traefik/pkg/server/configurationwatcher.go,4,Synchronous chan,208,
/Users/nicolasdilley/go/src/github.com/nicolasdilley/gocurrency_tool/projects-gocurrency/traefik++traefik/pkg/server/configurationwatcher.go,3,Send,215,
/Users/nicolasdilley/go/src/github.com/nicolasdilley/gocurrency_tool/projects-gocurrency/traefik++traefik/pkg/server/configurationwatcher.go,21,Send only chan (chan<-),222,
/Users/nicolasdilley/go/src/github.com/nicolasdilley/gocurrency_tool/projects-gocurrency/traefik++traefik/pkg/server/configurationwatcher.go,20,Receive only chan (<-chan),222,
/Users/nicolasdilley/go/src/github.com/nicolasdilley/gocurrency_tool/projects-gocurrency/traefik++traefik/pkg/server/configurationwatcher.go,16,Select (number of branch),228,2
/Users/nicolasdilley/go/src/github.com/nicolasdilley/gocurrency_tool/projects-gocurrency/traefik++traefik/pkg/server/configurationwatcher.go,2,Receive,229,
/Users/nicolasdilley/go/src/github.com/nicolasdilley/gocurrency_tool/projects-gocurrency/traefik++traefik/pkg/server/configurationwatcher.go,2,Receive,231,
/Users/nicolasdilley/go/src/github.com/nicolasdilley/gocurrency_tool/projects-gocurrency/traefik++traefik/pkg/server/configurationwatcher.go,3,Send,233,
/Users/nicolasdilley/go/src/github.com/nicolasdilley/gocurrency_tool/projects-gocurrency/traefik++traefik/pkg/server/configurationwatcher.go,16,Select (number of branch),242,2
/Users/nicolasdilley/go/src/github.com/nicolasdilley/gocurrency_tool/projects-gocurrency/traefik++traefik/pkg/server/configurationwatcher.go,2,Receive,243,
/Users/nicolasdilley/go/src/github.com/nicolasdilley/gocurrency_tool/projects-gocurrency/traefik++traefik/pkg/server/configurationwatcher.go,2,Receive,245,
/Users/nicolasdilley/go/src/github.com/nicolasdilley/gocurrency_tool/projects-gocurrency/traefik++traefik/pkg/server/configurationwatcher.go,3,Send,252,
/Users/nicolasdilley/go/src/github.com/nicolasdilley/gocurrency_tool/projects-gocurrency/traefik++traefik/pkg/server/server_entrypoint_tcp_test.go,1,Goroutine,107,
/Users/nicolasdilley/go/src/github.com/nicolasdilley/gocurrency_tool/projects-gocurrency/traefik++traefik/pkg/server/server_entrypoint_tcp_test.go,1,Goroutine,139,
/Users/nicolasdilley/go/src/github.com/nicolasdilley/gocurrency_tool/projects-gocurrency/traefik++traefik/pkg/server/server_entrypoint_tcp_test.go,4,Synchronous chan,176,
/Users/nicolasdilley/go/src/github.com/nicolasdilley/gocurrency_tool/projects-gocurrency/traefik++traefik/pkg/server/server_entrypoint_tcp_test.go,1,Goroutine,178,
/Users/nicolasdilley/go/src/github.com/nicolasdilley/gocurrency_tool/projects-gocurrency/traefik++traefik/pkg/server/server_entrypoint_tcp_test.go,3,Send,181,
/Users/nicolasdilley/go/src/github.com/nicolasdilley/gocurrency_tool/projects-gocurrency/traefik++traefik/pkg/server/server_entrypoint_tcp_test.go,16,Select (number of branch),184,2
/Users/nicolasdilley/go/src/github.com/nicolasdilley/gocurrency_tool/projects-gocurrency/traefik++traefik/pkg/server/server_entrypoint_tcp_test.go,2,Receive,185,
/Users/nicolasdilley/go/src/github.com/nicolasdilley/gocurrency_tool/projects-gocurrency/traefik++traefik/pkg/server/server_entrypoint_tcp_test.go,2,Receive,187,
/Users/nicolasdilley/go/src/github.com/nicolasdilley/gocurrency_tool/projects-gocurrency/traefik++traefik/pkg/server/server_entrypoint_tcp_test.go,4,Synchronous chan,215,
/Users/nicolasdilley/go/src/github.com/nicolasdilley/gocurrency_tool/projects-gocurrency/traefik++traefik/pkg/server/server_entrypoint_tcp_test.go,1,Goroutine,217,
/Users/nicolasdilley/go/src/github.com/nicolasdilley/gocurrency_tool/projects-gocurrency/traefik++traefik/pkg/server/server_entrypoint_tcp_test.go,3,Send,220,
/Users/nicolasdilley/go/src/github.com/nicolasdilley/gocurrency_tool/projects-gocurrency/traefik++traefik/pkg/server/server_entrypoint_tcp_test.go,16,Select (number of branch),223,2
/Users/nicolasdilley/go/src/github.com/nicolasdilley/gocurrency_tool/projects-gocurrency/traefik++traefik/pkg/server/server_entrypoint_tcp_test.go,2,Receive,224,
/Users/nicolasdilley/go/src/github.com/nicolasdilley/gocurrency_tool/projects-gocurrency/traefik++traefik/pkg/server/server_entrypoint_tcp_test.go,2,Receive,226,
/Users/nicolasdilley/go/src/github.com/nicolasdilley/gocurrency_tool/projects-gocurrency/traefik++traefik/pkg/server/server_entrypoint_tcp.go,3,Send,46,
/Users/nicolasdilley/go/src/github.com/nicolasdilley/gocurrency_tool/projects-gocurrency/traefik++traefik/pkg/server/server_entrypoint_tcp.go,16,Select (number of branch),51,2
/Users/nicolasdilley/go/src/github.com/nicolasdilley/gocurrency_tool/projects-gocurrency/traefik++traefik/pkg/server/server_entrypoint_tcp.go,2,Receive,52,
/Users/nicolasdilley/go/src/github.com/nicolasdilley/gocurrency_tool/projects-gocurrency/traefik++traefik/pkg/server/server_entrypoint_tcp.go,2,Receive,54,
/Users/nicolasdilley/go/src/github.com/nicolasdilley/gocurrency_tool/projects-gocurrency/traefik++traefik/pkg/server/server_entrypoint_tcp.go,5,Go in for,89,
/Users/nicolasdilley/go/src/github.com/nicolasdilley/gocurrency_tool/projects-gocurrency/traefik++traefik/pkg/server/server_entrypoint_tcp.go,1,Goroutine,89,
/Users/nicolasdilley/go/src/github.com/nicolasdilley/gocurrency_tool/projects-gocurrency/traefik++traefik/pkg/server/server_entrypoint_tcp.go,30,Waitgroup,95,
/Users/nicolasdilley/go/src/github.com/nicolasdilley/gocurrency_tool/projects-gocurrency/traefik++traefik/pkg/server/server_entrypoint_tcp.go,5,Go in for,100,
/Users/nicolasdilley/go/src/github.com/nicolasdilley/gocurrency_tool/projects-gocurrency/traefik++traefik/pkg/server/server_entrypoint_tcp.go,24,Waitgroup Add(const),98,&{68289933 INT 1} val is : 1
/Users/nicolasdilley/go/src/github.com/nicolasdilley/gocurrency_tool/projects-gocurrency/traefik++traefik/pkg/server/server_entrypoint_tcp.go,1,Goroutine,100,
/Users/nicolasdilley/go/src/github.com/nicolasdilley/gocurrency_tool/projects-gocurrency/traefik++traefik/pkg/server/server_entrypoint_tcp.go,26,Waitgroup Done(),101,
/Users/nicolasdilley/go/src/github.com/nicolasdilley/gocurrency_tool/projects-gocurrency/traefik++traefik/pkg/server/server_entrypoint_tcp.go,31,Waitgroup Wait(),110,
/Users/nicolasdilley/go/src/github.com/nicolasdilley/gocurrency_tool/projects-gocurrency/traefik++traefik/pkg/server/server_entrypoint_tcp.go,1,Goroutine,182,
/Users/nicolasdilley/go/src/github.com/nicolasdilley/gocurrency_tool/projects-gocurrency/traefik++traefik/pkg/server/server_entrypoint_tcp.go,3,Send,195,
/Users/nicolasdilley/go/src/github.com/nicolasdilley/gocurrency_tool/projects-gocurrency/traefik++traefik/pkg/server/server_entrypoint_tcp.go,3,Send,196,
/Users/nicolasdilley/go/src/github.com/nicolasdilley/gocurrency_tool/projects-gocurrency/traefik++traefik/pkg/server/server_entrypoint_tcp.go,30,Waitgroup,243,
/Users/nicolasdilley/go/src/github.com/nicolasdilley/gocurrency_tool/projects-gocurrency/traefik++traefik/pkg/server/server_entrypoint_tcp.go,26,Waitgroup Done(),246,
/Users/nicolasdilley/go/src/github.com/nicolasdilley/gocurrency_tool/projects-gocurrency/traefik++traefik/pkg/server/server_entrypoint_tcp.go,24,Waitgroup Add(const),265,&{68294712 INT 1} val is : 1
/Users/nicolasdilley/go/src/github.com/nicolasdilley/gocurrency_tool/projects-gocurrency/traefik++traefik/pkg/server/server_entrypoint_tcp.go,1,Goroutine,266,
/Users/nicolasdilley/go/src/github.com/nicolasdilley/gocurrency_tool/projects-gocurrency/traefik++traefik/pkg/server/server_entrypoint_tcp.go,24,Waitgroup Add(const),270,&{68294803 INT 1} val is : 1
/Users/nicolasdilley/go/src/github.com/nicolasdilley/gocurrency_tool/projects-gocurrency/traefik++traefik/pkg/server/server_entrypoint_tcp.go,1,Goroutine,271,
/Users/nicolasdilley/go/src/github.com/nicolasdilley/gocurrency_tool/projects-gocurrency/traefik++traefik/pkg/server/server_entrypoint_tcp.go,24,Waitgroup Add(const),274,&{68294887 INT 1} val is : 1
/Users/nicolasdilley/go/src/github.com/nicolasdilley/gocurrency_tool/projects-gocurrency/traefik++traefik/pkg/server/server_entrypoint_tcp.go,1,Goroutine,275,
/Users/nicolasdilley/go/src/github.com/nicolasdilley/gocurrency_tool/projects-gocurrency/traefik++traefik/pkg/server/server_entrypoint_tcp.go,24,Waitgroup Add(const),280,&{68294966 INT 1} val is : 1
/Users/nicolasdilley/go/src/github.com/nicolasdilley/gocurrency_tool/projects-gocurrency/traefik++traefik/pkg/server/server_entrypoint_tcp.go,1,Goroutine,281,
/Users/nicolasdilley/go/src/github.com/nicolasdilley/gocurrency_tool/projects-gocurrency/traefik++traefik/pkg/server/server_entrypoint_tcp.go,26,Waitgroup Done(),282,
/Users/nicolasdilley/go/src/github.com/nicolasdilley/gocurrency_tool/projects-gocurrency/traefik++traefik/pkg/server/server_entrypoint_tcp.go,31,Waitgroup Wait(),294,
/Users/nicolasdilley/go/src/github.com/nicolasdilley/gocurrency_tool/projects-gocurrency/traefik++traefik/pkg/server/server_entrypoint_tcp.go,16,Select (number of branch),467,2
/Users/nicolasdilley/go/src/github.com/nicolasdilley/gocurrency_tool/projects-gocurrency/traefik++traefik/pkg/server/server_entrypoint_tcp.go,2,Receive,468,
/Users/nicolasdilley/go/src/github.com/nicolasdilley/gocurrency_tool/projects-gocurrency/traefik++traefik/pkg/server/server_entrypoint_tcp.go,2,Receive,470,
/Users/nicolasdilley/go/src/github.com/nicolasdilley/gocurrency_tool/projects-gocurrency/traefik++traefik/pkg/server/server_entrypoint_tcp.go,1,Goroutine,530,
/Users/nicolasdilley/go/src/github.com/nicolasdilley/gocurrency_tool/projects-gocurrency/traefik++traefik/pkg/provider/traefik/internal.go,21,Send only chan (chan<-),33,
/Users/nicolasdilley/go/src/github.com/nicolasdilley/gocurrency_tool/projects-gocurrency/traefik++traefik/pkg/provider/traefik/internal.go,3,Send,36,
/Users/nicolasdilley/go/src/github.com/nicolasdilley/gocurrency_tool/projects-gocurrency/traefik++traefik/pkg/provider/kubernetes/ingress/client_mock_test.go,20,Receive only chan (<-chan),131,
/Users/nicolasdilley/go/src/github.com/nicolasdilley/gocurrency_tool/projects-gocurrency/traefik++traefik/pkg/provider/kubernetes/ingress/client_test.go,4,Synchronous chan,164,
/Users/nicolasdilley/go/src/github.com/nicolasdilley/gocurrency_tool/projects-gocurrency/traefik++traefik/pkg/provider/kubernetes/ingress/client_test.go,16,Select (number of branch),169,2
/Users/nicolasdilley/go/src/github.com/nicolasdilley/gocurrency_tool/projects-gocurrency/traefik++traefik/pkg/provider/kubernetes/ingress/client_test.go,2,Receive,170,
/Users/nicolasdilley/go/src/github.com/nicolasdilley/gocurrency_tool/projects-gocurrency/traefik++traefik/pkg/provider/kubernetes/ingress/client_test.go,2,Receive,175,
/Users/nicolasdilley/go/src/github.com/nicolasdilley/gocurrency_tool/projects-gocurrency/traefik++traefik/pkg/provider/kubernetes/ingress/client_test.go,16,Select (number of branch),179,2
/Users/nicolasdilley/go/src/github.com/nicolasdilley/gocurrency_tool/projects-gocurrency/traefik++traefik/pkg/provider/kubernetes/ingress/client_test.go,2,Receive,180,
/Users/nicolasdilley/go/src/github.com/nicolasdilley/gocurrency_tool/projects-gocurrency/traefik++traefik/pkg/provider/kubernetes/ingress/client_test.go,2,Receive,182,
/Users/nicolasdilley/go/src/github.com/nicolasdilley/gocurrency_tool/projects-gocurrency/traefik++traefik/pkg/provider/kubernetes/ingress/client_test.go,4,Synchronous chan,233,
/Users/nicolasdilley/go/src/github.com/nicolasdilley/gocurrency_tool/projects-gocurrency/traefik++traefik/pkg/provider/kubernetes/ingress/client_test.go,16,Select (number of branch),238,2
/Users/nicolasdilley/go/src/github.com/nicolasdilley/gocurrency_tool/projects-gocurrency/traefik++traefik/pkg/provider/kubernetes/ingress/client_test.go,2,Receive,239,
/Users/nicolasdilley/go/src/github.com/nicolasdilley/gocurrency_tool/projects-gocurrency/traefik++traefik/pkg/provider/kubernetes/ingress/client_test.go,2,Receive,244,
/Users/nicolasdilley/go/src/github.com/nicolasdilley/gocurrency_tool/projects-gocurrency/traefik++traefik/pkg/provider/kubernetes/ingress/client_test.go,16,Select (number of branch),259,2
/Users/nicolasdilley/go/src/github.com/nicolasdilley/gocurrency_tool/projects-gocurrency/traefik++traefik/pkg/provider/kubernetes/ingress/client_test.go,2,Receive,260,
/Users/nicolasdilley/go/src/github.com/nicolasdilley/gocurrency_tool/projects-gocurrency/traefik++traefik/pkg/provider/kubernetes/ingress/client_test.go,2,Receive,265,
/Users/nicolasdilley/go/src/github.com/nicolasdilley/gocurrency_tool/projects-gocurrency/traefik++traefik/pkg/provider/kubernetes/ingress/client_test.go,16,Select (number of branch),276,2
/Users/nicolasdilley/go/src/github.com/nicolasdilley/gocurrency_tool/projects-gocurrency/traefik++traefik/pkg/provider/kubernetes/ingress/client_test.go,2,Receive,277,
/Users/nicolasdilley/go/src/github.com/nicolasdilley/gocurrency_tool/projects-gocurrency/traefik++traefik/pkg/provider/kubernetes/ingress/client_test.go,2,Receive,282,
/Users/nicolasdilley/go/src/github.com/nicolasdilley/gocurrency_tool/projects-gocurrency/traefik++traefik/pkg/provider/kubernetes/ingress/client_test.go,16,Select (number of branch),286,2
/Users/nicolasdilley/go/src/github.com/nicolasdilley/gocurrency_tool/projects-gocurrency/traefik++traefik/pkg/provider/kubernetes/ingress/client_test.go,2,Receive,287,
/Users/nicolasdilley/go/src/github.com/nicolasdilley/gocurrency_tool/projects-gocurrency/traefik++traefik/pkg/provider/kubernetes/ingress/client_test.go,2,Receive,289,
/Users/nicolasdilley/go/src/github.com/nicolasdilley/gocurrency_tool/projects-gocurrency/traefik++traefik/pkg/provider/kubernetes/ingress/client_test.go,4,Synchronous chan,315,
/Users/nicolasdilley/go/src/github.com/nicolasdilley/gocurrency_tool/projects-gocurrency/traefik++traefik/pkg/provider/kubernetes/ingress/client_test.go,16,Select (number of branch),322,2
/Users/nicolasdilley/go/src/github.com/nicolasdilley/gocurrency_tool/projects-gocurrency/traefik++traefik/pkg/provider/kubernetes/ingress/client_test.go,2,Receive,323,
/Users/nicolasdilley/go/src/github.com/nicolasdilley/gocurrency_tool/projects-gocurrency/traefik++traefik/pkg/provider/kubernetes/ingress/client_test.go,2,Receive,328,
/Users/nicolasdilley/go/src/github.com/nicolasdilley/gocurrency_tool/projects-gocurrency/traefik++traefik/pkg/provider/kubernetes/ingress/client_test.go,16,Select (number of branch),332,2
/Users/nicolasdilley/go/src/github.com/nicolasdilley/gocurrency_tool/projects-gocurrency/traefik++traefik/pkg/provider/kubernetes/ingress/client_test.go,2,Receive,333,
/Users/nicolasdilley/go/src/github.com/nicolasdilley/gocurrency_tool/projects-gocurrency/traefik++traefik/pkg/provider/kubernetes/ingress/client_test.go,2,Receive,335,
/Users/nicolasdilley/go/src/github.com/nicolasdilley/gocurrency_tool/projects-gocurrency/traefik++traefik/pkg/provider/kubernetes/ingress/client_test.go,16,Select (number of branch),345,2
/Users/nicolasdilley/go/src/github.com/nicolasdilley/gocurrency_tool/projects-gocurrency/traefik++traefik/pkg/provider/kubernetes/ingress/client_test.go,2,Receive,346,
/Users/nicolasdilley/go/src/github.com/nicolasdilley/gocurrency_tool/projects-gocurrency/traefik++traefik/pkg/provider/kubernetes/ingress/client_test.go,2,Receive,351,
/Users/nicolasdilley/go/src/github.com/nicolasdilley/gocurrency_tool/projects-gocurrency/traefik++traefik/pkg/provider/kubernetes/ingress/client_test.go,16,Select (number of branch),355,2
/Users/nicolasdilley/go/src/github.com/nicolasdilley/gocurrency_tool/projects-gocurrency/traefik++traefik/pkg/provider/kubernetes/ingress/client_test.go,2,Receive,356,
/Users/nicolasdilley/go/src/github.com/nicolasdilley/gocurrency_tool/projects-gocurrency/traefik++traefik/pkg/provider/kubernetes/ingress/client_test.go,2,Receive,358,
/Users/nicolasdilley/go/src/github.com/nicolasdilley/gocurrency_tool/projects-gocurrency/traefik++traefik/pkg/provider/kubernetes/ingress/client.go,20,Receive only chan (<-chan),138,
/Users/nicolasdilley/go/src/github.com/nicolasdilley/gocurrency_tool/projects-gocurrency/traefik++traefik/pkg/provider/kubernetes/ingress/client.go,8,Known chan length (length),152,1
/Users/nicolasdilley/go/src/github.com/nicolasdilley/gocurrency_tool/projects-gocurrency/traefik++traefik/pkg/provider/kubernetes/ingress/kubernetes.go,21,Send only chan (chan<-),102,
/Users/nicolasdilley/go/src/github.com/nicolasdilley/gocurrency_tool/projects-gocurrency/traefik++traefik/pkg/provider/kubernetes/ingress/kubernetes.go,16,Select (number of branch),121,2
/Users/nicolasdilley/go/src/github.com/nicolasdilley/gocurrency_tool/projects-gocurrency/traefik++traefik/pkg/provider/kubernetes/ingress/kubernetes.go,2,Receive,122,
/Users/nicolasdilley/go/src/github.com/nicolasdilley/gocurrency_tool/projects-gocurrency/traefik++traefik/pkg/provider/kubernetes/ingress/kubernetes.go,2,Receive,124,
/Users/nicolasdilley/go/src/github.com/nicolasdilley/gocurrency_tool/projects-gocurrency/traefik++traefik/pkg/provider/kubernetes/ingress/kubernetes.go,16,Select (number of branch),136,2
/Users/nicolasdilley/go/src/github.com/nicolasdilley/gocurrency_tool/projects-gocurrency/traefik++traefik/pkg/provider/kubernetes/ingress/kubernetes.go,2,Receive,137,
/Users/nicolasdilley/go/src/github.com/nicolasdilley/gocurrency_tool/projects-gocurrency/traefik++traefik/pkg/provider/kubernetes/ingress/kubernetes.go,2,Receive,139,
/Users/nicolasdilley/go/src/github.com/nicolasdilley/gocurrency_tool/projects-gocurrency/traefik++traefik/pkg/provider/kubernetes/ingress/kubernetes.go,3,Send,155,
/Users/nicolasdilley/go/src/github.com/nicolasdilley/gocurrency_tool/projects-gocurrency/traefik++traefik/pkg/provider/kubernetes/ingress/kubernetes.go,20,Receive only chan (<-chan),652,
/Users/nicolasdilley/go/src/github.com/nicolasdilley/gocurrency_tool/projects-gocurrency/traefik++traefik/pkg/provider/kubernetes/ingress/kubernetes.go,8,Known chan length (length),658,1
/Users/nicolasdilley/go/src/github.com/nicolasdilley/gocurrency_tool/projects-gocurrency/traefik++traefik/pkg/provider/kubernetes/ingress/kubernetes.go,16,Select (number of branch),666,2
/Users/nicolasdilley/go/src/github.com/nicolasdilley/gocurrency_tool/projects-gocurrency/traefik++traefik/pkg/provider/kubernetes/ingress/kubernetes.go,2,Receive,667,
/Users/nicolasdilley/go/src/github.com/nicolasdilley/gocurrency_tool/projects-gocurrency/traefik++traefik/pkg/provider/kubernetes/ingress/kubernetes.go,2,Receive,669,
/Users/nicolasdilley/go/src/github.com/nicolasdilley/gocurrency_tool/projects-gocurrency/traefik++traefik/pkg/provider/kubernetes/ingress/kubernetes.go,17,Select with default (number of branch),670,2
/Users/nicolasdilley/go/src/github.com/nicolasdilley/gocurrency_tool/projects-gocurrency/traefik++traefik/pkg/provider/kubernetes/ingress/kubernetes.go,3,Send,671,
/Users/nicolasdilley/go/src/github.com/nicolasdilley/gocurrency_tool/projects-gocurrency/traefik++traefik/pkg/middlewares/tcp/ipwhitelist/ip_whitelist_test.go,1,Goroutine,102,
/Users/nicolasdilley/go/src/github.com/nicolasdilley/gocurrency_tool/projects-gocurrency/traefik++traefik/pkg/provider/consulcatalog/consul_catalog.go,4,Synchronous chan,90,
/Users/nicolasdilley/go/src/github.com/nicolasdilley/gocurrency_tool/projects-gocurrency/traefik++traefik/pkg/provider/consulcatalog/consul_catalog.go,21,Send only chan (chan<-),105,
/Users/nicolasdilley/go/src/github.com/nicolasdilley/gocurrency_tool/projects-gocurrency/traefik++traefik/pkg/provider/consulcatalog/consul_catalog.go,16,Select (number of branch),138,2
/Users/nicolasdilley/go/src/github.com/nicolasdilley/gocurrency_tool/projects-gocurrency/traefik++traefik/pkg/provider/consulcatalog/consul_catalog.go,2,Receive,139,
/Users/nicolasdilley/go/src/github.com/nicolasdilley/gocurrency_tool/projects-gocurrency/traefik++traefik/pkg/provider/consulcatalog/consul_catalog.go,2,Receive,141,
/Users/nicolasdilley/go/src/github.com/nicolasdilley/gocurrency_tool/projects-gocurrency/traefik++traefik/pkg/provider/consulcatalog/consul_catalog.go,16,Select (number of branch),159,3
/Users/nicolasdilley/go/src/github.com/nicolasdilley/gocurrency_tool/projects-gocurrency/traefik++traefik/pkg/provider/consulcatalog/consul_catalog.go,2,Receive,160,
/Users/nicolasdilley/go/src/github.com/nicolasdilley/gocurrency_tool/projects-gocurrency/traefik++traefik/pkg/provider/consulcatalog/consul_catalog.go,2,Receive,162,
/Users/nicolasdilley/go/src/github.com/nicolasdilley/gocurrency_tool/projects-gocurrency/traefik++traefik/pkg/provider/consulcatalog/consul_catalog.go,2,Receive,163,
/Users/nicolasdilley/go/src/github.com/nicolasdilley/gocurrency_tool/projects-gocurrency/traefik++traefik/pkg/provider/consulcatalog/consul_catalog.go,21,Send only chan (chan<-),188,
/Users/nicolasdilley/go/src/github.com/nicolasdilley/gocurrency_tool/projects-gocurrency/traefik++traefik/pkg/provider/consulcatalog/consul_catalog.go,3,Send,194,
/Users/nicolasdilley/go/src/github.com/nicolasdilley/gocurrency_tool/projects-gocurrency/traefik++traefik/pkg/provider/consulcatalog/consul_catalog.go,21,Send only chan (chan<-),330,
/Users/nicolasdilley/go/src/github.com/nicolasdilley/gocurrency_tool/projects-gocurrency/traefik++traefik/pkg/provider/consulcatalog/consul_catalog.go,3,Send,348,
/Users/nicolasdilley/go/src/github.com/nicolasdilley/gocurrency_tool/projects-gocurrency/traefik++traefik/pkg/provider/consulcatalog/consul_catalog.go,21,Send only chan (chan<-),357,
/Users/nicolasdilley/go/src/github.com/nicolasdilley/gocurrency_tool/projects-gocurrency/traefik++traefik/pkg/provider/consulcatalog/consul_catalog.go,3,Send,370,
/Users/nicolasdilley/go/src/github.com/nicolasdilley/gocurrency_tool/projects-gocurrency/traefik++traefik/pkg/provider/consulcatalog/consul_catalog.go,4,Synchronous chan,403,
/Users/nicolasdilley/go/src/github.com/nicolasdilley/gocurrency_tool/projects-gocurrency/traefik++traefik/pkg/provider/consulcatalog/consul_catalog.go,4,Synchronous chan,404,
/Users/nicolasdilley/go/src/github.com/nicolasdilley/gocurrency_tool/projects-gocurrency/traefik++traefik/pkg/provider/consulcatalog/consul_catalog.go,1,Goroutine,417,
/Users/nicolasdilley/go/src/github.com/nicolasdilley/gocurrency_tool/projects-gocurrency/traefik++traefik/pkg/provider/consulcatalog/consul_catalog.go,3,Send,420,
/Users/nicolasdilley/go/src/github.com/nicolasdilley/gocurrency_tool/projects-gocurrency/traefik++traefik/pkg/provider/consulcatalog/consul_catalog.go,1,Goroutine,424,
/Users/nicolasdilley/go/src/github.com/nicolasdilley/gocurrency_tool/projects-gocurrency/traefik++traefik/pkg/provider/consulcatalog/consul_catalog.go,3,Send,427,
/Users/nicolasdilley/go/src/github.com/nicolasdilley/gocurrency_tool/projects-gocurrency/traefik++traefik/pkg/provider/consulcatalog/consul_catalog.go,16,Select (number of branch),438,3
/Users/nicolasdilley/go/src/github.com/nicolasdilley/gocurrency_tool/projects-gocurrency/traefik++traefik/pkg/provider/consulcatalog/consul_catalog.go,2,Receive,439,
/Users/nicolasdilley/go/src/github.com/nicolasdilley/gocurrency_tool/projects-gocurrency/traefik++traefik/pkg/provider/consulcatalog/consul_catalog.go,2,Receive,443,
/Users/nicolasdilley/go/src/github.com/nicolasdilley/gocurrency_tool/projects-gocurrency/traefik++traefik/pkg/provider/consulcatalog/consul_catalog.go,2,Receive,444,
/Users/nicolasdilley/go/src/github.com/nicolasdilley/gocurrency_tool/projects-gocurrency/traefik++traefik/pkg/provider/consulcatalog/consul_catalog.go,3,Send,453,
/Users/nicolasdilley/go/src/github.com/nicolasdilley/gocurrency_tool/projects-gocurrency/traefik++traefik/pkg/provider/marathon/marathon.go,21,Send only chan (chan<-),110,
/Users/nicolasdilley/go/src/github.com/nicolasdilley/gocurrency_tool/projects-gocurrency/traefik++traefik/pkg/provider/marathon/marathon.go,16,Select (number of branch),166,2
/Users/nicolasdilley/go/src/github.com/nicolasdilley/gocurrency_tool/projects-gocurrency/traefik++traefik/pkg/provider/marathon/marathon.go,2,Receive,167,
/Users/nicolasdilley/go/src/github.com/nicolasdilley/gocurrency_tool/projects-gocurrency/traefik++traefik/pkg/provider/marathon/marathon.go,2,Receive,169,
/Users/nicolasdilley/go/src/github.com/nicolasdilley/gocurrency_tool/projects-gocurrency/traefik++traefik/pkg/provider/marathon/marathon.go,3,Send,174,
/Users/nicolasdilley/go/src/github.com/nicolasdilley/gocurrency_tool/projects-gocurrency/traefik++traefik/pkg/provider/marathon/marathon.go,3,Send,185,
/Users/nicolasdilley/go/src/github.com/nicolasdilley/gocurrency_tool/projects-gocurrency/traefik++traefik/pkg/provider/kv/storewrapper.go,20,Receive only chan (<-chan),48,
/Users/nicolasdilley/go/src/github.com/nicolasdilley/gocurrency_tool/projects-gocurrency/traefik++traefik/pkg/provider/kv/storewrapper.go,20,Receive only chan (<-chan),57,
/Users/nicolasdilley/go/src/github.com/nicolasdilley/gocurrency_tool/projects-gocurrency/traefik++traefik/pkg/provider/kv/kv_mock_test.go,20,Receive only chan (<-chan),78,
/Users/nicolasdilley/go/src/github.com/nicolasdilley/gocurrency_tool/projects-gocurrency/traefik++traefik/pkg/provider/kv/kv_mock_test.go,20,Receive only chan (<-chan),83,
/Users/nicolasdilley/go/src/github.com/nicolasdilley/gocurrency_tool/projects-gocurrency/traefik++traefik/pkg/provider/kv/kv.go,21,Send only chan (chan<-),62,
/Users/nicolasdilley/go/src/github.com/nicolasdilley/gocurrency_tool/projects-gocurrency/traefik++traefik/pkg/provider/kv/kv.go,3,Send,85,
/Users/nicolasdilley/go/src/github.com/nicolasdilley/gocurrency_tool/projects-gocurrency/traefik++traefik/pkg/provider/kv/kv.go,21,Send only chan (chan<-),103,
/Users/nicolasdilley/go/src/github.com/nicolasdilley/gocurrency_tool/projects-gocurrency/traefik++traefik/pkg/provider/kv/kv.go,16,Select (number of branch),111,2
/Users/nicolasdilley/go/src/github.com/nicolasdilley/gocurrency_tool/projects-gocurrency/traefik++traefik/pkg/provider/kv/kv.go,2,Receive,112,
/Users/nicolasdilley/go/src/github.com/nicolasdilley/gocurrency_tool/projects-gocurrency/traefik++traefik/pkg/provider/kv/kv.go,2,Receive,114,
/Users/nicolasdilley/go/src/github.com/nicolasdilley/gocurrency_tool/projects-gocurrency/traefik++traefik/pkg/provider/kv/kv.go,3,Send,125,
/Users/nicolasdilley/go/src/github.com/nicolasdilley/gocurrency_tool/projects-gocurrency/traefik++traefik/pkg/provider/kv/kv_test.go,19,Channel of channels,922,returnedChans
/Users/nicolasdilley/go/src/github.com/nicolasdilley/gocurrency_tool/projects-gocurrency/traefik++traefik/pkg/provider/kv/kv_test.go,8,Known chan length (length),926,10
/Users/nicolasdilley/go/src/github.com/nicolasdilley/gocurrency_tool/projects-gocurrency/traefik++traefik/pkg/provider/kv/kv_test.go,3,Send,927,
/Users/nicolasdilley/go/src/github.com/nicolasdilley/gocurrency_tool/projects-gocurrency/traefik++traefik/pkg/provider/kv/kv_test.go,4,Synchronous chan,933,
/Users/nicolasdilley/go/src/github.com/nicolasdilley/gocurrency_tool/projects-gocurrency/traefik++traefik/pkg/provider/kv/kv_test.go,1,Goroutine,934,
/Users/nicolasdilley/go/src/github.com/nicolasdilley/gocurrency_tool/projects-gocurrency/traefik++traefik/pkg/provider/kv/kv_test.go,16,Select (number of branch),939,2
/Users/nicolasdilley/go/src/github.com/nicolasdilley/gocurrency_tool/projects-gocurrency/traefik++traefik/pkg/provider/kv/kv_test.go,2,Receive,940,
/Users/nicolasdilley/go/src/github.com/nicolasdilley/gocurrency_tool/projects-gocurrency/traefik++traefik/pkg/provider/kv/kv_test.go,3,Send,941,
/Users/nicolasdilley/go/src/github.com/nicolasdilley/gocurrency_tool/projects-gocurrency/traefik++traefik/pkg/provider/kv/kv_test.go,2,Receive,942,
/Users/nicolasdilley/go/src/github.com/nicolasdilley/gocurrency_tool/projects-gocurrency/traefik++traefik/pkg/provider/kv/kv_test.go,2,Receive,944,
/Users/nicolasdilley/go/src/github.com/nicolasdilley/gocurrency_tool/projects-gocurrency/traefik++traefik/pkg/provider/kv/kv_test.go,16,Select (number of branch),948,2
/Users/nicolasdilley/go/src/github.com/nicolasdilley/gocurrency_tool/projects-gocurrency/traefik++traefik/pkg/provider/kv/kv_test.go,2,Receive,949,
/Users/nicolasdilley/go/src/github.com/nicolasdilley/gocurrency_tool/projects-gocurrency/traefik++traefik/pkg/provider/kv/kv_test.go,3,Send,950,
/Users/nicolasdilley/go/src/github.com/nicolasdilley/gocurrency_tool/projects-gocurrency/traefik++traefik/pkg/provider/kv/kv_test.go,2,Receive,951,
/Users/nicolasdilley/go/src/github.com/nicolasdilley/gocurrency_tool/projects-gocurrency/traefik++traefik/pkg/provider/kv/kv_test.go,2,Receive,952,
/Users/nicolasdilley/go/src/github.com/nicolasdilley/gocurrency_tool/projects-gocurrency/traefik++traefik/pkg/provider/kv/kv_test.go,17,Select with default (number of branch),956,2
/Users/nicolasdilley/go/src/github.com/nicolasdilley/gocurrency_tool/projects-gocurrency/traefik++traefik/pkg/provider/kv/kv_test.go,2,Receive,957,
/Users/nicolasdilley/go/src/github.com/nicolasdilley/gocurrency_tool/projects-gocurrency/traefik++traefik/pkg/server/service/proxy_websocket_test.go,8,Known chan length (length),27,1
/Users/nicolasdilley/go/src/github.com/nicolasdilley/gocurrency_tool/projects-gocurrency/traefik++traefik/pkg/server/service/proxy_websocket_test.go,3,Send,38,
/Users/nicolasdilley/go/src/github.com/nicolasdilley/gocurrency_tool/projects-gocurrency/traefik++traefik/pkg/server/service/proxy_websocket_test.go,2,Receive,56,
/Users/nicolasdilley/go/src/github.com/nicolasdilley/gocurrency_tool/projects-gocurrency/traefik++traefik/pkg/provider/acme/challenge_tls.go,4,Synchronous chan,53,
/Users/nicolasdilley/go/src/github.com/nicolasdilley/gocurrency_tool/projects-gocurrency/traefik++traefik/pkg/provider/acme/challenge_tls.go,3,Send,62,
/Users/nicolasdilley/go/src/github.com/nicolasdilley/gocurrency_tool/projects-gocurrency/traefik++traefik/pkg/provider/acme/challenge_tls.go,16,Select (number of branch),66,2
/Users/nicolasdilley/go/src/github.com/nicolasdilley/gocurrency_tool/projects-gocurrency/traefik++traefik/pkg/provider/acme/challenge_tls.go,2,Receive,67,
/Users/nicolasdilley/go/src/github.com/nicolasdilley/gocurrency_tool/projects-gocurrency/traefik++traefik/pkg/provider/acme/challenge_tls.go,2,Receive,80,
/Users/nicolasdilley/go/src/github.com/nicolasdilley/gocurrency_tool/projects-gocurrency/traefik++traefik/pkg/provider/acme/challenge_tls.go,3,Send,96,
/Users/nicolasdilley/go/src/github.com/nicolasdilley/gocurrency_tool/projects-gocurrency/traefik++traefik/pkg/provider/acme/challenge_tls.go,21,Send only chan (chan<-),107,
/Users/nicolasdilley/go/src/github.com/nicolasdilley/gocurrency_tool/projects-gocurrency/traefik++traefik/pkg/provider/acme/local_store.go,4,Synchronous chan,26,
/Users/nicolasdilley/go/src/github.com/nicolasdilley/gocurrency_tool/projects-gocurrency/traefik++traefik/pkg/provider/acme/local_store.go,3,Send,39,
/Users/nicolasdilley/go/src/github.com/nicolasdilley/gocurrency_tool/projects-gocurrency/traefik++traefik/pkg/provider/acme/local_store.go,3,Send,89,
/Users/nicolasdilley/go/src/github.com/nicolasdilley/gocurrency_tool/projects-gocurrency/traefik++traefik/pkg/provider/acme/provider.go,22,chan used as a param,118,
/Users/nicolasdilley/go/src/github.com/nicolasdilley/gocurrency_tool/projects-gocurrency/traefik++traefik/pkg/provider/acme/provider.go,3,Send,124,
/Users/nicolasdilley/go/src/github.com/nicolasdilley/gocurrency_tool/projects-gocurrency/traefik++traefik/pkg/provider/acme/provider.go,21,Send only chan (chan<-),179,
/Users/nicolasdilley/go/src/github.com/nicolasdilley/gocurrency_tool/projects-gocurrency/traefik++traefik/pkg/provider/acme/provider.go,16,Select (number of branch),195,2
/Users/nicolasdilley/go/src/github.com/nicolasdilley/gocurrency_tool/projects-gocurrency/traefik++traefik/pkg/provider/acme/provider.go,2,Receive,196,
/Users/nicolasdilley/go/src/github.com/nicolasdilley/gocurrency_tool/projects-gocurrency/traefik++traefik/pkg/provider/acme/provider.go,2,Receive,198,
/Users/nicolasdilley/go/src/github.com/nicolasdilley/gocurrency_tool/projects-gocurrency/traefik++traefik/pkg/provider/acme/provider.go,16,Select (number of branch),375,2
/Users/nicolasdilley/go/src/github.com/nicolasdilley/gocurrency_tool/projects-gocurrency/traefik++traefik/pkg/provider/acme/provider.go,2,Receive,376,
/Users/nicolasdilley/go/src/github.com/nicolasdilley/gocurrency_tool/projects-gocurrency/traefik++traefik/pkg/provider/acme/provider.go,2,Receive,446,
/Users/nicolasdilley/go/src/github.com/nicolasdilley/gocurrency_tool/projects-gocurrency/traefik++traefik/pkg/provider/acme/provider.go,3,Send,515,
/Users/nicolasdilley/go/src/github.com/nicolasdilley/gocurrency_tool/projects-gocurrency/traefik++traefik/pkg/provider/acme/provider.go,4,Synchronous chan,576,
/Users/nicolasdilley/go/src/github.com/nicolasdilley/gocurrency_tool/projects-gocurrency/traefik++traefik/pkg/provider/acme/provider.go,16,Select (number of branch),580,2
/Users/nicolasdilley/go/src/github.com/nicolasdilley/gocurrency_tool/projects-gocurrency/traefik++traefik/pkg/provider/acme/provider.go,2,Receive,581,
/Users/nicolasdilley/go/src/github.com/nicolasdilley/gocurrency_tool/projects-gocurrency/traefik++traefik/pkg/provider/acme/provider.go,2,Receive,598,
/Users/nicolasdilley/go/src/github.com/nicolasdilley/gocurrency_tool/projects-gocurrency/traefik++traefik/pkg/provider/acme/provider.go,3,Send,637,
/Users/nicolasdilley/go/src/github.com/nicolasdilley/gocurrency_tool/projects-gocurrency/traefik++traefik/pkg/provider/docker/docker.go,21,Send only chan (chan<-),191,
/Users/nicolasdilley/go/src/github.com/nicolasdilley/gocurrency_tool/projects-gocurrency/traefik++traefik/pkg/provider/docker/docker.go,3,Send,231,
/Users/nicolasdilley/go/src/github.com/nicolasdilley/gocurrency_tool/projects-gocurrency/traefik++traefik/pkg/provider/docker/docker.go,4,Synchronous chan,237,
/Users/nicolasdilley/go/src/github.com/nicolasdilley/gocurrency_tool/projects-gocurrency/traefik++traefik/pkg/provider/docker/docker.go,15,Close chan,246,
/Users/nicolasdilley/go/src/github.com/nicolasdilley/gocurrency_tool/projects-gocurrency/traefik++traefik/pkg/provider/docker/docker.go,16,Select (number of branch),248,2
/Users/nicolasdilley/go/src/github.com/nicolasdilley/gocurrency_tool/projects-gocurrency/traefik++traefik/pkg/provider/docker/docker.go,2,Receive,249,
/Users/nicolasdilley/go/src/github.com/nicolasdilley/gocurrency_tool/projects-gocurrency/traefik++traefik/pkg/provider/docker/docker.go,3,Send,253,
/Users/nicolasdilley/go/src/github.com/nicolasdilley/gocurrency_tool/projects-gocurrency/traefik++traefik/pkg/provider/docker/docker.go,3,Send,259,
/Users/nicolasdilley/go/src/github.com/nicolasdilley/gocurrency_tool/projects-gocurrency/traefik++traefik/pkg/provider/docker/docker.go,2,Receive,265,
/Users/nicolasdilley/go/src/github.com/nicolasdilley/gocurrency_tool/projects-gocurrency/traefik++traefik/pkg/provider/docker/docker.go,2,Receive,271,
/Users/nicolasdilley/go/src/github.com/nicolasdilley/gocurrency_tool/projects-gocurrency/traefik++traefik/pkg/provider/docker/docker.go,16,Select (number of branch),297,2
/Users/nicolasdilley/go/src/github.com/nicolasdilley/gocurrency_tool/projects-gocurrency/traefik++traefik/pkg/provider/docker/docker.go,3,Send,298,
/Users/nicolasdilley/go/src/github.com/nicolasdilley/gocurrency_tool/projects-gocurrency/traefik++traefik/pkg/provider/docker/docker.go,2,Receive,299,
/Users/nicolasdilley/go/src/github.com/nicolasdilley/gocurrency_tool/projects-gocurrency/traefik++traefik/pkg/provider/docker/docker.go,16,Select (number of branch),306,3
/Users/nicolasdilley/go/src/github.com/nicolasdilley/gocurrency_tool/projects-gocurrency/traefik++traefik/pkg/provider/docker/docker.go,2,Receive,307,
/Users/nicolasdilley/go/src/github.com/nicolasdilley/gocurrency_tool/projects-gocurrency/traefik++traefik/pkg/provider/docker/docker.go,2,Receive,313,
/Users/nicolasdilley/go/src/github.com/nicolasdilley/gocurrency_tool/projects-gocurrency/traefik++traefik/pkg/provider/docker/docker.go,2,Receive,318,
/Users/nicolasdilley/go/src/github.com/nicolasdilley/gocurrency_tool/projects-gocurrency/traefik++traefik/pkg/provider/kubernetes/crd/generated/informers/externalversions/factory.go,20,Receive only chan (<-chan),119,
/Users/nicolasdilley/go/src/github.com/nicolasdilley/gocurrency_tool/projects-gocurrency/traefik++traefik/pkg/provider/kubernetes/crd/generated/informers/externalversions/factory.go,1,Goroutine,125,
/Users/nicolasdilley/go/src/github.com/nicolasdilley/gocurrency_tool/projects-gocurrency/traefik++traefik/pkg/provider/kubernetes/crd/generated/informers/externalversions/factory.go,20,Receive only chan (<-chan),132,
/Users/nicolasdilley/go/src/github.com/nicolasdilley/gocurrency_tool/projects-gocurrency/traefik++traefik/pkg/udp/proxy_test.go,1,Goroutine,14,
/Users/nicolasdilley/go/src/github.com/nicolasdilley/gocurrency_tool/projects-gocurrency/traefik++traefik/pkg/udp/proxy_test.go,1,Goroutine,28,
/Users/nicolasdilley/go/src/github.com/nicolasdilley/gocurrency_tool/projects-gocurrency/traefik++traefik/pkg/udp/proxy_test.go,5,Go in for,55,
/Users/nicolasdilley/go/src/github.com/nicolasdilley/gocurrency_tool/projects-gocurrency/traefik++traefik/pkg/udp/proxy_test.go,1,Goroutine,55,
/Users/nicolasdilley/go/src/github.com/nicolasdilley/gocurrency_tool/projects-gocurrency/traefik++traefik/pkg/udp/proxy.go,4,Synchronous chan,37,
/Users/nicolasdilley/go/src/github.com/nicolasdilley/gocurrency_tool/projects-gocurrency/traefik++traefik/pkg/udp/proxy.go,1,Goroutine,38,
/Users/nicolasdilley/go/src/github.com/nicolasdilley/gocurrency_tool/projects-gocurrency/traefik++traefik/pkg/udp/proxy.go,1,Goroutine,39,
/Users/nicolasdilley/go/src/github.com/nicolasdilley/gocurrency_tool/projects-gocurrency/traefik++traefik/pkg/udp/proxy.go,2,Receive,41,
/Users/nicolasdilley/go/src/github.com/nicolasdilley/gocurrency_tool/projects-gocurrency/traefik++traefik/pkg/udp/proxy.go,2,Receive,46,
/Users/nicolasdilley/go/src/github.com/nicolasdilley/gocurrency_tool/projects-gocurrency/traefik++traefik/pkg/udp/proxy.go,22,chan used as a param,49,
/Users/nicolasdilley/go/src/github.com/nicolasdilley/gocurrency_tool/projects-gocurrency/traefik++traefik/pkg/udp/proxy.go,3,Send,51,
/Users/nicolasdilley/go/src/github.com/nicolasdilley/gocurrency_tool/projects-gocurrency/traefik++traefik/pkg/udp/conn.go,4,Synchronous chan,47,
/Users/nicolasdilley/go/src/github.com/nicolasdilley/gocurrency_tool/projects-gocurrency/traefik++traefik/pkg/udp/conn.go,1,Goroutine,53,
/Users/nicolasdilley/go/src/github.com/nicolasdilley/gocurrency_tool/projects-gocurrency/traefik++traefik/pkg/udp/conn.go,2,Receive,60,
/Users/nicolasdilley/go/src/github.com/nicolasdilley/gocurrency_tool/projects-gocurrency/traefik++traefik/pkg/udp/conn.go,16,Select (number of branch),147,2
/Users/nicolasdilley/go/src/github.com/nicolasdilley/gocurrency_tool/projects-gocurrency/traefik++traefik/pkg/udp/conn.go,3,Send,148,
/Users/nicolasdilley/go/src/github.com/nicolasdilley/gocurrency_tool/projects-gocurrency/traefik++traefik/pkg/udp/conn.go,2,Receive,149,
/Users/nicolasdilley/go/src/github.com/nicolasdilley/gocurrency_tool/projects-gocurrency/traefik++traefik/pkg/udp/conn.go,3,Send,171,
/Users/nicolasdilley/go/src/github.com/nicolasdilley/gocurrency_tool/projects-gocurrency/traefik++traefik/pkg/udp/conn.go,1,Goroutine,172,
/Users/nicolasdilley/go/src/github.com/nicolasdilley/gocurrency_tool/projects-gocurrency/traefik++traefik/pkg/udp/conn.go,16,Select (number of branch),217,2
/Users/nicolasdilley/go/src/github.com/nicolasdilley/gocurrency_tool/projects-gocurrency/traefik++traefik/pkg/udp/conn.go,2,Receive,218,
/Users/nicolasdilley/go/src/github.com/nicolasdilley/gocurrency_tool/projects-gocurrency/traefik++traefik/pkg/udp/conn.go,2,Receive,220,
/Users/nicolasdilley/go/src/github.com/nicolasdilley/gocurrency_tool/projects-gocurrency/traefik++traefik/pkg/udp/conn.go,16,Select (number of branch),232,3
/Users/nicolasdilley/go/src/github.com/nicolasdilley/gocurrency_tool/projects-gocurrency/traefik++traefik/pkg/udp/conn.go,2,Receive,233,
/Users/nicolasdilley/go/src/github.com/nicolasdilley/gocurrency_tool/projects-gocurrency/traefik++traefik/pkg/udp/conn.go,3,Send,237,
/Users/nicolasdilley/go/src/github.com/nicolasdilley/gocurrency_tool/projects-gocurrency/traefik++traefik/pkg/udp/conn.go,2,Receive,238,
/Users/nicolasdilley/go/src/github.com/nicolasdilley/gocurrency_tool/projects-gocurrency/traefik++traefik/pkg/udp/conn.go,2,Receive,240,
/Users/nicolasdilley/go/src/github.com/nicolasdilley/gocurrency_tool/projects-gocurrency/traefik++traefik/pkg/udp/conn.go,16,Select (number of branch),254,2
/Users/nicolasdilley/go/src/github.com/nicolasdilley/gocurrency_tool/projects-gocurrency/traefik++traefik/pkg/udp/conn.go,3,Send,255,
/Users/nicolasdilley/go/src/github.com/nicolasdilley/gocurrency_tool/projects-gocurrency/traefik++traefik/pkg/udp/conn.go,2,Receive,256,
/Users/nicolasdilley/go/src/github.com/nicolasdilley/gocurrency_tool/projects-gocurrency/traefik++traefik/pkg/udp/conn.go,2,Receive,261,
/Users/nicolasdilley/go/src/github.com/nicolasdilley/gocurrency_tool/projects-gocurrency/traefik++traefik/pkg/udp/conn_test.go,1,Goroutine,25,
/Users/nicolasdilley/go/src/github.com/nicolasdilley/gocurrency_tool/projects-gocurrency/traefik++traefik/pkg/udp/conn_test.go,5,Go in for,33,
/Users/nicolasdilley/go/src/github.com/nicolasdilley/gocurrency_tool/projects-gocurrency/traefik++traefik/pkg/udp/conn_test.go,1,Goroutine,33,
/Users/nicolasdilley/go/src/github.com/nicolasdilley/gocurrency_tool/projects-gocurrency/traefik++traefik/pkg/udp/conn_test.go,1,Goroutine,87,
/Users/nicolasdilley/go/src/github.com/nicolasdilley/gocurrency_tool/projects-gocurrency/traefik++traefik/pkg/udp/conn_test.go,5,Go in for,95,
/Users/nicolasdilley/go/src/github.com/nicolasdilley/gocurrency_tool/projects-gocurrency/traefik++traefik/pkg/udp/conn_test.go,1,Goroutine,95,
/Users/nicolasdilley/go/src/github.com/nicolasdilley/gocurrency_tool/projects-gocurrency/traefik++traefik/pkg/udp/conn_test.go,4,Synchronous chan,134,
/Users/nicolasdilley/go/src/github.com/nicolasdilley/gocurrency_tool/projects-gocurrency/traefik++traefik/pkg/udp/conn_test.go,1,Goroutine,135,
/Users/nicolasdilley/go/src/github.com/nicolasdilley/gocurrency_tool/projects-gocurrency/traefik++traefik/pkg/udp/conn_test.go,15,Close chan,155,
/Users/nicolasdilley/go/src/github.com/nicolasdilley/gocurrency_tool/projects-gocurrency/traefik++traefik/pkg/udp/conn_test.go,16,Select (number of branch),158,2
/Users/nicolasdilley/go/src/github.com/nicolasdilley/gocurrency_tool/projects-gocurrency/traefik++traefik/pkg/udp/conn_test.go,2,Receive,159,
/Users/nicolasdilley/go/src/github.com/nicolasdilley/gocurrency_tool/projects-gocurrency/traefik++traefik/pkg/udp/conn_test.go,2,Receive,161,
/Users/nicolasdilley/go/src/github.com/nicolasdilley/gocurrency_tool/projects-gocurrency/traefik++traefik/pkg/udp/conn_test.go,1,Goroutine,194,
/Users/nicolasdilley/go/src/github.com/nicolasdilley/gocurrency_tool/projects-gocurrency/traefik++traefik/pkg/udp/conn_test.go,1,Goroutine,234,
/Users/nicolasdilley/go/src/github.com/nicolasdilley/gocurrency_tool/projects-gocurrency/traefik++traefik/pkg/udp/conn_test.go,5,Go in for,241,
/Users/nicolasdilley/go/src/github.com/nicolasdilley/gocurrency_tool/projects-gocurrency/traefik++traefik/pkg/udp/conn_test.go,1,Goroutine,241,
/Users/nicolasdilley/go/src/github.com/nicolasdilley/gocurrency_tool/projects-gocurrency/traefik++traefik/pkg/udp/conn_test.go,4,Synchronous chan,269,
/Users/nicolasdilley/go/src/github.com/nicolasdilley/gocurrency_tool/projects-gocurrency/traefik++traefik/pkg/udp/conn_test.go,1,Goroutine,270,
/Users/nicolasdilley/go/src/github.com/nicolasdilley/gocurrency_tool/projects-gocurrency/traefik++traefik/pkg/udp/conn_test.go,15,Close chan,273,
/Users/nicolasdilley/go/src/github.com/nicolasdilley/gocurrency_tool/projects-gocurrency/traefik++traefik/pkg/udp/conn_test.go,4,Synchronous chan,292,
/Users/nicolasdilley/go/src/github.com/nicolasdilley/gocurrency_tool/projects-gocurrency/traefik++traefik/pkg/udp/conn_test.go,1,Goroutine,293,
/Users/nicolasdilley/go/src/github.com/nicolasdilley/gocurrency_tool/projects-gocurrency/traefik++traefik/pkg/udp/conn_test.go,15,Close chan,294,
/Users/nicolasdilley/go/src/github.com/nicolasdilley/gocurrency_tool/projects-gocurrency/traefik++traefik/pkg/udp/conn_test.go,16,Select (number of branch),303,2
/Users/nicolasdilley/go/src/github.com/nicolasdilley/gocurrency_tool/projects-gocurrency/traefik++traefik/pkg/udp/conn_test.go,2,Receive,304,
/Users/nicolasdilley/go/src/github.com/nicolasdilley/gocurrency_tool/projects-gocurrency/traefik++traefik/pkg/udp/conn_test.go,2,Receive,305,
/Users/nicolasdilley/go/src/github.com/nicolasdilley/gocurrency_tool/projects-gocurrency/traefik++traefik/pkg/udp/conn_test.go,16,Select (number of branch),312,2
/Users/nicolasdilley/go/src/github.com/nicolasdilley/gocurrency_tool/projects-gocurrency/traefik++traefik/pkg/udp/conn_test.go,2,Receive,313,
/Users/nicolasdilley/go/src/github.com/nicolasdilley/gocurrency_tool/projects-gocurrency/traefik++traefik/pkg/udp/conn_test.go,2,Receive,314,
/Users/nicolasdilley/go/src/github.com/nicolasdilley/gocurrency_tool/projects-gocurrency/traefik++traefik/pkg/udp/conn_test.go,4,Synchronous chan,330,
/Users/nicolasdilley/go/src/github.com/nicolasdilley/gocurrency_tool/projects-gocurrency/traefik++traefik/pkg/udp/conn_test.go,1,Goroutine,331,
/Users/nicolasdilley/go/src/github.com/nicolasdilley/gocurrency_tool/projects-gocurrency/traefik++traefik/pkg/udp/conn_test.go,15,Close chan,336,
/Users/nicolasdilley/go/src/github.com/nicolasdilley/gocurrency_tool/projects-gocurrency/traefik++traefik/pkg/udp/conn_test.go,16,Select (number of branch),339,2
/Users/nicolasdilley/go/src/github.com/nicolasdilley/gocurrency_tool/projects-gocurrency/traefik++traefik/pkg/udp/conn_test.go,2,Receive,340,
/Users/nicolasdilley/go/src/github.com/nicolasdilley/gocurrency_tool/projects-gocurrency/traefik++traefik/pkg/udp/conn_test.go,2,Receive,341,
/Users/nicolasdilley/go/src/github.com/nicolasdilley/gocurrency_tool/projects-gocurrency/traefik++traefik/pkg/provider/kubernetes/k8s/event_handler.go,21,Send only chan (chan<-),34,
/Users/nicolasdilley/go/src/github.com/nicolasdilley/gocurrency_tool/projects-gocurrency/traefik++traefik/pkg/provider/kubernetes/k8s/event_handler.go,17,Select with default (number of branch),35,2
/Users/nicolasdilley/go/src/github.com/nicolasdilley/gocurrency_tool/projects-gocurrency/traefik++traefik/pkg/provider/kubernetes/k8s/event_handler.go,3,Send,36,
