openshift/source-to-image,30aa3ffabc5e5261eb8d592d28a1c52cb665a3df
rancher/os,fcdc9ca4322ad7a7fe70e86fd693bc0407b94aa0
rcrowley/go-metrics,cf1acfcdf4751e0554ffa765d03e479ec491cad6
ansible-semaphore/semaphore,e2ee18a5e7fa9521cb867a8993e783827ce0784b
jordan-wright/email,943e75fe5223047b345337ea74d5951d19d229ed
perkeep/perkeep,e2bad19a87752371bb0f5d25dd5b2885d43735e2
lightningnetwork/lnd,d263a01a2d3bb3570538418a326a8ed165e500a8
clipperhouse/gen,b49aa15984e8594cf517252d23a30811f084eda4
sjwhitworth/golearn,00d4cfd91a1b69836347e30f92fc422b2fe5ebd1
getlantern/lantern,4c6a52f4685b63c7dacb40ed4c184875659a86d4
gohugoio/hugo,cf73cc2ececd4e794df09ea382a38ab18960d84e
gogs/gogs,764e901689484407d6c30d3655c8a1d62bc7c7e2
grafana/grafana,a4e253bcf99dfccb0d74b3bd7cea440ccc387018
syncthing/syncthing,96f5a11fd5d8be31ab1f7e80b82a8982b409ae87
coreos/etcd,a4a82cc98290139f95ae8d2566bdc09948123bdb
gin-gonic/gin,30cdbfcf4c904bb2bcc0f474ff1660a1efb852da
prometheus/prometheus,0a43e788affaa307378c180b65f973a662f4c171
containous/traefik,f81ceaef8a4e0da26ec87b4f936bb1dac96fc283
astaxie/beego,093f976365585855010941376432ce45287f63c4
junegunn/fzf,3f90fb42d8871920138ace9878502f22a4d91e85
drone/drone,5426fb7b31ba10eaed12587434113a7354455630
pingcap/tidb,09f6e1900202e7aa50ff4d3786beecd698f73bc3
fatedier/frp,14bd0716d0e7d4f31bbccc99d96925f2358083b9
inconshreveable/ngrok,a8e7fa486348f391f4bdf241344d798297f953bc
influxdata/influxdb,dc3b501298fe133d03342b5f606e6645a87e0697
cockroachdb/cockroach,74e6b80df3a7a43bedefe47cff68b2c6864817d0
github/hub,c8e68d548a39ec0fab6f674a669c21b54d4eec61
hashicorp/terraform,7c02ef6220ce6de540ad0f3b89486750e967b397
hashicorp/consul,3254308fd3e018f67ed13abe0d652fdc8d8a359c
nsqio/nsq,12901cd322680888dae39448021f6f317d9d18f9
mattermost/mattermost-server,0b79defcbb8c0b927fd4610629762e9153ae54a9
minio/minio,f89d0f68d05870d5aa2d4a9f573eb22d5dcc5ae2
cayleygraph/cayley,7ef662d4c3473f20c3523c9ee094cb21d979da8b
kataras/iris,b2cc3a28714954d24a56f55b6e65e09ba99c65d0
labstack/echo,7f502b1ff10913aeab28abab64f2bf45952c768d
openfaas/faas,a9a77f0ecaa8d5a242606ceaf6deed5d8703249b
go-kit/kit,ab98ef03f368227b016c95423ee291c9812cae64
yudai/gotty,a080c85cbc59226c94c6941ad8c395232d72d517
go-martini/martini,22fa46961aabd2665cf3f1343b146d20028f5071
kubernetes/minikube,769ee32872a9136422c6c215cd7b6253d4740302
istio/istio,8d40d0fd16a9c8401f607eab61d6116a76c43e31
revel/revel,ee237a4ce4b7660dcbafda789dd6f524a4a4b47d
ncw/rclone,f1f923a986ca193f13ec55dfef31c92f66dd6369
golang/dep,f13583b555deaa6742f141a9c1185af947720d60
jinzhu/gorm,90f139aba3a6df83d38ee9563fa50009d4f52852
joewalnes/websocketd,c91a1dde3b070583061d5f316c63357433e13a98
hashicorp/vault,9e4a095c71875dc8a11d4806b580db184b5a5026
zyedidia/micro,a417ec4dcbeab6a78c7fb3b6bd13190fb8f8a51c
v2ray/v2ray-core,5dffca84234a74da9e8174f1e0b0af3dfb2a58ce
go-gitea/gitea,de2e96e37b58eebd0cee1def7f07e6e96023c207
rancher/rancher,9cf0c6c00e62556e9c32ee99c2025e8fe0f11f20
buger/goreplay,bb1bca6f3c135367fae599394a5a8109e0dd4e07
google/grumpy,3ec87959189cfcdeae82eb68a47648ac25ceb10b
fogleman/primitive,0373c216458be1c4b40655b796a3aefedf8b7d23
derekparker/delve,237c5026f40e38d2dd6f62a7362de7b25b00c1c7
boltdb/bolt,fd01fc79c553a8e99d512a07e8e0c63d4a3ccfc5
urfave/cli,58d113dd731e7ab9520fed165b581b8a50663f66
xtaci/kcptun,9a5b31b4706aba4c67bcb6ebfe108fdb564a9053
tsenart/vegeta,d73edf2bc2663d83848da2a97a8401a7ed1440bc
spf13/cobra,4fd30b69ee2b62cf3bbecf0a423f8a1ee47f5f24
esimov/caire,fac9687fbd87351518123fd4c31f1edf03eae5e6
rkt/rkt,171c416fac02516604e48d2e65153dd55a12513e
sirupsen/logrus,b50299cfaaa1bca85be76c8984070e846c7abfd2
hashicorp/packer,d6792820f43723c95dae3870ff444dc84413109e
CodisLabs/codis,de1ad026e329561c22e2a3035fbfe89dc7fef764
google/cadvisor,2dd0cd908dca0c7e3ca255f601ab80a0ef2ddbc1
gizak/termui,f976fe697aa09b747f16fa6e08c36dde5fb16f27
dinedal/textql,fca00ecc76c8d9891b195ad2c1359d39f0213604
asciimoo/wuzz,66176b6ef86c4879975d4075d784135d56ee3e82
julienschmidt/httprouter,fe77dd05ab5a80f54110cccf1b7d8681c2648323
FiloSottile/mkcert,0a3190b1659e514d6e9b03eedfa25049d046000b
bcicen/ctop,c145cf404a0d558e823d207103ab0718329b1fbe
apex/apex,9a7686bae601935091db4bb403e69c6e7cc1c599
gopherjs/gopherjs,eee08aaf2717f633617c829c0b3efa7c235cea22
Masterminds/glide,b94b39d657d8abcccba6545e148f1201aee6ffec
dutchcoders/transfer.sh,e97fdcb2930a3d2d139c80ec1cd3caf521d50b7b
senorprogrammer/wtf,0bcbb76530a95c54b8cdde4e7715a2683cf49f8f
helm/helm,3d1bc72827e4edef273fb3d8d8ded2a25fa6f39d
flynn/flynn,f9a108f5c58129cfb3ceac4345f1abcc722b07dc
cyfdecyf/cow,41c0fb157c8b939b724ae0d58dad3a1b7cd2e811
valyala/fasthttp,cad867ad9211e6fdbe43a3721f9b8f3d3372072b
gorilla/mux,d07530f46e1eec4e40346e24af34dcc6750ad39f
golang/groupcache,41bb18bfe9da5321badc438f91158cd790a33aa3
attic-labs/noms,e5fa29d95e8be72f1add640567f776d1e613d6bc
google/gvisor,c5cc6a65664fed83932596abf2a446a93e357bbe
coreybutler/nvm-windows,9fcb77f9702f99f7db202463f542778c31d23077
gorilla/websocket,e8629af678b7fe13f35dff5e197de93b4148a909
vitessio/vitess,517f5a51f17bf94c3d3bc433a37a4c81afd43a86
gravitational/teleport,b4e7cd3a5e246736d3fe8d6886af55030b232277
hyperledger/fabric,cbe7d44b1c72d9506a1b41959d7cfcf4b63231ca
ipfs/go-ipfs,c9cc09f6f7ebe95da69be6fa92c88e4cb245d90b
kubernetes/kops,c70ced2f666da53dbc5a33db8afab19c5bfe314f
grpc/grpc-go,f7d66b5846f00b6ab0b41a675aef9764176830fa
PuerkitoBio/goquery,372d5bdaa0efb08f1f90c6791601c565674d64af
dgraph-io/dgraph,05a3958e57b020b6df5cfbc47f697511b11fb2e2
git-lfs/git-lfs,8c29e2768fe6251fbb33543c07d5327567684c72
elastic/beats,8da1b9c6792d44221d1e17aef8aff9387c022177
spf13/viper,5c0d079c4e9a38f11b12f4f5a7dbf482435d1810
go-sql-driver/mysql,6cf3092b0e12f6e197de3ed6aa2acfeac322a9bb
txthinking/brook,982c7804632e9ad318ff79f8c6f643afcef37531
urfave/negroni,7915ed3d6bdb7d071a72f9f1e15ace4c78e97636
apex/up,ffd660e6b7e3e6dfabbdb0fd256d3c466468f2ce
github/gh-ost,e484824bbd68085600386ce1b1edfda42af590ad
andlabs/ui,70a69d6ae31ed9d8bb0619a191179c63d846ab8e
chrislusf/seaweedfs,7ce97b59d828b3f6d7bcdab323209740280da3f3
tylertreat/comcast,369bbed601882972070ab348d6e662062892e685
future-architect/vuls,b9416ae0620db95aa9d83d9f5564a96ea0438ffb
stretchr/testify,ab6dc3262822ed562480c19876b0257ace761e3e
tools/godep,ce0bfadeb516ab23c845a85c4b0eae421ec9614b
schachmat/wego,994e4f141759a1070d7b0c8fbe5fad2cc7ee7d45
gocolly/colly,2f09941613011bfde62cbe4a695310b42bf42d41
jaegertracing/jaeger,fb4be5dd0b1dc4b8aaf982a18b074202723f6f79
kelseyhightower/confd,cccd334562329858feac719ad94b75aa87968a99
influxdata/telegraf,435c2a6e3399c08fcecf26b0e294ea7051d1312e
openebs/openebs,9912bb77b0e428cb1c58ce961e30c5162e791c50
docker/swarm,3cc018dc2cd0af0880330bd75bd351bbf54fde9c
weaveworks/weave,e3712152d2a0fe3bc998964c948e45bdf8ff6144
sosedoff/pgweb,eab61f85b97317afab891965b08cc12d7857c008
fabiolb/fabio,bf654ba0f4c94b855b25134e467e35f9c75b1637
opencontainers/runc,b144f3d382706246d600d8cbd3af489c9e947969
cloudson/gitql,adb5c4cee2e6e40633505cde5a2980caadf6b7bb
openshift/origin,eb7ac8ac2d242e16f149ea759a97beddf1b4477a
vmware/harbor,ff617950b70f5a57ebcad259b2bb737e0bbc6a59
docker/machine,b170508bf44c3405e079e26d5fdffe35a64c6972
rakyll/boom,e99ce27f0878c1d266c8a3c266029038e78c5380
restic/restic,ec2e3b260e5affff51e8f45cce53cb521244d284
tidwall/tile38,d95935124a974dba03f2fa4bc7ee32e9d84ad9e9
tomnomnom/gron,6d4fe183671a3583f61c1340bdb7f0a9374f7a1d
upspin/upspin,033a63d02f077a15546cba10c45d7f1126ef5948
jmoiron/sqlx,a62bc6088664eb854c3d5ebbd08a1ffd59662ef1
gomodule/redigo,46992b0f02f74066bcdfd9b03e33bc03abd10dc7
peco/peco,d4b3c115e91cef8031e11c43218df845a0d3cad4
micro/micro,6f7737ba4064de91874483a853b9bd6c883c6047
shadowsocks/shadowsocks-go,3e585ff90601765510d31ee1d05b6f63548c7d44
Netflix/chaosmonkey,c16d769a82bb765f6544627ef6f08305791e8895
google/seesaw,915f447b8ed800a9aceda347adb83e5ae570880a
simeji/jid,ae62fcf9b55833a1c5f0930b98ff5b3676e5134b
linuxkit/linuxkit,46d4edc967b5a9de705840d30c83b83fedabb492
ory/hydra,1a7dcd1c464a9707237108a894f7b1d10f27c79a
blevesearch/bleve,2442216e141e62405f5939693a6837141b9b748d
hybridgroup/gobot,a8f33b2fc012951104857c485e85b35bf5c4cb9d
schollz/find,b69e6fd2419e559ee29a79b1a0656b14b10b3e68
fiorix/freegeoip,4693d60f740b9e68083dbc7541ec0abe9dabe936
hashicorp/serf,b6b1e3d4d44f26faf63e7ebd66009cdf4b4ae564
prasmussen/gdrive,fb08fe2ff9c0eab821a5d78fe7ee8fd7a37aeac8
nats-io/gnatsd,2539bbb957efd462e239d583c75acc307fbabc62
emirpasic/gods,79df803e554cab06f835fb729064282b2fd4cc99
nsf/gocode,5bee97b488366fd20b054d0861b89834ff5bbfb2
GoogleContainerTools/skaffold,76cee8552379db7c68abebdbc6cdb52cee47e431
xo/usql,add4f2e70285167b9de9db89ef943d574cee71d1
henrylee2cn/pholcus,bf4a87b9aa74fefaec49f991d3ac213a43a313d1
Workiva/go-datastructures,c466da296827daa1e1efba14c912e2802533fe7f
uber-go/zap,d8fd848d18f219469bc0e197017d26cde7b7e4c4
igrigorik/ga-beacon,ebbc061431ac203109eb058be300803302bbc72b
tidwall/gjson,75046d2a7a897e7226567313883d6a4bbe33622f
rook/rook,1632af9b070dc61507620623535542d05fde720d
gobuffalo/buffalo,f6b7b2a330330ef583fc15a0d0bbf6ed331bcede
kubeless/kubeless,c34365671524e2411483ea57d80db1ab7529bec9
fnproject/fn,d55e01ab7d565e9796748f2f40662e94394aff07
muesli/beehive,dfc6fd3bc57c24d6d67661984ffb85a128a57d3a
russross/blackfriday,e96880f42b9343aea6cbfd99693adae0e5fe2b2a
ant0ine/go-json-rest,ebb33769ae013bd5f518a8bac348c310dea768b8
uber/go-torch,86f327cc820ea7d6c5cb350dc99e01a718794f35
hoisie/web,a498c022b2c0babab2bf9c0400754190b24c8c39
shazow/ssh-chat,7628a47c4c7603982a20c4c48c5ddc61f9269279
gchaincl/httplab,ddfb5124d4e82a6934644d8616a336dbf3e5735b
elves/elvish,919b93bf97f1d5c053723d6e6b1cc2ad99f45fd7
snail007/goproxy,a90b838e34c545fdad2c413c6a322261e922651b
goreleaser/goreleaser,b661a57105765b1b754b7fcc1780dcbfef65ea3d
adnanh/webhook,2a36f24269bc43e03f673dc283d811c5253e4772
rgburke/grv,cffa246f92566fa385373cee82349f84d7c28212
hashicorp/consul-template,78eedd3ba545cc4ce13e1e162735236291e70028
ha/doozerd,8adec5411b39dbcc94c02b3669ee06379ec83ead
progrium/localtunnel,5b6c1a6c73177b1b8091bdb9f11b26fcd3b4e909
alibaba/pouch,bc5839e3c493f3bcc56d16a65fa9d2bd0e7866a5
miekg/dns,ab67aa64230094bdd0167ee5360e00e0a250a3ac
therecipe/qt,c0c124a5770d357908f16fa57e0aa0ec6ccd3f91
grpc-ecosystem/grpc-gateway,9185677c9fd11e0e18ae55eff719bb3f6ddbca3e
google/gxui,f85e0a97b3a4aafc65be1b86d962a8734cd27bf9
aws/aws-sdk-go,2ab2a7fda76a11d2df0a0d15e554de2139672d31
docker/distribution,677772e08d6465bcdd09070d664bcd3ed64964a6
lib/pq,9e747ca50601fcb6c958dd89f4cb8aea3e067767
loadimpact/k6,a96a8abf4bb5122545ddec5b8412b791eaa5fcf3
yinghuocho/firefly-proxy,69c2bd0414cf1a17fc55d01836cbc021fe291f14
bitly/oauth2_proxy,fa2771998a98a5bfdfa3c3503757668ac4f1c8ec
dgraph-io/badger,172faed1601f5a33b40838d4280678aeeb80feab
zricethezav/gitleaks,67e3603ba4d53cfa34c3aaa4061e004eb31f5782
micro/go-micro,ed9053ed940eb3fa85aded3f69e69d970e5b4e20
robertkrimen/otto,373ff54384526e8336b5b597619d0923a4a83ae0
coreos/clair,28b78c5415696ab23a1465f5b631f0be2cb97704
rqlite/rqlite,8eaf27134fdfe21a9b3c296f1416113997cf9d15
keybase/client,1b49f47af09a10a7dae6d660612c48e042905712
dgrijalva/jwt-go,9742bd7fca1c67ba2eb793750f56ee3094d1b04f
go-chi/chi,df44563f0692b1e677f18220b9be165e481cf51b
ponzu-cms/ponzu,9bc41b703131aa42ca64265ab6fdeadc37841e66
wallix/awless,44e892b4961fc09abf82f61de2ffeb66a20c82b7
google/git-appraise,f552474f91c8c172ffb9834315e576d6071bc2f6
go-redis/redis,c16c45cd343688e363925429c53be4312ab27126
google/go-github,378e48454045fa9928c5c7f19b69d53a835f30db
facebookgo/grace,75cf19382434e82df4dd84953f566b8ad23d6e9e
direnv/direnv,15ca4a2d10f3c993857b59414112f2e8ab8cc7e8
gliderlabs/registrator,4322fe00304d6de661865721b073dc5c7e750bd2
hashicorp/nomad,d4bc0496fd1570b264d3d97801acabc9882d919f
smartystreets/goconvey,0fc5ef5371303f55e76d89a57286fb7076777e5b
go-ego/riot,f4c30acb3704545c3c28f957fc03cf7bf35598a7
kardianos/govendor,e31350db9750308ce016ebef8350a8ff1e0a37d0
iawia002/annie,5391d8269d1d1df45a9bacd4efe61cafca9c08bf
mailhog/MailHog,0441dd494b03c9255a9b8e90e3458ebb115eacff
davecheney/httpstat,74b2de5c769519c46dbf553abe09a862e71202c4
fogleman/nes,0aace4b1814a95199072735e778b1c6ff897ce00
flike/kingshard,f17b3939474659568b3aa14aa89beeef8da4f24b
TykTechnologies/tyk,9319ad8fb1efb48dc30647a6ab1bde02bfb05e30
rakyll/hey,898582754e00405372f0686641441168f4e2f489
erroneousboat/slack-term,c19c20a3e5c597d6d60582fcba1a3523415e8fe4
ardanlabs/gotraining,9c4b84f7b7a28e2646d457a2875b08df3a0e6b1d
go-xorm/xorm,f39e5d9bfdb70c435f8649555f224c0fa4f51e54
alexflint/gallium,29fad377510f778570ba077813145a33e54e6f7d
dropbox/godropbox,52ad444d35023d078d496d305d75511e772f0295
google/battery-historian,d2356ba4fd5f69a631fdf766b2f23494b50f6744
kshvmdn/fsql,41f35fa0b9fba43eca1dd57a47376479fcd2f125
fission/fission,a1cbce810ebce938aefb8d9c883d3942c8d7a01c
zenazn/goji,a16712d37ba72246f71f9c8012974d46f8e61d16
gomatcha/matcha,d2dd1c5db1f5c1a7c0de70ead920a999e1e2bc9a
tj/node-prune,1159d4cac8090ca0b4a3d900ae81efb72558ea8a
graphql-go/graphql,f02a1c961028d3ba7ac6bb22eaa09b31a2cb53dd
google/go-cloud,a2763cca1f01818a4bfe8ce4c15410c57b6b7ec7
mozilla-services/heka,278dd3d5961b9b6e47bb7a912b63ce3faaf8d8bd
gliderlabs/logspout,91f3779cccceab522d18f9690c22f949d8f19361
open-falcon/falcon-plus,9389d1f4e38486f87f86aa586cc691e856d968a4
qor/qor,d4801f56ef63c5b499f9bd81675ed2d974f445e0
coreos/flannel,fca1560c91cc44f3c15355b0c2de431a2b7dbf23
coyove/goflyway,dfffaed0d1031c343ce6827ee1efbeefac1311ec
burke/zeus,9ba439429e0337c6fb73c0a70c7d907a3a49a912
json-iterator/go,c6661824eb80fee59cda66f95d8c70cd0b23489c
pkg/errors,5dd12d0cfe7f152f80558d591504ce685299311e
golang/protobuf,ae97035608a719c7a1c1c41bed0ae0744bdb0c6f
Shopify/sarama,839d956754c997be6f89280affb6f55632191684
cloudflare/cfssl,29ae05fe80e1a9c704ddad7002d90ade7a38cb29
golang/mobile,a0f9ae51e38e9a5ddf6437c4e144a9deb9df27cd
usefathom/fathom,69baac5c4a4d96880a28be1c82a519b43deda3b9
huichen/wukong,ecbd39fa0b56190b63a8e2753fa75d7ae1813dbf
goadesign/goa,65634062fb932cb43e58d5bbbee6708ba70cb9bf
jwilder/docker-gen,342744e00090671091363aeaf8e31e2769f064de
Shopify/toxiproxy,57dea59d7c16c34dea9b6846613db26c79a2a701
nsf/termbox-go,8f994c032445f01d32d27544f62d4dfeaecfd52b
fanpei91/p2pspider,e81c7078285c96c91bbbb2f2580199f8f3f61bae
alecthomas/gometalinter,32416ab75314da538e4a51cdf3c6189b66fe3de4
filebrowser/filebrowser,16e434be666c9c0a852dcba11f9cfb7464187074
go-gorp/gorp,80a2f4b08eacc7bb0951e062b66380d0a5a1e750
bettercap/bettercap,74e33039632909aa0d686009f1a6f67a5bc5fc64
tsuru/tsuru,38cab1d282625a7d4da02356bdc7e02282144d15
src-d/go-git,8b0c2116cea2bbcc8d0075e762b887200a1898e1
centrifugal/centrifugo,3ac7cfa85dd7829e8090801dfabb75283a6bdecb
containerd/containerd,e00f87f1dc6a22d3c34495dcd75769d80e56a761
emicklei/go-restful,01fb51e188b60bd045bd17fb67e20bd3105691d6
shirou/gopsutil,5268453c1e25853698065e9e5cb14afc175610c3
mitchellh/gox,8c3b2b9e647dc52457d6ee7b5adcf97e2bafe131
olivere/elastic,825f379e47626f5731d88b998b58005457348313
kubernetes/kompose,82071460392585e3275de9ed8342637b77b33e00
NebulousLabs/Sia,a25183288df2fc0ba6e43ef2d1b9644d0ec29ba1
appleboy/gorush,61af86605ed2d5f6f57c9dd51fa5624e8b9c29d1
schollz/find3,5964026678a3b2c9f50f2e638f0eb1e0ecb6fe81
contribsys/faktory,300fff8d3c6e1dd596fdbdc8dc25d4c4a1f9b01f
btcsuite/btcd,f9d72f05a4bcf5288a237b652ad2b9a5fea4630c
asaskevich/govalidator,f21760c49a8d602d863493de796926d2a5c1138d
lxn/walk,c389da54e794a411ec9c9bfda01f2a0eb1b5a9b4
motemen/gore,76d29151b81f4d7dcebd4e70cc453b0f006d6768
goby-lang/goby,0589a71a10e0b73524db57ec13108b86f2ef61cf
travisjeffery/jocko,9613083803fc7d0fefd10d6d0cf00223d13ba301
xenolf/lego,d2e526e8dde83836ae3e2fc95e93b78afa6b51da
claudiodangelis/qr-filetransfer,fa4cfc5457be528030e06d4d36cd5a84af632cab
adtac/commento,a4c5cc8b9e5749dd50ef01f94c08dd7944a6d9c1
robfig/cron,bc59245fe10efaed9d51b56900192527ed733435
casbin/casbin,a380d0052d92b28cc36a5940515339e0f1c844fc
vulcand/vulcand,219dd98cfc7ae2ba719f98d53bbb491e9105f85f
oklog/oklog,ca7cdf51fb41fbc290986e9a24db4fa644ab0714
weaveworks/scope,7dee388e7fe7d408c08e55428523125770aad7f5
siddontang/ledisdb,d35789ec47e667726160e227e7c05e09627a6d6c
cilium/cilium,1695d9c59ac4e78b5a02a96e83a57ec07ddbaa7f
google/gops,f5057debe6e9a09ade322a17eb809fa94ada341a
golang/lint,6edffad5e6160f5949cdefc81710b2706fbcd4f6
codegangsta/gin,cafe2ce98974a3dcca6b92ce393a91a0b58b8133
smallnest/rpcx,f90884b7c6200f49954d68474b767e5815e1bda9
bosun-monitor/bosun,e25bc3e69a1fb2e29d28f13a78ffa71cc0b8cc87
mailgun/godebug,bfb01ae9c26601793d8cf00f074489f7ad52288a
cortesi/devd,c1a3bfba27d8e028de90fb24452374412a4cffb3
karan/joe,f5f03b8bf98c376bd075fee955fccd989ff27632
letsencrypt/boulder,818e01d3db11303b4ad5d49658920bd1f1a42378
jroimartin/gocui,de100503e6c3afcfd3ed101e7263ada4166f634c
elazarl/goproxy,8e322dfb79c43cc078201ade94238d8c7191dfe7
fatih/color,30388e0cee19cb5904d644c24b83e69f54433314
tealeg/xlsx,d5ce25722f69ea312916afaae0342c232b833e6b
go-swagger/go-swagger,2a8cd0317828f3674ecfde5439a21b3740564be6
jpmorganchase/quorum,614b212d4f99565acde226dd7c74dfa7d559aee2
olebedev/go-starter-kit,12d8bc473581b5ce9b29342e49f8e3086c79ae33
fsnotify/fsnotify,466b39d216616549a37ee93c7c47775f6a010790
jpillora/cloud-torrent,1a741e3d8dd2d739be740e20d93fb33c4132615e
twitchtv/twirp,93129a0f540b2a0c1526e58f2ee3497a1371c8b0
Azure/draft,3206e97af58cb9bb656f0df5cb5ae0808b87cbe1
davecgh/go-spew,d8f796af33cc11cb798c1aaeb27a4ebc5099927d
go-macaron/macaron,6f0734af874f7086d2f5c465c316d90ebcf02ab5
jung-kurt/gofpdf,a2a0e7f8a28b2eabe1a32097f0071a0f715a8102
michenriksen/gitrob,7be4c5306a61383a3ba16777b520b3c2a8956a1e
kubernetes/ingress-nginx,8a1a5e93c720d5ee0000c8db2885b7846025bd3e
v2tec/watchtower,bd74c0561466bc904d8c0a0a43a19603e60d275d
bitly/go-simplejson,39a59b1b2866b3d321f1d6ca8ad9d1748cc6d8ea
remind101/empire,30eb747f91c85843ca0860a3c96d7ec90b5b45a6
tidwall/evio,c72befaf8b4ff9419bcd8b150f582a358bebf33b
aelsabbahy/goss,6e5d3e37bb1facb315fa9f49b523b7e41496dfa8
coreos/fleet,4522498327e92ffe6fa24eaa087c73e5af4adb53
nlf/dlite,d0ee08c326039e7c8e8586580fd4536e38ec9fdb
Terry-Mao/goim,e742c99ad76e626d5f6df8b33bc47ca005501980
manifoldco/promptui,981a3cab68f6f3481bf42c6a98521af7fbd14fae
coreos/dex,b74af809fc5ef719a36d03ded7d3d7629033142c
syndtr/goleveldb,2ae1ddf74ef7020251ff1ff0fe8daac21a157761
pksunkara/alpaca,10e534713d3cce11654448e2ccd9a3600e8eb92e
coredns/coredns,9b3b2679f5020f10cb8ef4c0bad33831333f09fa
sourcegraph/checkup,77e7567835d43fc7358b88e8e984f2dd85dacf4f
anacrolix/torrent,cce8c150c20e6bd7c5751036ec7edc1838591bb1
oxequa/realize,498ce46d1b223185254598c51d88718179abb71e
RichardKnop/machinery,53e2e28161717cf6185645f080214577dcf0edfa
zxh0/jvm.go,129b147ebcc820279748f6095c916da1986ebef1
monochromegane/the_platinum_searcher,ad20073a3cb5bb354a1fde44ffe5aa331982cbd1
docker/libchan,0328dcec840a0659448faf08af087135fffb7fde
NYTimes/gizmo,07c338b522c458c77cdb85b42b961bb11b743153
fatih/structs,878a968ab22548362a09bdb3322f98b00f470d46
iron-io/functions,d59d7d1c40b2ff26b1afee31bde64df444e96525
tianon/gosu,9f7cd138a1ebc0684d43ef6046bf723978e8741f
360EntSecGroup-Skylar/excelize,5e1fbd6bf703b9e3ff0eba48c7ee861b99778cba
uber/prototool,a6d064684c011c8482f4218c681a66a64031fb1d
go-yaml/yaml,7649d4548cb53a614db133b2a8ac1f31859dda8c
dvyukov/go-fuzz,b1f3d6f4ef4e0fab65fa66f9191e6b115ad34f31
mattes/migrate,4768a648fbd9e04389a73a21139d14a4ccb1a61a
AsynkronIT/protoactor-go,df2fc305778c5875a88880f2eb376a4298622f73
murlokswarm/app,d3fe3318d58e07412282575b8d814887c50c8201
googollee/go-socket.io,79d3438d3587614744a6a264a20e4310d3368b35
jingweno/ccat,27844a750a88dceac99932514f0b2846e4427dd9
kubernetes/community,98b3d97d2e7f91bb62b8e88710c29c1675efb689
gilbertchen/duplicacy,e43e848d47176144049b93938f09820c61effc72
meshbird/meshbird,f6d04a4e2028529d670d5d783f88978d97428fe1
name5566/leaf,8592b1abbbbe0c256305b58a57aa995d4564bc7e
satori/go.uuid,b2ce2384e17bbe0c6d34077efa39dbab3e09123b
google/netstack,55fcc16cd0eb096d8418f7bc5162483c31a4e82b
linkerd/linkerd2,ecd39700c4dcf0cfcc1e70a6947023c902f07575
jpillora/chisel,60d62c6f20e93f4932703d2fccfec86af5e4161c
Checkmarx/Go-SCP,e91f54cf55f0973237a1dc6c6338f8a35f4b3df0
kubernetes/heapster,e1e83412787b60d8a70088f09a2cb12339b305c3
yuin/gopher-lua,f4c35e4016d9d8580b007ebaeb68ecd8e0b09f1c
fogleman/ln,12e6c6e7445909f817f1b8d5581be4255ffa1437
onsi/ginkgo,81705fc0e78113b1453bd0564ec51918a5a08501
pquerna/ffjson,aa0246cd15f76c96de6b96f22a305bdfb2d1ec02
ginuerzh/gost,8f08304b75376d48162ad4c1fb5aa38d0ea6db29
bfirsh/whalebrew,372a6bcd5c154128f88d7a11d898dbf89ccca00e
FiloSottile/Heartbleed,4a3332ca1dc07aedf24b8540857792f72624cdf7
chromedp/chromedp,3f81ff8463df931d8f1c2574610b62660c06a01d
vuvuzela/vuvuzela,55ba49f81ad006877ae6b4d76c0958a3ee956441
nuclio/nuclio,4707eafeaad72ee3b1399872bdcbd0b59de93b34
itsabot/itsabot,48a5b1e70afca321d0c522922746b667c29a6070
go-mgo/mgo,7446a0344b7872c067b3d6e1b7642571eafbae17
BurntSushi/toml,790398371440b82ecee7b2cc11288a9d9c5034d1
chrislusf/glow,4c40a2717eee6512247ce30ab8a8428348d6d9e9
constabulary/gb,f11784c79acf8d0c0a516774585aed66dc0dc439
360EntSecGroup-Skylar/goreporter,df1b20f7c5d0f3538a3dc2cc04f68c59ba177fc5
d4l3k/go-pry,12ce9461a069b456889748a62862a8d4353dedbc
gravitational/teleconsole,be7c396bbb444f7a92a2526503151405df379ae8
HouzuoGuo/tiedot,6fb216206052eb2ae4306cf5e75acfa88f60d481
tendermint/tendermint,7fe3e78a38e668649afe6cc745c99fc119d81714
soundcloud/roshi,37e77dceaadaf4a0a455079998d6128ef8383466
davyxu/cellnet,302d672c174398a59be8214e78254bc1b9076ad6
gernest/utron,699b668acbbd8d22389ce24976feb23d19481a57
mehrdadrad/mylg,faba8672ef9f2693ca9093d2a3a671114401e55a
google/gopacket,3eaba08943250fd212520e5cff00ed808b8fc60a
rivo/tview,29d673af0ce2281f8b517d1bd14aab453b8fc8ef
koding/kite,baa1a54919e3035417f7571dd46005e91afe8abe
hasura/gitkube,ec3d06703fdb37c7a37a903fd2588ababa7c3f6d
docker/infrakit,41da4a601bbb18514c61ebaed12a229098ddcd3e
gorgonia/gorgonia,a352ea0de1e0d6add752789ee54c724f5dcb6b7f
go-playground/validator,ce34f361cca51e25715399ab801c5e1c01d02d89
hashicorp/raft,1a621031eb2b3b8e93a317a1c4babc554803ca32
sourcegraph/thyme,6b30af5798bdc7e0388758a0544020aef15d61c7
tidwall/buntdb,f7014795e897adf961a7595c4ddc9f641dadd67a
benmanns/goworker,d28a4f34a4d183f3ea2e51b4b8268807e0984942
alecthomas/kingpin,b8173ee570eee0c2d38a2f7bda8a5ef5f3d25f08
jwilder/dockerize,9ce2e80619962abe9ba90619e009d29943446ab3
streadway/amqp,e6b33f460591b0acb2f13b04ef9cf493720ffe17
astaxie/bat,17d108071a533d01ce6a8450c0e5b41a2f8405bb
jedisct1/dnscrypt-proxy,8178f3419f87f4d0b56720d1c1eb98cdb69cfa29
buger/jsonparser,dc92d6932a1272b4d8f485f798a88c3a75106256
yahoo/gryffin,e540a089d44350ac7ee67cec82cf1f3af690bf0a
jgrahamc/httpdiff,7e439a23a8b9f1d26f0c1617e9e479dcc921ec7f
variadico/noti,47054ddc16e762c0c44bdae2012ecb70d5b74b1e
gaia-pipeline/gaia,a591e361edf53dbc23e0b27d676e844ec81c3765
gopasspw/gopass,a7e343465b4e45b0bb5b9c3dfe12032539506d6b
go-pg/pg,785257dbd73b54aff53afa31cb25b97dea218844
golang/glog,9ef845f417d839250ceabbc25c1b26101e772dd7
golang/tools,8373dc3f73abed2ac578b9c8beabea4d59f34ab7
h2non/imaginary,826d2f4958de2a7862fe92b8e4afde1f206c56f6
gonum/gonum,8d530b64375832b6daff819bd9bd984b2c0396cf
gpmgo/gopm,8898a4094f1ad736405a91d3559ae2acb3edaa25
knqyf263/pet,5d0345a656f82e6edcb60de5380f5f1d7274683b
goraft/raft,0061b6c82526bd96292f41fa72358ec13ee3853c
nfnt/resize,83c6a9932646f83e3267f353373d47347b6036b2
go-qml/qml,2ee7e5ff737026a4dfa89801fac63561279040f4
lxc/lxd,e8d43699283fb8e4cc16225b511949ea29356ff2
redspread/spread,382198ac9350d771facc76f4242ab76ca774acb9
kubernetes/contrib,89f6948e24578fed2a90a87871b2263729f90ac3
gogo/protobuf,226206f39bd7276e88ec684ea0028c18ec2c91ae
skynetservices/skynet-archive,c1e213743e42720a89c53bfc641cc03d9c172b78
jetstack/kube-lego,bac4b8f3047171a181b939dfa63d3dc1ca1a2860
hyperhq/hyperd,8a7e67dc33bbccdfc92b5e2a908bbdb1c5d9b956
gwuhaolin/lightsocks,0e5c7f2c76615811b91cc7e52a02e6cc8bac8d82
GoogleContainerTools/kaniko,7e3954ac734534ce5ce68ad6300a2d3143d82f40
markbates/goth,153d389016deb47b6626cd45a3d310970e090bea
parnurzeal/gorequest,3a0cb377f5710017dec64a04559707693434c708
sideshow/apns2,24a351fbd4071450b2ea47ad9dba3a3b07bf7829
patrickmn/go-cache,46f407853014144407b6c2ec7ccc76bf67958d93
prometheus/node_exporter,b6215e649cdfc0398ca98df8e63f3773f1725840
go-gomail/gomail,81ebce5c23dfd25c6c67194b37d3dd3f338c98b1
docker/swarmkit,7956265ead9931dcea6357415d75080e95d9e7ed
wcharczuk/go-chart,c1468e8ae4ed7c6f564f3bb54ae90b563dcf65ce
rcrowley/goagain,f2f192b5d1a96e21dd4026ce67cda85e49659a48
nats-io/go-nats,73ffc26dfe70cc3b217df38d209c83b6d07eaf3c
kelseyhightower/envconfig,c974cae29cf5b543b30f7ba91f8ce9649cd69818
asticode/go-astilectron,ded625709bb58c4d43329d18a5c3d6073f8e966e
anthonynsimon/bild,153f9d751f27d1016e4131cc91346aea623a7db0
jinzhu/now,9d6adef43842618d5f0cd184a7710c1968a1d9be
graph-gophers/graphql-go,af5bb93e114f0cd4cc095dd8eae0b67070ae8f20
pressly/sup,38c046b7c4d88a49702005a5e635d6d0da53bab9
GoogleContainerTools/container-diff,e116514081341735a1e81aac5e87fbd40996bbf7
maruel/panicparse,f6bdb73289a98659830185428bca576b11c9d4b0
dominikh/go-tools,ff8ab87afbe0558b3390b89a4e657fb098d19a4a
intelsdi-x/snap,e3a6c8e39994b3980df0c7b069d5ede810622952
fvbock/endless,447134032cb6a86814f570257390a379982dfc61
ChimeraCoder/gojson,fa01aa3a208834638989d1255282988a4865629d
improbable-eng/thanos,4276b50564d745d28a9f6ce3e92d19d6fd50c46f
coreos/torus,b53b701fc3af89fdf5f2999ebbc3b778e8c18ccc
nlopes/slack,c05e07b0a5de7028683e3ff99cb6e7a527809fac
disintegration/imaging,d40f48ce0f098c53ab1fcd6e0e402da682262da5
howeyc/fsnotify,f0c08ee9c60704c1879025f2ae0ff3e000082c13
google/syzkaller,7eb7e15259fddd67759f90feb2b016da878f76c7
elastic/logstash-forwarder,553e6efec0528a27a8e7cda37c545c19c2cea7eb
Terry-Mao/gopush-cluster,1c279b4d085fe66fc0cfca66bf2ddfeb0a5d3bc5
coocood/freecache,732ffc7739fb487cd8e6d4ad558f1622c8163a1f
golang/oauth2,2bc19b11175fd0ae72c59c53fa45eff3f93d6a46
xo/xo,3cb6d6e2c269e61b28f8e357f0a8332aef14c138
Jeiwan/blockchain_go,ff408351a2b8b12e7ad22d14d2e79ef08e0a79f2
convox/rack,e962bfa6e37e773d8f5f7db997d12002e3f79c41
jetstack/cert-manager,9cd7d35303b68e93f93e71e4a414cb5b7790ab2c
heroiclabs/nakama,86ec32a1e53907b874f5e52e472b0291a76471e0
rapidloop/rtop,c49441bc1faed5bf8946a037ec974695c0e79020
kabukky/journey,58d81ca85b7716ed4a986acce99530759d4f5ffd
genuinetools/img,3667c6a05b1a2c2c6b680e2323fbcc9ed76947a8
bradfitz/http2,aa7658c0e9902e929a9ed0996ef949e59fc0f3ab
solo-io/unik,a58d3e8e33b72a56976ad41f74ce16a9099cc234
gocircuit/circuit,fd2add79ac1e5c203803f3e845169584c2aafaa5
pilu/fresh,0fa698148017fa2234856bdc881d9cc62517f62b
jedisct1/piknik,d6b7f77256f52cdc37941736f9de9c15c2248a10
google/pprof,02619b876842e0d0afb5e5580d3a374dad740edb
c-bata/go-prompt,82a912274504477990ecf7c852eebb7c85291772
jdkato/prose,6d09853dd3a338efea9ad9dd4ccedf48a45ad317
arachnys/athenapdf,dc33a8ac7f06ed6054f847aff291e489f981ec9a
chain/chain,724e53a2e64de7d25f20daeec4d87f47291c5ba7
PuerkitoBio/gocrawl,87e34eba2f3ccba0fb4094a1a0455501ccd47ca6
Masterminds/squirrel,cd1fe0a38ba74020c727421ca469fc4a4d7f0258
getqujing/qtunnel,ef8680dfe0ff23ebf44dc78039adf4e4ebf31a26
lucas-clemente/quic-go,0f3c94f92d9370eba392db7258f9d22435199b6d
shiyanhui/dht,5a20f319926383187ead6e7eb2509b08599a9ee9
justinas/alice,f529ea017aa67ac4ae010b040ef0e4ba3e3665c8
cheggaaa/pb,3058580baeb74f7bfc7e9ca1b924f34cc070f0fd
lifei6671/mindoc,acdd2e2f4b601f6de6fc24619131b142759030ce
spf13/afero,bc94f58beda5dbff6f74599fcb1f1717c5b1c111
fogleman/pt,6fa0015c2178c2ccd524e0b35b16081e5c9d3101
rtr7/router7,575a14c394519c69e305b1166d523587543398d7
uber-common/cpustat,b3265a2cd9876b61c385431f3d1e6ada01726591
aptly-dev/aptly,f9d08e1377970d2b13410da3d1d452b935041a4e
GoogleChromeLabs/simplehttp2server,81e8e1074d89d15b32f27a24660643bd2abbf075
goadapp/goad,612187f4fd0d04b18f7181e8434717a175341ada
github/orchestrator,dabfb16fd8914c6e71da94ae3a9bed699221b532
surgemq/surgemq,5bbaa1a27fa3a81192dfe07d7e3dc8bd58826f71
docker-slim/docker-slim,243c328df23a2b085238c2e35df8125b366a658c
siddontang/go-mysql-elasticsearch,fe261969558bf79dffa46d37d2b95f62d65502a1
hlandau/acme,f435a604ec5ad14ab7907c3ad24c2c676ba585d5
mitchellh/mapstructure,4664f9ee512b4dfa71b501c4960d469c205b2cf1
allegro/bigcache,ce711ba7ece571def89f960ddf39103af2e0bdae
laher/goxc,e513940c33796cf695d78637d035a6c7796ff030
whyrusleeping/gx,4f048f2b0c6c09c21889b11e1c06777752220b9e
zquestz/s,dfcf82435c20ea89339e52c1b9be0bf6c77feefd
mperham/inspeqtor,ea4f56394811af5171c0746ab805a97946d82a38
GoogleCloudPlatform/agones,6940562bd8a1a709351fa3cfeeb64980734b3277
hashicorp/hcl,2ebbb5d2dcc67881774d2b81d1497a55452e890f
golang/mock,91dfb599b20d47c728a51d04fe57886f3d1ac980
dustin/go-humanize,249ff6c91207eb7d29cdd84d01f921def792922a
coreos/prometheus-operator,6b60cbcf4beaf679744077bc6f5b7e758f668658
dzhou121/gonvim,c264bb83afbfe10c2d4991037142c169ce6519c3
sorintlab/stolon,057389f7e484ee1d5c1e1a7020256020e7413c87
zachlatta/sshtron,72c411f5d3de16f0c574ff6045114455142f7964
fireworq/fireworq,cf32d6d832bfd2d5724057b7354c646c3d0eb8fa
libp2p/go-libp2p,fd4d2a47e21fc516dc97fa0077c2b8a87c35d2c3
victorcoder/dkron,5300781f3e5e0ec87d72312d24af4f31662ce4a4
tdewolff/minify,595eaaf7bb09486a5531e50fd24ead407c67da78
mmatczuk/go-http-tunnel,10e3e0d19ab0acb9817506531130b349dbefb492
DarthSim/imgproxy,dbd19649a6e3d712aca66b3dc18ac7365915901f
ReactiveX/RxGo,74da315681a303ef1d1f42a65b0c9e42047bff1b
jwilder/docker-squash,62c54ee94862609baab13a7b80076a64f7331a5a
kahing/goofys,08534b28a2195d30bb3c45dce0b834f3696028b8
volatiletech/authboss,e74112f6170d67dafda5c9a9033bda38cd9df4e5
faiface/pixel,b61f15070185ca0934a2aa96f20cb553a2145566
ahmetb/go-linq,9b75bfdcd4c49fdfd69601f69c8faec3c8ceff0f
tenta-browser/tenta-dns,8a8ab0bbeb86f54d3a26606118d06ca03e49dfdd
chrislusf/gleam,ec443283eab3247cfb716508995e335e2ff31083
celrenheit/sandglass,72fe0f8e27497109f065c2ec9106b3cb4a77fe0b
gopherdata/gophernotes,a574d64b223af727a519a4ab7e36f7fe2b78b10f
digitalocean/doctl,bf7a3ffc6f41b257be96922b2b17a61dd9f4b518
containernetworking/cni,5608690f77380743f29bb314458da9a9fb88c003
go-bootstrap/go-bootstrap,c980814f3a588a256cd64146edda0be8238d8442
influxdata/kapacitor,b5af8896689fde42a883e6460a6cf76f23cfb8e6
iamduo/workq,fc15ddb2896728be7fbe5c0ac286bdf22d5603cf
pierrre/imageserver,8c89cbc7ecdbf3b96986fabc2f4266e3ade2bd78
gruntwork-io/terragrunt,8bed96121e5faca1e4381208f1552bd53755f848
cjbassi/gotop,65d76af83079f16b6082a5326023438e87b2a8dd
mkchoi212/fac,b1d27a166d0f5abea837d68025eda9419ae962d8
mailru/easyjson,c120ca7ced6051261161ce15e8f1542a4b2567fc
achilleasa/gopher-os,1a7aca464ed24473d1a01d1b6a7c42ebabcfc6d0
theupdateframework/notary,1062e481efc6f3b4995fb3b04812ac3a4fe6791e
jackc/pgx,5320ad87c845b5ce1d8485af5b36a0c67deb9224
gobwas/ws,26e4a4444d77ecdf8a75215099f27cf941ce2db9
RangelReale/osin,0f3357bb07e801ea62327872d19913969001dd7a
mozilla/sops,2395f07610e45d507ec0d4b3ad48dbf502ed5bed
mmcloughlin/globe,653bb586373c53c45d1a6c3ffa6eaeaf1ed5d730
pilosa/pilosa,8886da126f7dc96deb9c0b49cac2b0e81f01d70b
raviqqe/muffet,3b4f2062e5f79ec7aa0754d9a10d5f40047fce31
yhat/scrape,24b7890b0945459dbf91743e4d2ac5d75a51fee2
nanomsg/mangos,863d2370b2e00ba49f2c829af7a1b0d93664641f
labstack/armor,84043c96381f66a5a6f6f25f17b21934be81df49
utahta/pythonbrew,8e866c8fa22f7527d92e38b75e1b83f69eb685c7
spolu/warp,728259c20eaa38c58fd2384359e47fa4b0add962
Tencent/bk-cmdb,5a64a47fa0f974ec13c64f1695dd055c39ed7e47
aws/aws-lambda-go,85e7bc7d7f9b93c23540f1ace646f60567756d6e
prometheus/alertmanager,d6e758ad3792ce6a78032f6d2ae706f367422e35
tj/mmake,c7cc9d972676d84ee890ad6a1c6183dd708a773f
goinaction/code,49fc99e6affb9aa48cab1889505aa6631ee31ace
volatiletech/sqlboiler,61f428cc02559e31da1b4df2b5a290d5358dad93
alecthomas/chroma,4436c497ee311e32408f0826dc38fb44227f901a
terraform-providers/terraform-provider-aws,d3d77868807f7d0f301776e8899e77801d60d3c9
docker/docker-ce,ba3e1dcd73b5355eeafa585e6215864ab3cedd9d
purpleidea/mgmt,c555478b540ffcab91c30364e63ec67b482f86d3
kardianos/service,a323c3813bc7b3823ee548234bf01b7504fc842e
arnauddri/algorithms,736f5ebe59cfd72b778704fe9ba5e0ba25c775fe
fogleman/gg,af4cd580789b284f1dcb175de2315769ac5bca13
yunabe/lgo,42c42d410fdf64ea6148f63afd6040267a259c20
rakyll/statik,e5988123cababc33df1352cba7df8535f1337326
jenkins-x/jx,38d6b510e64c7ed4e9c3b03d13a2c45cd4b1df38
marcusolsson/tui-go,ca6477dc872b0a65edfe382fe2113032aefe9355
google/codesearch,8ba29bd255b740aee4eb4e4ddb5d7ec0b4d9f23e
google/novm,278237d9ebcaea19695a08151e64555e634442f3
apex/gh-polls,820156017c1e3de466a6efa5b078c2be9d692f67
xtaci/kcp-go,067d61e6c3930f0e966efbca54a837d91a990cbf
heptio/ark,edeec848d3600bfd8320f9399081d34fa0e5b12f
99designs/aws-vault,c0e88261f0a4d73fd45cb7712a91e411096f51f9
nanopack/yoke,7d81075e517825b1e065f592dcbe58ec0b69e52f
golang/net,e898025ed96aa6d08e98132b8dca210e9e7a0cd2
ravenac95/sudolikeaboss,26ec09c1df8adfc77d1fbbdd084d822401ebd3a8
open-policy-agent/opa,c04fdad0eecae5f833bfaebf450b50ce279f2e5b
visualfc/goqt,8c774d7992330d283ceaa8477c82c5dd072b3db9
francoispqt/gojay,1398296d938f9fae26750ddc2fe356b6d897f799
linkedin/Burrow,9bb078a3b7d4de21e66dbe150896a26ec9e4eadc
Ullaakut/cameradar,3991f1625ffdabe58ae098efb64d3e0232be6209
vulcand/oxy,99d4542ee235bdab0fe9f314c2938c0bceaefb7b
vzex/dog-tunnel,8af0b91669d111d3057fb1c875756c803e866286
GoRethink/gorethink,3d6444f3539da72ec8e06fb5c30755515a17e43a
osrg/gobgp,8ab84f8636ee6f86f128850734b7169cff97f922
GeertJohan/go.rice,0634379bb7b1af96fb16686afc301ae7ae9ee8b9
sourcegraph/appdash,ec77a7fbcadcbe26f9f6f70aeb1b216c97592698
gtank/cryptopasta,1f550f6f2f69009f6ae57347c188e0a67cd4e500
ashleymcnamara/gophers,4ddd92f3f0830f5d9a9eab50c410878249fe6515
ok-borg/borg,7b577fd417884a6c26eeb42b23d16a89f5a7dd45
gocql/gocql,bc256bbb90de7113a74ad4d777beeec75eb9c4e7
gocraft/web,9707327fb69b5b93fd722c6b4259a7b414bedac5
divan/expvarmon,8bf297f0fa5dfc8e4509746bb34112a432b7a624
mattn/gom,0ebf2b5d812db32ce94aa1b045817c77ca2929d3
fsouza/go-dockerclient,e481337ba298d9f4ba5ccaf95ff09bf6761ef444
google/mtail,64be5cd9837056ab6ad74fc9bcabb22c4fa5f271
joho/godotenv,ddf83eb33bbb136f62617a409142b74b91dbcff3
jingweno/godzilla,b8ea24a781a02b10f89ad64adfff240814f3870b
nytlabs/streamtools,e8f4fe069fc28749e54f6e6354ed2ffb0e0948a1
serverless/event-gateway,089673d5822bdd533b44f81caf45663671de200d
gokrazy/gokrazy,7d64b6804d934d45ad42aaf93cb66252d55f68d9
cweill/gotests,16a93f6eb6519118b1d282e2f233596a98dd7e96
securego/gosec,1978a52ff471f777b49741c35c5d7b0c6e5ea290
willnorris/imageproxy,09d247ca3014273d067551db6353dd71938e906f
Shopify/go-lua,d8ac5566562da819bd8c1c9e8fac38e3533f4083
matcornic/hermes,b49681588c91ffdbdb768a09fcfb460e535baafe
google/keytransparency,c1d8b03b87f098b18637b89ab17ff4c1c49fd1e2
faceair/youjumpijump,1985d777865fea83466906995bde05acbb49c53c
svent/sift,2ca94717ef0bbf43068f217c8a0dfb216df52225
op/go-logging,970db520ece77730c7e4724c61121037378659d9
mvdan/sh,ec61336f424e93c98dab0ebfaebcab7b8487b5f4
rexray/rexray,362035816046e87f7bc5a6ca745760d09a69a40c
hellofresh/janus,f5c721524e65a0bb7c14e24bb0e69b2ef08b60c6
matthewmueller/joy,e60ec6cf98bbbf7935742e6882fa3d33cadc6a78
upper/db,cb7617e42999485f9d94c799ae3fb62585600662
emitter-io/emitter,63e0c2f132c09a9768aceaa3215dc1c794dab278
opentracing/opentracing-go,bdbb7cc3a1c08db5cc8b3296ec4447544fb43fe3
FiloSottile/whosthere,7464e26635ec2a31289eb80b73a0312764690137
grammarly/rocker,da7d6d0a293bce7b22bcb3afee1d677c144dab8a
golang/vgo,9d567625acf4c5e156b9890bf6feb16eb9fa5c51
aws/amazon-ecs-agent,20fdeeb164e552edb968071dcbe6859f31745956
shen100/wemall,58d7c3d64ff35439f262ffbf699afc188553a7af
youtube/doorman,e2b69e17fa85f7ccda14032ebf0daed034e2e7f7
hu17889/go_spider,85ede20bf88b6861235d89765dacbc732695ab59
github/git-sizer,615b30932d0abf837f30fddca71acb9cb137a073
flosch/pongo2,af96a40c67441cd0115b536609f9d1de2f979821
oklog/ulid,e27283163401f0976ae66bea87938f54c2adf15a
kubicorn/kubicorn,a2c64ce430b93e76c2a7a13b0a3dd2c3bcae748d
nanobox-io/nanobox,c90ca1e72c19edc9225dc949f1ab44185b9c98a6
henrylee2cn/faygo,45476659df1bd713779a06e9b576742ebce29cfe
uber/cherami-server,da747b7be487feeaba1a5d7cb01e71343e6f8452
rakyll/gom,183a9e70f4777aa03d377d21a0ed023a6afac141
s-rah/onionscan,da42865bb5b1a77df6d7a6fa212a86eeff814b61
icexin/gocraft,ac6afbcc707b891f421b6061d520263a74fa5025
Jeffail/gabs,280654410ea84ee0ef9a40fb73155233b66badf5
getgauge/gauge,a4909c915a682af6a49864454359369400b71272
ajvb/kala,d1611ad9170f095a96a45cdb6843f7cb199a706a
google/btree,ac7cc57f11e692c57831c3d9bcffb4b7a649b738
vektah/gqlgen,9a214e80158b78443cfb53bb10059df9c36d352e
rs/zerolog,cdd74175d0c2b76240318987e212c69c55681d88
Yelp/dockersh,75ef5fb36b226b8b37cafc9470a429565a9db12b
olekukonko/tablewriter,74c60be0ef6886d331ebc3c91b2ac0a7971715b6
Azure/brigade,5a08caa9908a6f9315f2f6ae80b780fcfe7a5f11
henrylee2cn/teleport,6bca78a0b5d07e525a0d916b64f292b14b7652f9
moul/advanced-ssh-config,e8c4c40578522d0901fd1da1de26efacc8033d2e
malfunkt/hyperfox,1a8c26fb22ba4e6992eb9fb91e7d6a5c025bfe13
mattn/go-gtk,af2e013261f57706ec683a61f85e8759a3faf6be
barnybug/cli53,4c07f89c5109bdf19e701220d3ae94549a092dda
GoogleCloudPlatform/google-cloud-go,27c3ed022c83e598bacf34fbce47911985e0af35
hybridgroup/gocv,e11806566cdf2482485cc90d92ed320fa920e91a
kubernetes-incubator/cri-o,a78b80c30f9a2b15dde9c8872d8c6aada2f19e5d
nwidger/nintengo,f173d610a4acece3bb01a6564fe0f35b1a0ed7ac
rakyll/coop,2aef2ad58fb7a7df07bfaebfab68105d77eebed8
gruntwork-io/terratest,eca92144b6fc75ff55d42214a9b6ddef9345914c
liuchengxu/blockchain-tutorial,a70cd667f627010f9597980b0e0d0b2b0052677b
ory/ladon,605d13113c35520bb14b10e46dc7ab883bad504d
afex/hystrix-go,fa1af6a1f4f56e0e50d427fe901cd604d8c6fb8a
segmentio/ksuid,32b81bd631414aa0611ad91e45fcefdc3cd05b2a
opencontainers/runtime-spec,20a2d9782986ec2a7e0812ebe1515f73736c6a0c
juju/juju,ab121337d2789d4394988f190481a7c73f7ff772
moncho/dry,009c6b0bbc6f1ffa60ba7ce36dd3a161a92f5407
lastbackend/lastbackend,356704814b6ef841b48fa550cd91e344be78303f
chzyer/readline,2972be24d48e78746da79ba8e24e8b488c9880de
caffix/amass,509e55db6c32c077850670867e861f8983b0ec9e
appc/spec,259c2eebc32df77c016974d5e8eed390d5a81500
minishift/minishift,619cf113720b7973800b46851da5f9bf32b6ca67
ddollar/forego,51d9f6dc5ffb962e7efe4b461eca53d87587012c
docker/libnetwork,64b7a4574d1426139437d20e81c0b6d391130ec8
libgit2/git2go,1e2cb92b4887132563850db0338e701e740f6a6f
ysrc/yulong-hids,173dc4ffbb8ea203b3bf6e7a4b4773665aaaca26
kubernetes/client-go,a31b18a6ac98bbff0dd1055707dfde1b0a98ff68
TrueFurby/go-callvis,faa9a641834cedbcef6c18f6bfbbc765e1f71541
argoproj/argo,b8c01321bcf6cfa9e91911cc02631326b1992483
zalando/skipper,5676cb745da768f18b685ce7e8e3f21c86f409e7
esimov/triangle,58c24137b016f73aa717cf53e38c020341978f4a
cihub/seelog,f561c5e57575bb1e0a2167028b7339b3a8d16fb4
Qihoo360/poseidon,9be3a58756c2c604573075b6e7531f13f5ba7c1c
bcicen/grmon,6c3770b6af49c799bb44af4f1029db5de60b41b1
google/trillian,6862b82f8420159bcfcc13adfda6bbf97672c3c0
siddontang/go-mysql,403f48ffb7cd3a223e2b269f7d22afea4b8b622d
hyperledger-archives/fabric,fd7d34e07fdef96cbc11216337a6aca530dce846
SpectoLabs/hoverfly,04617e49fe347fe35683dd45dfa92e2ed4762606
hpcloud/tail,a1dbeea552b7c8df4b542c66073e393de198a800
gosuri/uiprogress,484b9f69ea000422e1873db136dbb80e30b5de3c
google/stenographer,355604bbf7d36b92bbc74b64e7d4535727bce645
go-zoo/bone,31c3a0bb520c6d7a63dbb942459a3067787a975e
haxpax/gosms,1cb89c41d4578c217782511180a2145d54bc6649
cloudflare/redoctober,99c99a8e75441d7e010730ce14bc6d596fff13bc
muesli/smartcrop,e9d8488ea3a21984b5ab1fa6d999399b1dcd68bc
grpc-ecosystem/go-grpc-middleware,b7b1ffc9f2f67302b418f53c6b46992c9d8f0c22
nsqio/go-nsq,d69e0384aee3ce20f072851f8057a4e9565b4aa2
bmizerany/pat,e4b6760bdd6f5467d6b19ff8f0f85a00938eb64a
securitywithoutborders/hardentools,ad954a81cc415797519890a7e93ebda68194156a
kubernetes-incubator/external-dns,bf3a91f7f79db991b484db92274ed69cc7e81c5f
egonelbre/gophers,10cc13c5e29555ec23f689dc985c157a8d4692ab
go-telegram-bot-api/telegram-bot-api,54104a08f947e08c460c45d195076e48e61f0a26
unrolled/render,a3f5fc8c4d24c8a09720094b04ffa433f6d05eab
src-d/gitbase,c9a16f3b6d8171b595570787fbc2170325c08b48
motemen/ghq,c875403c25e268945946e2926698fb23097e56f4
tidwall/summitdb,df1d9569cffcb76119f6f18016848f7a334226a4
cznic/ql,b60735abf8a0c153d60b21634d650fbaa9e9a288
cloudfoundry/cli,5ffa262bb2e51ba770d456fd169da89ca0b9801f
ssllabs/ssllabs-scan,a7f3d492cc1d025fcb268763ed8909cace1e7d14
cpmech/gosl,889559ad3046f1efb52c78fd5c05ab9759db5836
levigross/grequests,253788527a1af7adb29e20dee7165c2b5b43f08f
julienschmidt/go-http-routing-benchmark,d8f3b858995830fc29e26206d7d4d97ece34528c
inconshreveable/go-update,8152e7eb6ccf8679a64582a66b78519688d156ad
mgechev/revive,d7c8e25652f0cfeaa853c12191adb7d383cd3315
openfaas/faas-netes,6310838eaa1ed5c0e0a377946276071d694dba03
elliotchance/c2go,5420ffae5e7929c73af40b0170df50b578d3d38f
jessevdk/go-flags,3927b71304df5ef738c74bfe7a3216d218a60779
gobuffalo/packr,1968755b25ddccf5a0592a9efdf1425e92d1d412
gophercon/2017-talks,c60ef5018dfbca85367ec7531ade38b5f5f9c92e
metrue/fx,d91a7a09e32b94cebbcf80494307b1af49fbd3e8
ajstarks/svgo,75cfd577ce756c8e348713058bc4ddb69f115775
disintegration/gift,575e249f241f574659e4495fb306c04f86340c13
kidoman/embd,d3d8c0c5c68dc6caccebb7d720f36e64bafd0a62
ory/fosite,c4ff105ec7c4c31811fbfa3674a50a47534a48e4
kisielk/errcheck,8ddee489636a8311a376fc92e27a6a13c6658344
albrow/fo,772d67f7090e5303d9290ee1efb3f098dd115b61
hashicorp/envconsul,7a843ff82ce2a6dab62e9d0b38776e01c8e290b8
shunfei/cronsun,0e5a7b9acb5534c64d003333dee9d714e24dd878
sourcegraph/webloop,abd9d7573123112bda30a8fe320416da8dff2f9c
OJ/gobuster,f7bc13252b4da5d13b2e9d93295da28a1f612125
sciter-sdk/go-sciter,a04e052a28133d8a79c82b53fc861d1e473c0499
olahol/melody,7bd65910e5abdd2e7396c23acb13475bff79d1af
codesenberg/bombardier,9376ab408b30b974ae099ae7ac18a06160895a81
esimov/pigo,83ae3c03c35c8afa7bd4a4fde260e67fe0c730ec
mpolden/ipd,ffa6674637a5bf906d78ae6675f9a4680a78ab7b
crosbymichael/skydock,2f70f3c9c3ff9eb550b634a1222db9499ec3781b
fagongzi/gateway,f43e84942bc1e58299cfdb18a063e6a7dc7cfda2
gocraft/dbr,933808993b221f428b4ed3ce4429739999130de2
antonholmquist/jason,426ade25b261bcb4a7ad58c65badfc731854e92b
42wim/matterbridge,53cafa9f3d0c8be33821fc7338b1da97e91d9cc6
tylerb/graceful,d72b0151351a13d0421b763b88f791469c4f5dc7
virtual-kubelet/virtual-kubelet,68347d4ed1023c6a1b3f1c3d0f29bec67e74e388
StackExchange/dnscontrol,466da65aa7857d0591dcbc3ba9fb594414b59800
stripe/veneur,543048daea63b2f2dec9f88e9f4f713ca35c6897
evilsocket/xray,73f8221df1ad4b88e37f3f86d20dbe2604b70860
nareix/joy4,05a4ffbb53695aaacf9a2e2624472686280ab6dc
valyala/quicktemplate,f15a233858c23fd598b71cf2f11fd9db3989dbdf
google/skylark,a5f7082aabed29c0e429c722292c66ec8ecf9591
hashicorp/go-plugin,d555eeb4b4a65f16bdfd9fb2edc74b7ebd1f7744
wercker/stern,4fa46dd6987fca563d3ab42e61099658f4cade93
genuinetools/binctr,66e393036fad10eb6b9252036d3b90d9ccff7660
asdine/storm,23213e9525985cdd3f0ca079c19b78db7e67b76f
jpillora/overseer,94fc750bf4dc84fc627d444eb29c54028e201083
funny/link,98708916287bbfd05157aa800f91f5e7507bc6dc
matryer/vice,660007f4486b289078664b182d1ecd2a22b29b02
rach/pome,6813a74841c78752ead725f8d6193a13a1577a1e
liangdas/mqant,430bd7bfbf112df94cc35d5030f09069dd59cbd8
adrianco/spigo,168b9637eef536ea16d1d8041910242f69c17d24
google/periph,bd3ec7db7dd7c79a92366663369f0bca155f91e3
takama/daemon,496d69192531c6cb1004380a0be0fcf2031b06f4
keybase/kbfs,a4a00254ce4a3f4cf9d19ca56085d4964f1a7f64
360EntSecGroup-Skylar/ElasticHD,b8f476ac9514b91b12768bee8a63c4deaecab237
cenkalti/backoff,a78d3804c2c84f0a3178648138442c9b07665bda
docker/libcontainer,83a102cc68a09d890cce3b6c2e5c14c49e6373a0
shopspring/decimal,cc4584f0a5ded403bad41e0a4f58e0748aa38fdd
puma/puma-dev,5e49c470cd36fc63b034bd1bebf5e3d2bf106ae5
glycerine/zygomys,19c0bdf4c230eb298cfbeda7289c222783400e4b
dop251/goja,07a7fd9355b4f6f857ec83849ec796a703568c93
go-ini/ini,5e97220809ffaa826f787728501264e9114cb834
huichen/sego,c87651ea5c76a4bf7db76f86cf6e444de6200f0c
golang/crypto,32db794688a5a24a23a43f2a984cecd5b3d8da58
kryptco/kr,1937e31606e4dc0f7263133334d429f956502276
ory/oathkeeper,6cb417c3b38a67e253603510e5a694454516f751
shiyanhui/hero,b892ad78f35c578e8b21c62bc7abf88efe2360f2
bradleyjkemp/memviz,8656e47d4247a056491ee13f7ce8d1406322fc84
rubenv/sql-migrate,55d5740dbbccbaa4934009263b37ba52d837241f
rancher/convoy,23ae8d0da8fde882c9caa228efc39a38bc99f910
mozilla/mig,9e7e4f5258051e9edc94e407821f693e9d8c85ea
facette/facette,202a9990c4a03e633b1af8495019f82763f67e5c
Jguer/yay,2eafbcc03e73cf02dfc911fb94132ce8bfca8c60
ericfreese/rat,78bcc77cacb18ad639a71ae4cab860ab82d5f8de
pulumi/pulumi,233b396f2923ccbaa5af02f597d558c1a0747f52
gdamore/tcell,73703f7ed490e6ae432b4ff5e3e0f421e7460924
hashicorp/memberlist,619135cdd9e5dda8c12f8ceef39bdade4f5899b6
alecthomas/participle,612a3e6efbf30ca7c795d5db9cedcac75aef7aa1
jrallison/go-workers,dbf81d0b75bbe2fd90ef66a07643dd70cb42a88a
michaelmacinnis/oh,f5737b6065e4785fd2b7c8aa3c8afd3fa2ba7c3c
aktau/github-release,100e85543f51525ecafcfb5c9e96119b6dea0aa2
census-instrumentation/opencensus-go,fb455b0a56818b2d4caf7f9bff94764f98a28f29
rcrowley/go-tigertonic,fe6b9f080eb79c071836be5c3e2e534dbdbcddd6
uniqush/uniqush-push,0805cb3332828dd3781735bc5bde1f6553f79f2a
sgreben/jp,5e551d10fba930729382096bdf0034901b0b7fe3
go-resty/resty,70336cb87f39407ce7f8d41ffcd2b40b9729f401
oniony/TMSU,1e6dab9fc21bb8d498af9e45aec10440500b8ea9
snapcore/snapd,e72275b4e841ecb7a814e21544afbb48f6f02d45
astaxie/gopkg,ff844e027c84ccf47eddf200e09ef7eba1f80fac
brutella/hc,91c89ca209d9a247dda0269d3108b81335af93a0
ugorji/go,5b6462b505850ae23ec0444474b85541c85514f6
heptio/contour,4bdb0b636236fd3c5ba726f0ad6be57407878fb2
unrolled/secure,8d2aeb34a1475a5fe0bcf950e4e5840fb1a42a43
leveros/leveros,ba032c212896a455baee282babb4c99699918b31
s3git/s3git,a557e1d83dce999e6d9af40fffb1a8071ad1c0dc
go-opencv/go-opencv,a4fe8ec027ccc9eb8b7d0797db7c76e61083f1db
dbohdan/automatic-api,fba550e4b4e049268bf981f3de96efccc3d243f8
tobyhede/go-underscore,ea55fc9569918f099b1dfa785088434e5c53544d
docopt/docopt.go,ee0de3bc6815ee19d4a46c7eb90f829db0e014b1
looterz/grimd,4aeb67d81448dedb6317dac2fe64c8f814322da1
trustmaster/goflow,b48b2ee88975c4ae5c228f63bed0899ec4ff9c6c
DATA-DOG/go-sqlmock,07eed2a098e9dafef5b368a00e005341398dc6d8
pengwynn/flint,7de6b195eeac55002976fd9c015bae7e01d2c3fd
pravj/geopattern,fe9aff9dff28e03f912d01846f8f00bf462363c4
facebookgo/inject,f23751cae28bef101a38b79266785d3b574cf7e8
sanathp/statusok,da193355eece3c8f87b8d055cb223dae197bd594
tylertreat/BoomFilters,1a82519a3e43a388296ba6cc389e1bc5dff5f7b8
aws/amazon-ecs-cli,6d2b2a62dde166269e6d540133581a8842929ccd
nats-io/nats-streaming-server,27f1d60dc66e6642bde62c3a7361833374b1de89
twitchyliquid64/subnet,30bec6e9eb00bcc47cb36a3772adaf73412a0f92
microcosm-cc/bluemonday,cada0f039b5e2b75cd17eeccc7822e5fa35cfd82
go-task/task,634f8ed574bce79ec9785e799555ef5358ce665f
ilanyu/ReverseProxy,616cf118800f10217ce515a76f65dfa63fff30ae
samuel/go-zookeeper,7117e9ea24146db92d453f4dbf1fd9ba1e262989
slackhq/go-audit,79b68142004c2b95ad1215099323f09dab9c1091
gorilla/sessions,0a84f353f00601bbc2fcf99e8da368ef368b4e51
ChrisRx/dungeonfs,1c33fcaff7278f18b9ddc4d14c90024b75856256
codetainerapp/codetainer,30b2c5bc1ac527f906d446b7d5b12403b4a13354
hajimehoshi/ebiten,3406430956c1425bc0c22c51fe3eb9a041cfa270
abh/geodns,9012140416ff28e2239fff4f9cb17e74fbec5965
xtaci/gonet,7e529c8dbaca6cf426827f9a9aa5ac0076dc24ce
devfeel/dotweb,587bf5ead717b2dc6107882f07592d2197c332ce
alexei-led/pumba,66e0f69e2c3a84fcfde0dd9d4b981eac5c0fb04a
rlmcpherson/s3gof3r,864ae0bf7cf2e20c0002b7ea17f4d84fec1abc14
joyent/containerpilot,8018142368d2b87283180fd6c836a48682309744
hoisie/mustache,6375acf62c69d9d3ad20fd0599d82ca94ea12284
bradfitz/gomemcache,a41fca850d0b6f392931a78cbae438803ea0b886
gencebay/httplive,201502ab031962c9156f94c417de65438f944bdb
hashicorp/go-memdb,542a5804dedaaddf1a0cad8b6a7b0b3fcf438776
gitchain/gitchain,2baefefd1795b358c98335f120738b60966fa09d
mholt/archiver,81fac4ba96e457b3f32c56b848b725351f0470b2
sourcegraph/srclib,28ba5745ba2ee2cbe539a8d696cab64556db542f
Netflix-Skunkworks/go-jira,a59fdc81fcd2b1df0c8146826756b1c289c9918e
ehazlett/interlock,275b8dcc68ad7d3792364aca23c0dd40f744f7fc
bradfitz/goimports,919f4f2bcea0744d4da4ae851fbf818ae11cba87
kelseyhightower/kube-cert-manager,13b573fd3d67a91a0c71ab284b17adb1395803a3
didip/tollbooth,81303df34291efeac254b8aa89db677fb03309de
mop-tracker/mop,7c1fae596cdbd0a99513ba641cdeaf687224bc21
sensu/uchiwa,e319382c7a3ae5fb368816e7bb2c068bc0dc38ab
bcicen/slackcat,5c4e4410002c29da54f9819970c44accd0db0b72
kubernetes/autoscaler,7a123ea388b3822922c506fa394a5caa66bb054c
veandco/go-sdl2,b91317170ac26c513403bdb9c34375ad0eb8f52b
GetStream/vg,0070ca75a1855c7041b8a768f0c36a28e49307cd
natefinch/lumberjack,47ffae23317c5951a2a6267a069cf676edf53eb6
tinode/chat,f7a42cd16d9893a842bcf88caea58e0cad6a9f98
mattbaird/elastigo,2fe47fd29e4b70353f852ede77a196830d2924ec
yahoo/webseclab,c418d54ced8f5604719c99117f6d89e1cd785328
jasonlvhit/gocron,b58ecb26a802722c4b9c3cbff25363fd76d58781
xeipuuv/gojsonschema,b076d39a02e5015af0a2a96636e4cc479ecd9f45
gavv/httpexpect,3894d81aa3bea64af6946448d76c3b0afe8b6df7
montanaflynn/stats,9f9ff6779fe5e0ccd16e098100b2675719745513
ChimeraCoder/anaconda,fba449f7b405a61af4f8a9246bd557f9625bd7be
go-llvm/llgo,4b1e47815369ab6595cbb1a49f32556821c627d7
galeone/tfgo,7d7131a16882e8de38bc9a893eb4a6deb61e2f19
cespare/reflex,01cf5215c3517716ab0fd1ae87ec6093057efab9
square/certstrap,17687043c6aa40489620cfba2d6350d586cda8ed
gonum/plot,92d1f1a8cd5f01d9e841efc0068cc3126ce5f761
mattn/goreman,29e405014c0287260257dc7b21298587229f42d2
Azure/acs-engine,36d434b2a7102ab8f4219f095787c7ab31b5ddd6
RichardKnop/go-oauth2-server,d02a401490d06ce773ac4635e210986dbfaf520e
lovoo/goka,15746b529b7977515329064d7199519410fbb664
thrasher-/gocryptotrader,c9ab0b1164b312489e9d189a5829e68dfd99aa1a
lgtmco/lgtm,e115b1736b95afe4884e1a8bdfae4aa584bbd3ff
dave/jennifer,2abe0ee856a1cfbca4a3327861b51d9c1c1a8592
cdipaolo/goml,bf439dd662aa224c323fe62a37248101bd474244
laurent22/massren,f721006d1e4ee8220a6eea144cfe3b0835a5880f
moby/moby,8fa6126f75f255805fb7f6ffa716d03b4cc7f76d
golang/go,8f397bc1183b1094f8d0c702668b1e2b43dc8797
kubernetes/kubernetes,7a0638da76cb9843def65708b661d2c6aa58ed5a
mholt/caddy,
mholt/caddy,
iikira/BaiduPCS-Go,
b3log/wide,
b3log/pipe,
cristim/autospotting,
adtac/autovpn,
b3log/baidu-netdisk-downloaderx,
eleme/banshee,
